# Blender 3.3.1
# www.blender.org
o Grid
v -0.761616 0.187138 1.002824
v -0.732894 0.161733 1.001303
v -0.733339 0.185775 0.979361
v -0.569735 0.178186 1.001398
v -0.501753 0.131353 1.001692
v -0.517858 0.143502 0.983522
v -0.475628 0.096808 1.001855
v -0.485500 0.135528 0.977531
v -0.451220 0.113537 1.002676
v -0.479420 0.133818 0.952481
v -0.410809 0.135622 0.978361
v -0.374431 0.111292 1.001855
v -0.353930 0.123033 1.000882
v -0.333952 0.125206 1.001855
v -0.319886 0.156797 0.961193
v -0.288952 0.111652 1.001731
v -0.297871 0.143017 0.971303
v -0.314102 0.110052 1.000645
v -0.233599 0.120640 1.001307
v -0.238324 0.131882 0.973308
v -0.212515 0.113079 1.001855
v -0.208306 0.150779 0.969642
v -0.192275 0.121501 1.001855
v -0.163137 0.133531 0.972316
v -0.172036 0.117344 1.001855
v -0.131557 0.119865 1.001855
v -0.128991 0.160987 0.968323
v -0.111317 0.131220 1.001855
v -0.098610 0.147827 0.976646
v -0.091078 0.118417 1.001855
v -0.070838 0.117737 1.001855
v -0.069783 0.175913 0.959975
v -0.050599 0.128751 1.001855
v -0.030224 0.130697 1.003074
v 0.010404 0.140682 1.001908
v -0.017872 0.172259 0.977432
v -0.045910 0.180605 0.971591
v 0.050599 0.155669 1.001855
v 0.089508 0.214716 0.974008
v 0.030563 0.155307 1.000463
v 0.073757 0.160430 1.001298
v 0.111317 0.163994 1.001855
v 0.130013 0.231448 0.963311
v 0.131557 0.161716 1.001855
v 0.151796 0.180376 1.001855
v 0.155228 0.225834 0.969159
v 0.192275 0.173560 1.001855
v 0.206475 0.207684 0.979998
v 0.172305 0.168076 1.003388
v 0.212205 0.159537 1.001973
v 0.255136 0.207612 0.971582
v 0.290381 0.149904 1.000544
v 0.313712 0.141606 1.001855
v 0.333751 0.200475 0.954157
v 0.333952 0.141602 1.001855
v 0.355367 0.171336 0.972062
v 0.354191 0.125580 1.001855
v 0.543983 0.113143 1.001131
v 0.588380 0.116376 1.003137
v 0.525969 0.141922 0.966411
v 0.681714 0.151067 1.003732
v 0.718356 0.172911 0.999941
v 0.657761 0.143482 1.002042
v 0.814952 0.226278 1.002659
v 0.796679 0.273850 0.933287
v 0.740577 0.185313 1.002295
v 0.860741 0.237089 1.002095
v 0.875666 0.276550 0.956315
v 0.902417 0.235460 1.002089
v 0.942003 0.225615 1.001568
v 1.001832 0.195135 1.002050
v 1.001800 0.228331 0.961124
v -0.678151 0.157593 0.961400
v -0.657177 0.146922 0.980527
v -0.676854 0.180241 0.944068
v -0.565703 0.226374 0.944507
v -0.513989 0.183195 0.939620
v -0.357801 0.154623 0.954388
v -0.386315 0.155430 0.959044
v -0.259685 0.160508 0.960226
v 0.031775 0.238054 0.947934
v 0.010606 0.221222 0.949135
v 0.054028 0.217252 0.960574
v 0.288020 0.259049 0.931642
v 0.382089 0.119374 1.003571
v 0.426998 0.120290 1.000502
v 0.414843 0.182088 0.930721
v 0.454893 0.108880 1.000848
v 0.480542 0.149975 0.957079
v 0.481619 0.115535 1.002024
v 0.514733 0.161414 0.944332
v 0.579656 0.153528 0.945674
v 0.637365 0.127412 1.002302
v 0.617324 0.168412 0.938466
v 0.687644 0.210882 0.937494
v 0.718477 0.235282 0.925526
v 0.912391 0.291132 0.930000
v -0.618936 0.159936 1.001450
v -0.613509 0.221931 0.941343
v -0.654314 0.192755 0.918744
v -0.453796 0.145850 0.954151
v -0.434000 0.150235 0.940323
v -0.394627 0.179712 0.922569
v -0.328941 0.172859 0.933177
v -0.283194 0.187128 0.929684
v -0.221027 0.174225 0.941015
v -0.151760 0.175503 0.921994
v -0.157502 0.175562 0.943272
v -0.096847 0.178808 0.956487
v -0.059484 0.221907 0.935430
v -0.013792 0.232313 0.946278
v 0.037267 0.280340 0.926125
v 0.093376 0.279333 0.937196
v 0.184249 0.286427 0.933920
v 0.218675 0.274854 0.934112
v 0.344553 0.218046 0.929084
v 0.438978 0.175939 0.937625
v 0.568732 0.176243 0.920230
v 0.650806 0.199124 0.922234
v 0.981013 0.258350 0.937400
v 1.002539 0.243426 0.935986
v -0.757818 0.228588 0.949229
v -0.723317 0.193868 0.949088
v -0.716138 0.222010 0.905900
v -0.674724 0.205582 0.896135
v -0.486879 0.193385 0.918863
v -0.410253 0.187876 0.906939
v -0.354191 0.186754 0.920897
v -0.373639 0.157763 0.931500
v -0.310861 0.190130 0.920002
v -0.233706 0.174625 0.913222
v -0.178964 0.185928 0.923251
v -0.036529 0.236052 0.913243
v -0.011358 0.261524 0.904834
v 0.391737 0.194996 0.935896
v 0.384369 0.227782 0.910897
v 0.498386 0.180207 0.919303
v 0.460967 0.180498 0.914657
v 0.859218 0.305917 0.911431
v 0.821219 0.325972 0.862167
v -0.387985 0.209652 0.898887
v -0.346421 0.187316 0.895114
v -0.313106 0.201568 0.884534
v -0.287718 0.199548 0.869978
v 0.741685 0.267493 0.894527
v 0.709396 0.245616 0.892707
v 0.802209 0.297169 0.887838
v 0.909039 0.321974 0.873584
v 0.940227 0.271147 0.946901
v 0.947686 0.307642 0.885890
v 1.001058 0.270066 0.900736
v -0.635224 0.248506 0.875686
v -0.366438 0.205491 0.881103
v 0.874471 0.328573 0.876837
v 1.001709 0.288201 0.869720
v -0.683062 0.236604 0.844283
v -0.367626 0.222658 0.859908
v -0.323514 0.213408 0.860723
v 0.769340 0.296662 0.876128
v 0.755810 0.300067 0.833295
v 0.955334 0.321781 0.843372
v -0.665429 0.252274 0.800960
v -0.604643 0.291632 0.875874
v -0.412242 0.230747 0.867911
v -0.378565 0.242273 0.834476
v 0.714941 0.269680 0.816064
v 0.679275 0.251845 0.834491
v 0.796640 0.314076 0.839199
v 0.833717 0.325966 0.824550
v 0.897108 0.340869 0.839765
v -0.716150 0.247147 0.857656
v -0.693181 0.251636 0.810123
v -0.298110 0.232780 0.823830
v -0.338122 0.235270 0.816317
v 0.968884 0.311688 0.786980
v 0.920081 0.334282 0.820164
v -0.612125 0.320051 0.834769
v -0.640703 0.279732 0.767617
v -0.614052 0.335864 0.794955
v -0.404469 0.270105 0.835840
v -0.371693 0.253671 0.792097
v 0.870759 0.346322 0.820199
v 0.870677 0.330699 0.793192
v 1.001655 0.295840 0.819183
v 0.999919 0.284526 0.796480
v -0.680331 0.245839 0.770523
v -0.336508 0.241336 0.766469
v -0.293659 0.243482 0.775903
v -0.716990 0.240097 0.754399
v -0.744161 0.256385 0.757436
v -0.393648 0.275248 0.792183
v -0.390644 0.266143 0.751530
v -0.341117 0.238690 0.737889
v -0.362738 0.247949 0.746152
v -0.315554 0.233213 0.727859
v -0.682404 0.227065 0.721260
v -0.635009 0.262328 0.727123
v -0.352725 0.235839 0.708447
v -0.387589 0.256028 0.717107
v -0.276659 0.240832 0.724225
v 0.410457 0.298433 0.756491
v 0.392469 0.274955 0.736584
v 0.365381 0.263322 0.708365
v -0.743400 0.252184 0.730227
v -0.660310 0.229171 0.710642
v -0.694559 0.196598 0.690831
v -0.737204 0.194221 0.669916
v -0.629966 0.266639 0.687789
v -0.357348 0.216351 0.654456
v -0.385240 0.244057 0.682065
v -0.324257 0.220235 0.688886
v -0.288438 0.217897 0.689598
v -0.310708 0.202440 0.660707
v -0.681967 0.165936 0.657042
v -0.647074 0.202718 0.649010
v -0.400654 0.235463 0.644921
v -0.397857 0.250680 0.670465
v -0.689402 0.155969 0.632951
v -0.367230 0.196021 0.606806
v -0.398337 0.215975 0.611504
v -0.324108 0.186179 0.627107
v -0.298319 0.187148 0.644058
v -0.285165 0.171084 0.629699
v -0.739478 0.151055 0.607168
v -0.761201 0.195051 0.630318
v -0.698016 0.117621 0.600078
v -0.638845 0.168756 0.609183
v -0.347500 0.173451 0.587795
v -0.306310 0.161451 0.601230
v -0.660062 0.125140 0.586479
v -0.383482 0.183368 0.575584
v -0.394879 0.203529 0.581115
v -0.767975 0.141247 0.559222
v -0.630781 0.152437 0.553775
v -0.287696 0.136060 0.576196
v -0.329443 0.153744 0.568986
v -0.700163 0.111748 0.572847
v -0.658407 0.094839 0.534450
v -0.376577 0.162708 0.543412
v -0.330387 0.136776 0.533826
v -0.292539 0.121299 0.541938
v 0.403649 0.068997 0.563490
v 0.443482 0.052810 0.559171
v 0.412725 0.058985 0.539580
v -0.259970 0.120394 0.565429
v -0.271184 0.101356 0.534813
v -0.204633 0.067436 0.553479
v -0.199653 0.065338 0.535764
v -0.233801 0.092191 0.550592
v -0.043329 0.057278 0.544933
v 0.001287 0.094016 0.561374
v -0.002654 0.071218 0.537474
v 0.039650 0.129541 0.565657
v 0.052324 0.065372 0.531004
v 0.435934 0.051841 0.519147
v 0.475298 0.043388 0.540221
v -0.710217 0.078580 0.530147
v -0.737141 0.085064 0.494789
v -0.753434 0.106932 0.510485
v -0.697735 0.087953 0.551900
v -0.665883 0.095895 0.516132
v -0.367834 0.141765 0.503838
v -0.406395 0.154797 0.498328
v -0.345995 0.130583 0.501656
v -0.313992 0.112480 0.498651
v -0.183671 0.041059 0.515320
v -0.227028 0.065057 0.497700
v -0.144189 0.039091 0.539562
v -0.153145 0.045768 0.512872
v -0.119028 0.073188 0.562080
v -0.118066 0.036224 0.518081
v -0.067860 0.068504 0.544204
v -0.065573 0.030483 0.517331
v -0.083770 0.038211 0.507612
v 0.006104 0.040176 0.513372
v 0.035168 0.054053 0.512329
v 0.095868 0.088833 0.532984
v 0.097176 0.050134 0.511470
v 0.064513 0.058466 0.508937
v 0.143118 0.085911 0.532879
v 0.127365 0.063585 0.507153
v 0.160842 0.049712 0.505791
v 0.164838 0.117956 0.548517
v 0.201700 0.088928 0.545655
v 0.221352 0.049383 0.505583
v 0.238074 0.097709 0.537770
v 0.262112 0.084904 0.544932
v 0.264671 0.046697 0.511800
v 0.291766 0.094695 0.553792
v 0.359994 0.066975 0.547732
v 0.371161 0.035444 0.515658
v 0.292955 0.045853 0.510392
v 0.480213 0.032510 0.513795
v 0.547568 0.078197 0.550401
v 0.536976 0.049720 0.508721
v 0.804940 0.332581 0.535378
v 0.799460 0.356577 0.516107
v 0.796053 0.341827 0.499984
v -0.691724 0.060119 0.489299
v -0.617074 0.144609 0.477230
v -0.358007 0.133621 0.494254
v -0.268210 0.087692 0.497423
v -0.212341 0.052352 0.486356
v -0.232754 0.069774 0.495868
v -0.195624 0.040797 0.471270
v -0.129088 0.036606 0.484782
v -0.102889 0.031896 0.463414
v -0.028176 0.022238 0.480289
v -0.007250 0.033447 0.483996
v 0.185277 0.024262 0.478779
v 0.300388 0.063777 0.534621
v 0.439642 0.020997 0.489493
v -0.726584 0.074668 0.475883
v -0.759630 0.081659 0.449760
v -0.361069 0.128540 0.476574
v -0.397905 0.145649 0.477270
v -0.167536 0.037411 0.471779
v -0.064027 0.028406 0.462178
v 0.043703 0.025465 0.477737
v 0.143875 0.028774 0.466127
v -0.650825 0.079927 0.490384
v -0.634944 0.106861 0.428550
v -0.674309 0.066999 0.464108
v -0.397373 0.135204 0.444730
v -0.300159 0.089375 0.454564
v -0.339535 0.107509 0.448773
v -0.262720 0.067144 0.448801
v -0.222743 0.047578 0.452505
v -0.148736 0.030298 0.434770
v -0.016436 0.023702 0.431749
v 0.051106 0.023316 0.420338
v 0.098256 0.034228 0.463969
v 0.075850 0.026886 0.442720
v 0.183274 0.021565 0.446462
v 0.213916 0.013058 0.441974
v 0.269016 0.021205 0.478351
v 0.294849 0.010991 0.442199
v 0.347180 0.025474 0.474938
v 0.385311 0.021866 0.495461
v 0.367917 0.022103 0.428765
v 0.441970 0.009242 0.449345
v -0.864771 0.183418 0.453687
v -0.892375 0.198779 0.424135
v -0.925569 0.228695 0.430064
v -0.615894 0.146728 0.423025
v -0.386245 0.126013 0.429358
v -0.408632 0.137231 0.418546
v -0.192439 0.033780 0.435828
v -0.169662 0.033781 0.447487
v 0.110517 0.024855 0.408338
v 0.152181 0.025370 0.431978
v 0.247597 0.016727 0.415490
v 0.512105 0.025523 0.445575
v 0.555864 0.038446 0.446906
v 0.545289 0.022766 0.407055
v -1.002169 0.252130 0.424125
v -0.954559 0.243591 0.450935
v -0.974606 0.254507 0.403476
v -0.862236 0.185561 0.412945
v -0.832589 0.151055 0.447676
v -0.715867 0.062123 0.440672
v -0.697992 0.053813 0.399461
v -0.674556 0.054608 0.421110
v -0.369764 0.109974 0.411672
v -0.370416 0.121481 0.442287
v -0.322777 0.087728 0.410766
v -0.293398 0.075464 0.423682
v -0.280059 0.062528 0.404261
v -0.247056 0.046230 0.413105
v -0.222180 0.035356 0.419482
v -0.021957 0.018657 0.386759
v -0.069461 0.019391 0.381810
v 0.200980 0.020104 0.417997
v 0.295976 0.019862 0.392695
v 0.490610 0.019078 0.430030
v 0.515738 0.017464 0.382786
v 0.451303 0.011070 0.385077
v -0.921552 0.229653 0.399614
v -0.889136 0.201154 0.373064
v -0.747088 0.075564 0.399403
v -0.797989 0.124798 0.421603
v -0.682882 0.064739 0.388900
v -0.659265 0.082137 0.372325
v -0.380566 0.093917 0.381439
v -0.403881 0.114660 0.392625
v -0.347485 0.093652 0.370696
v -0.301054 0.072772 0.400935
v -0.185975 0.026453 0.408707
v -0.226649 0.018790 0.380508
v -0.088139 0.026205 0.427360
v -0.125982 0.023935 0.389457
v -0.001061 0.019970 0.397782
v 0.012466 0.017324 0.373947
v 0.023087 0.020560 0.397580
v 0.176064 0.023159 0.388372
v 0.232901 0.021607 0.383174
v 0.337566 0.020836 0.386322
v 0.396020 0.011142 0.376634
v 0.362518 0.019476 0.373866
v -0.951833 0.238696 0.376606
v -0.922663 0.223621 0.357253
v -0.818002 0.134982 0.427086
v -0.789571 0.106916 0.376808
v -0.739770 0.069415 0.349932
v -0.701777 0.066720 0.372375
v -0.307921 0.066684 0.365567
v -0.268074 0.049285 0.374516
v -0.175778 0.023089 0.383618
v -0.112996 0.018577 0.357079
v -0.033699 0.013276 0.347343
v 0.070737 0.018945 0.362869
v 0.210222 0.025310 0.340833
v 0.149622 0.022813 0.347031
v 0.267696 0.024937 0.343487
v 0.325880 0.023091 0.348107
v 0.435666 0.023633 0.354144
v 0.552798 0.029368 0.375117
v -0.891998 0.210116 0.343886
v -0.806758 0.129420 0.323078
v -0.696820 0.058273 0.350762
v -0.678917 0.069868 0.334075
v -0.379418 0.071829 0.338109
v -0.411104 0.093988 0.351830
v -0.159791 0.026348 0.351558
v -0.207085 0.012890 0.336516
v 0.039248 0.012963 0.350088
v 0.387552 0.021472 0.326542
v 0.446910 0.018705 0.339923
v 0.535317 0.024011 0.341250
v -1.002098 0.255517 0.342775
v -0.973964 0.253111 0.327828
v -0.331828 0.066688 0.344702
v -0.318126 0.041195 0.321680
v -0.284106 0.032458 0.334120
v -0.085361 0.011791 0.331841
v -0.070838 0.002239 0.333952
v -0.013004 0.010618 0.309602
v 0.192557 0.028711 0.297662
v 0.250467 0.031369 0.286394
v -0.934773 0.239466 0.347692
v -0.940506 0.240685 0.299058
v -1.001716 0.253222 0.282018
v -0.922470 0.224262 0.287808
v -0.901587 0.204974 0.307161
v -0.875791 0.197980 0.282030
v -0.848874 0.164120 0.286188
v -0.734697 0.070030 0.311697
v -0.340977 0.059811 0.315507
v -0.386735 0.047090 0.301783
v -0.280571 0.027612 0.306115
v -0.240939 0.025458 0.353733
v -0.236494 0.018047 0.321811
v -0.123757 0.011576 0.330357
v -0.118798 0.021226 0.312705
v -0.163051 0.010829 0.318644
v -0.055952 0.003222 0.307098
v 0.041635 0.010267 0.313504
v 0.089857 0.020883 0.320463
v 0.124994 0.017756 0.333481
v 0.162224 0.021519 0.296852
v 0.339775 0.028511 0.300262
v 0.296313 0.028694 0.308467
v 0.370039 0.027988 0.291312
v 0.562714 0.039690 0.333873
v 0.557435 0.064873 0.288915
v 0.517643 0.033542 0.314609
v -0.676543 0.066783 0.310608
v -0.678182 0.068764 0.280685
v -0.655939 0.087461 0.272735
v -0.605398 0.181591 0.303644
v -0.617431 0.156683 0.293502
v -0.353844 0.018621 0.272977
v -0.319385 0.022235 0.288490
v -0.217677 -0.001518 0.281101
v -0.250192 0.002258 0.280461
v -0.190141 0.003953 0.285705
v -0.163782 0.001679 0.293005
v -0.134172 -0.006431 0.284629
v -0.099772 0.001852 0.292844
v 0.081538 0.006391 0.285448
v 0.395426 0.027405 0.274677
v 0.497064 0.027364 0.295895
v -0.960783 0.247035 0.250146
v -0.813155 0.139522 0.243683
v -0.767967 0.096258 0.300791
v -0.742844 0.076188 0.270711
v -0.798735 0.120423 0.263806
v -0.709295 0.073241 0.266647
v -0.622674 0.153398 0.272480
v -0.161787 -0.004981 0.269037
v 0.127282 0.019210 0.272263
v 0.173459 0.035933 0.265282
v 0.474673 0.036318 0.266045
v 0.420357 0.014962 0.273559
v 0.494389 0.052519 0.265496
v 0.516041 0.051732 0.269962
v 0.538080 0.078490 0.266353
v -1.002087 0.255423 0.247726
v -0.918240 0.226945 0.241968
v -0.777051 0.116931 0.249358
v -0.677377 0.073898 0.255451
v 0.136199 0.015292 0.241696
v 0.266635 0.041673 0.203496
v 0.214412 0.034374 0.251000
v 0.360677 0.034581 0.256403
v 0.401453 0.041417 0.253717
v 0.559778 0.105356 0.257083
v -0.836839 0.165931 0.217246
v -0.795777 0.142002 0.208685
v -0.738333 0.084969 0.231714
v -0.609995 0.135218 0.228042
v 0.160840 0.029887 0.217392
v 0.190132 0.041066 0.201597
v 0.332377 0.040954 0.206489
v 0.307273 0.034633 0.260253
v 0.379700 0.039738 0.207200
v 0.495868 0.072835 0.232754
v 0.517821 0.072203 0.227673
v 0.556431 0.112786 0.207491
v -0.876323 0.206781 0.200542
v -0.754411 0.105463 0.206301
v -0.579442 0.178209 0.243382
v -0.561093 0.120396 0.212992
v 0.213850 0.051786 0.188775
v 0.424067 0.044417 0.187456
v 0.443227 0.043079 0.240254
v 0.464927 0.066828 0.187434
v 0.483303 0.061445 0.208049
v -0.936632 0.243546 0.181289
v -1.001902 0.250112 0.225996
v -0.681940 0.073171 0.229841
v -0.687549 0.069631 0.178814
v -0.711726 0.077656 0.199617
v -0.644931 0.078846 0.214553
v -0.645884 0.049686 0.191938
v -0.611928 0.055491 0.189260
v 0.493403 0.096561 0.180125
v 0.528142 0.103563 0.175639
v 0.560464 0.134625 0.183839
v -0.971385 0.254506 0.161489
v -0.886857 0.215022 0.144162
v -0.830436 0.172364 0.174891
v -0.795154 0.158948 0.152779
v -0.757817 0.121188 0.164274
v -0.649853 0.029678 0.156703
v -0.569072 0.035008 0.179511
v 0.160813 0.019536 0.176913
v 0.271215 0.044893 0.148056
v 0.318318 0.046481 0.145289
v 0.394670 0.030430 0.172036
v 0.366419 0.045129 0.165973
v 0.450085 0.070597 0.156329
v -0.911519 0.238087 0.136907
v -0.864300 0.209204 0.172368
v -0.848338 0.194337 0.148817
v -0.722359 0.088800 0.145796
v -0.703244 0.078773 0.148222
v 0.233856 0.043598 0.144774
v 0.178337 0.033146 0.143261
v 0.377767 0.053540 0.120989
v 0.399607 0.057067 0.143268
v 0.478650 0.084509 0.146563
v 0.495878 0.085539 0.140555
v 0.530805 0.139120 0.147418
v -0.912791 0.244428 0.113665
v -0.858902 0.213113 0.124249
v -0.810901 0.175461 0.111015
v -0.768469 0.142121 0.105237
v 0.542190 0.150635 0.129980
v -0.978577 0.261604 0.116549
v -1.001951 0.254288 0.153116
v -0.939269 0.253688 0.102051
v -0.670730 0.052581 0.090589
v -0.657816 0.029404 0.119407
v -0.339364 0.014723 0.139590
v -0.327703 0.014723 0.109426
v -0.371719 0.014723 0.122395
v -0.310412 0.014723 0.138093
v 0.274454 0.043160 0.102631
v 0.438958 0.067355 0.113214
v 0.476170 0.099589 0.108192
v 0.515406 0.141455 0.112419
v 0.537591 0.135284 0.101130
v -0.882852 0.226064 0.063578
v -0.846103 0.216357 0.051337
v -0.832357 0.194813 0.073773
v -0.794128 0.162746 0.080895
v -0.765156 0.149993 0.074028
v -0.731870 0.115391 0.126698
v -0.741784 0.120730 0.075128
v -0.704618 0.107782 0.077637
v -0.465264 0.014723 0.111884
v -0.472770 0.075292 0.070387
v -0.526724 0.075292 0.083459
v -0.451375 0.075292 0.092695
v -0.422316 0.014723 0.113249
v 0.209750 0.032350 0.085400
v 0.397211 0.053174 0.086035
v 0.350423 0.049911 0.072472
v 0.512453 0.138343 0.089487
v -0.926917 0.254939 0.067156
v -0.968226 0.256556 0.055164
v -0.655596 0.067367 0.063912
v -0.279499 0.014723 0.103844
v 0.409426 0.061746 0.071180
v 0.435149 0.086887 0.070838
v 0.504068 0.144234 0.061065
v 0.470894 0.090888 0.076367
v 0.541895 0.162249 0.070190
v -0.767968 0.161002 0.051458
v -0.785162 0.163509 0.029651
v -0.720908 0.116614 0.037455
v -0.682972 0.092691 0.040731
v -0.633877 0.031490 0.084072
v -0.627575 0.082668 0.047322
v -0.598874 0.075292 0.071755
v -0.605618 0.075292 0.035770
v -0.566664 0.075292 0.068414
v -0.575946 0.075292 0.025996
v -0.528058 0.075292 0.048092
v -0.483044 0.075292 0.040418
v -0.453484 0.075292 0.041204
v 0.434928 0.076972 0.040980
v 0.455389 0.093904 0.050599
v 0.503945 0.121140 0.024500
v -0.970300 0.266191 0.030352
v -1.001785 0.254399 0.015360
v -0.935361 0.253041 0.023328
v -0.891402 0.246183 0.028811
v -0.744313 0.134651 0.025985
v -0.648426 0.094068 0.029048
v 0.166250 0.021589 0.045153
v 0.202979 0.027266 0.017938
v 0.275038 0.035327 0.026204
v 0.347396 0.042433 0.012683
v 0.411679 0.059758 0.017781
v 0.466648 0.082615 0.030301
v -0.974892 0.261600 0.001481
v -0.767838 0.157871 -0.007658
v -0.708244 0.112828 -0.006808
v -0.674858 0.084532 -0.009980
v -0.649393 0.109777 -0.016991
v -0.513199 0.075292 -0.005534
v -0.534785 0.075292 -0.005372
v 0.141086 0.013096 -0.003921
v 0.234622 0.027120 -0.008537
v 0.435940 0.083685 0.009948
v 0.475679 0.109156 0.010817
v 1.001855 0.424541 0.030359
v 1.001855 0.414048 0.010120
v 0.983718 0.440715 -0.007492
v -0.963272 0.256115 -0.017321
v -0.919243 0.253289 -0.022729
v -0.880026 0.227472 0.006868
v -0.861326 0.227360 -0.027231
v 0.471483 0.083033 -0.009275
v 0.496233 0.140427 -0.009991
v -1.001873 0.262130 -0.012315
v -0.779407 0.155087 -0.038140
v -0.815678 0.192420 -0.026730
v -0.740399 0.127872 -0.060987
v -0.676324 0.086208 -0.057404
v -0.714315 0.086326 -0.045467
v -0.552917 0.075292 0.005975
v -0.593188 0.075292 -0.056036
v -0.604197 0.075292 -0.033623
v -0.527568 0.075292 -0.048815
v 0.193458 0.020551 -0.027441
v 0.263852 0.026127 -0.043981
v 0.425533 0.055704 -0.045366
v 0.454776 0.089320 -0.035807
v 0.471881 0.088010 -0.042581
v 0.494255 0.121139 -0.039014
v 1.001855 0.384626 -0.010120
v 1.001855 0.419769 -0.030359
v -0.926911 0.250729 -0.054276
v -0.637090 0.109899 -0.051452
v 0.319935 0.032238 -0.018740
v 0.327718 0.025554 -0.050480
v 0.519720 0.147709 -0.026335
v 0.536172 0.133580 -0.069581
v 0.546378 0.178918 -0.029692
v -0.955207 0.251219 -0.088709
v -0.961385 0.263684 -0.063085
v -0.872272 0.221552 -0.081748
v -0.839898 0.199805 -0.033628
v -0.834998 0.191699 -0.101716
v -0.773908 0.152510 -0.066859
v -0.704249 0.104547 -0.066230
v -0.658862 0.091375 -0.086431
v -0.620109 0.086326 -0.069423
v -0.542507 0.075292 -0.082877
v -0.561542 0.075292 -0.067988
v -0.509844 0.075292 -0.072100
v 0.450737 0.071703 -0.080534
v 0.474721 0.098581 -0.080693
v 0.499705 0.098938 -0.080250
v 0.520264 0.134428 -0.082818
v -1.001895 0.257543 -0.074234
v -0.910675 0.240407 -0.101766
v -0.814595 0.167551 -0.108457
v -0.761433 0.134212 -0.092429
v -0.717013 0.102416 -0.103109
v -0.690147 0.102416 -0.104336
v -0.625504 0.086326 -0.095101
v -0.589362 0.086326 -0.095389
v -0.511994 0.075292 -0.109437
v 0.322105 0.026251 -0.084271
v 0.423828 0.040533 -0.110784
v 0.548831 0.165120 -0.103871
v -1.001649 0.252128 -0.113003
v -0.959226 0.249728 -0.129512
v -0.916964 0.239590 -0.148490
v -0.756813 0.102416 -0.118349
v -0.740435 0.086326 -0.142713
v -0.629000 0.086326 -0.133700
v -0.535849 0.075292 -0.122653
v -0.582696 0.086326 -0.127000
v 0.382546 0.033762 -0.032589
v 0.387506 0.028430 -0.117398
v 0.475628 0.080183 -0.111317
v 0.496602 0.116771 -0.115989
v 0.526715 0.118489 -0.126369
v -0.826654 0.179073 -0.143062
v -0.685898 0.102416 -0.140641
v -0.658854 0.073468 -0.136870
v -0.557135 0.075292 -0.139285
v 0.320460 0.021821 -0.148313
v 0.427908 0.026082 -0.131240
v 0.494138 0.094061 -0.135526
v -0.980318 0.257515 -0.132292
v -0.890074 0.218024 -0.144136
v -0.742830 0.086326 -0.178666
v -0.610821 0.086326 -0.151314
v -0.539864 0.075292 -0.174751
v 0.393956 0.013768 -0.169895
v 0.429956 0.037042 -0.163819
v 0.515736 0.091308 -0.155323
v -0.963444 0.248486 -0.181425
v -1.001668 0.255114 -0.191167
v -0.940131 0.231233 -0.178520
v -0.909265 0.224303 -0.171901
v -0.808995 0.144751 -0.172166
v -0.784941 0.102416 -0.189352
v -0.686443 0.048571 -0.178236
v -0.651200 0.086326 -0.173921
v -0.562640 0.075292 -0.178817
v -0.591787 0.075292 -0.183926
v -0.503101 0.075292 -0.156503
v -0.516107 0.075292 -0.172036
v 0.329068 0.018478 -0.213514
v 0.463752 0.075862 -0.131965
v 0.467220 0.043443 -0.173594
v 0.496835 0.072757 -0.196619
v 0.558778 0.111037 -0.186148
v -0.937760 0.233800 -0.210658
v -0.868665 0.202881 -0.191571
v -0.635046 0.082600 -0.203008
v -0.515637 0.075292 -0.209681
v 0.426978 0.028810 -0.208760
v 0.535120 0.099789 -0.205059
v -0.968097 0.244463 -0.227466
v -0.825763 0.102416 -0.214573
v -0.800491 0.086326 -0.221591
v -0.745813 0.086326 -0.211950
v -0.723567 0.063055 -0.207464
v -0.678007 0.046273 -0.211614
v -0.612585 0.086326 -0.242858
v -0.560154 0.075292 -0.211913
v -0.530319 0.075292 -0.212124
v 0.402607 0.019110 -0.234522
v 0.528728 0.065184 -0.238471
v 0.558683 0.086393 -0.229737
v -0.923029 0.231371 -0.254119
v -0.846481 0.166340 -0.241812
v -0.789251 0.086326 -0.259826
v -0.676615 0.102416 -0.251396
v -0.645560 0.102416 -0.257631
v 0.302071 0.020227 -0.253301
v 0.477670 0.025981 -0.257806
v 0.480064 0.044274 -0.226834
v 0.535186 0.043742 -0.272913
v -1.001778 0.248191 -0.246878
v -0.975199 0.245123 -0.267750
v -0.816501 0.102416 -0.250802
v -0.759711 0.086326 -0.255016
v -0.739226 0.079542 -0.249690
v -0.702993 0.102416 -0.252935
v 0.410258 0.005296 -0.269113
v 0.370401 0.012610 -0.264395
v 0.448607 0.013323 -0.247139
v 0.444320 0.018530 -0.274919
v 1.002999 0.278182 -0.216542
v 1.002227 0.244717 -0.255370
v 0.981616 0.239985 -0.252994
v -0.942846 0.241762 -0.284043
v -0.909537 0.215734 -0.275102
v -0.882030 0.194658 -0.262554
v -0.848689 0.179221 -0.295191
v -0.754900 0.102416 -0.280070
v -0.616258 0.102416 -0.278708
v -0.645963 0.102416 -0.287146
v 0.512354 0.039677 -0.286370
v 0.555210 0.055279 -0.274956
v 0.584992 0.096282 -0.250300
v 0.650042 0.159164 -0.290055
v 0.622174 0.114063 -0.285261
v 0.758981 0.272372 -0.252994
v 0.771006 0.282355 -0.288430
v 0.733216 0.267148 -0.265298
v 0.782280 0.320631 -0.255298
v 0.817574 0.330859 -0.256223
v 0.836788 0.349745 -0.247425
v 0.850737 0.276701 -0.286021
v 0.867338 0.355418 -0.248151
v 0.878412 0.309822 -0.287653
v 0.900258 0.338928 -0.245290
v 0.901528 0.293431 -0.275687
v 0.956413 0.272417 -0.272277
v -0.830086 0.149970 -0.269618
v -0.790662 0.086326 -0.310262
v -0.766814 0.086326 -0.305071
v -0.712468 0.102416 -0.300132
v -0.683952 0.102416 -0.288593
v -0.603172 0.072947 -0.310081
v 0.420077 0.019014 -0.303337
v 0.467065 0.008915 -0.309155
v 0.492931 0.029109 -0.307770
v 0.642031 0.140564 -0.301629
v 0.696935 0.203487 -0.274845
v 0.730473 0.221517 -0.282775
v 0.715138 0.226460 -0.294458
v 0.805749 0.270671 -0.295182
v 0.931103 0.302768 -0.261753
v 0.924420 0.280793 -0.295779
v 0.963074 0.229096 -0.306651
v 1.001855 0.199695 -0.273233
v 1.001855 0.176612 -0.293473
v -0.894263 0.213923 -0.338095
v -0.857585 0.186291 -0.323624
v -0.694569 0.102416 -0.340444
v -0.676674 0.086326 -0.325987
v 0.384931 0.024904 -0.334043
v 0.516107 0.025417 -0.313712
v 0.541095 0.051670 -0.309080
v 0.590757 0.086590 -0.298168
v 0.685435 0.184870 -0.307115
v 0.731969 0.215251 -0.308970
v 0.758981 0.243785 -0.313712
v 0.799460 0.274141 -0.313712
v 0.849116 0.273777 -0.313792
v 0.892697 0.249906 -0.317990
v 0.922388 0.216697 -0.325451
v 1.001855 0.181364 -0.313712
v -0.827956 0.161650 -0.315812
v -0.773987 0.159102 -0.349984
v -0.733341 0.102416 -0.354529
v 0.298860 0.035861 -0.351482
v 0.416725 0.032880 -0.345872
v 0.447442 0.025507 -0.343044
v 0.494543 0.039122 -0.346153
v 0.541460 0.055173 -0.334323
v 0.574787 0.090919 -0.312502
v 0.571911 0.101211 -0.347646
v 0.601600 0.103726 -0.334141
v 0.666086 0.183302 -0.343535
v 0.639175 0.152464 -0.341917
v 0.692388 0.196643 -0.350366
v 0.739133 0.234746 -0.333898
v 0.760122 0.217978 -0.342576
v 0.820954 0.231889 -0.350893
v 0.868057 0.229814 -0.332038
v 0.935458 0.213271 -0.342658
v 0.957694 0.196135 -0.347734
v 1.001855 0.157910 -0.333952
v -0.861534 0.213155 -0.372012
v -0.841266 0.188548 -0.359335
v -0.655637 0.072947 -0.339079
v -0.618570 0.102416 -0.355628
v 0.355958 0.045222 -0.386063
v 0.398092 0.039154 -0.376920
v 0.485495 0.063303 -0.389731
v 0.617305 0.159633 -0.354191
v 0.576129 0.100071 -0.353854
v 0.734309 0.221139 -0.362505
v 0.782232 0.236922 -0.322192
v 0.781069 0.252341 -0.354401
v 0.897348 0.216611 -0.356742
v 1.001855 0.149978 -0.354191
v -0.956234 0.246245 -0.351496
v -0.942388 0.247667 -0.377085
v -1.001709 0.253508 -0.384688
v -0.879309 0.213926 -0.385783
v -0.783486 0.173857 -0.371997
v -0.728895 0.102416 -0.376880
v -0.681916 0.102416 -0.382054
v 0.438776 0.047090 -0.375367
v 0.610883 0.143899 -0.378357
v 0.566770 0.118268 -0.375359
v 0.647234 0.172292 -0.371807
v 0.767971 0.230247 -0.374878
v 0.793649 0.229468 -0.385722
v 0.819546 0.244073 -0.386703
v 0.852708 0.220237 -0.357308
v 0.843527 0.218257 -0.387918
v 0.931399 0.174398 -0.372977
v 1.002368 0.121885 -0.374982
v -0.916657 0.233952 -0.417745
v -0.975953 0.248382 -0.426203
v -0.827520 0.194108 -0.387056
v -0.784056 0.165002 -0.394729
v -0.758823 0.102416 -0.374361
v -0.758908 0.102416 -0.394638
v -0.727502 0.102416 -0.410945
v -0.614373 0.102416 -0.375094
v -0.595320 0.072947 -0.410974
v -0.629439 0.102416 -0.426293
v 0.587210 0.161849 -0.411219
v 0.571697 0.156197 -0.398157
v 0.611764 0.190286 -0.410422
v 0.671670 0.201452 -0.397490
v 0.698027 0.237340 -0.407879
v 0.728662 0.229471 -0.384376
v 0.755608 0.249847 -0.407080
v 0.723308 0.219952 -0.410128
v 0.923030 0.152331 -0.407558
v 0.887696 0.183275 -0.393052
v 1.001855 0.121461 -0.394670
v 0.944690 0.163062 -0.397101
v -0.839703 0.209298 -0.411257
v -0.710113 0.102416 -0.436244
v -0.650682 0.102416 -0.418352
v -0.678261 0.118156 -0.422096
v 0.413122 0.037802 -0.395256
v 0.385699 0.058808 -0.434286
v 0.416970 0.072071 -0.447229
v 0.452829 0.083081 -0.416503
v 0.522022 0.128008 -0.414099
v 0.783876 0.251561 -0.447970
v 0.783602 0.227190 -0.401135
v 0.826347 0.230692 -0.416419
v 0.865773 0.224513 -0.381716
v 0.864719 0.205579 -0.432404
v 0.892014 0.181531 -0.414097
v 0.952525 0.142877 -0.415113
v 1.001243 0.102865 -0.413678
v -0.848232 0.209094 -0.442256
v -0.874125 0.225344 -0.442063
v -0.814187 0.194678 -0.441114
v -0.775803 0.184806 -0.416834
v -0.761272 0.177917 -0.452156
v -0.733229 0.102416 -0.443057
v -0.586437 0.102416 -0.464136
v -0.625111 0.102416 -0.453236
v 0.294888 0.075292 -0.418019
v 0.338871 0.068361 -0.443197
v 0.452476 0.081717 -0.434498
v 0.484727 0.111074 -0.444901
v 0.526646 0.162596 -0.436803
v 0.546131 0.174533 -0.445520
v 0.573900 0.207451 -0.436579
v 0.624476 0.242829 -0.435925
v 0.718322 0.252022 -0.438097
v 0.750331 0.235040 -0.440176
v 0.830813 0.216022 -0.448530
v 0.887200 0.175470 -0.452718
v 0.967725 0.132206 -0.441418
v 0.924843 0.146795 -0.445728
v 1.001113 0.092307 -0.437324
v -0.981519 0.262513 -0.463565
v -1.001876 0.251531 -0.462760
v -0.958585 0.245139 -0.441420
v -0.918870 0.248178 -0.468792
v -0.880041 0.225296 -0.461365
v -0.748327 0.190948 -0.482572
v -0.684361 0.102416 -0.456772
v -0.659310 0.102416 -0.474371
v 0.448678 0.117117 -0.472742
v 0.514989 0.165696 -0.475555
v 0.493609 0.162078 -0.478067
v -0.817817 0.217243 -0.476952
v -0.771840 0.193714 -0.486880
v -0.704505 0.102416 -0.479698
v -0.679302 0.102416 -0.511180
v -0.594452 0.102416 -0.500776
v 0.279046 0.075292 -0.462305
v 0.342741 0.085082 -0.488648
v 0.378376 0.079197 -0.477060
v -0.967209 0.251276 -0.500797
v -0.929934 0.236190 -0.499281
v -0.899536 0.242644 -0.497104
v -0.841859 0.218159 -0.494719
v -0.800004 0.197897 -0.494008
v -0.718437 0.102416 -0.512473
v -0.894397 0.237749 -0.521634
v -0.864302 0.218377 -0.527066
v -0.828117 0.208179 -0.508106
v -0.738184 0.196301 -0.522577
v -0.698222 0.102416 -0.522918
v -0.644644 0.102416 -0.531441
v -0.639544 0.102416 -0.489096
v -0.637775 0.102416 -0.516210
v 0.980986 0.216588 -0.619841
v 1.001893 0.161933 -0.596466
v 1.001489 0.231970 -0.628235
v 1.003575 0.244775 -0.664337
v 0.418540 0.178107 -0.656161
v 0.461963 0.187822 -0.660217
v 0.441382 0.155077 -0.688660
v 0.489794 0.036362 -0.759670
v 0.395947 0.111925 -0.723826
v 0.486341 0.187155 -0.682442
v 0.489782 0.122072 -0.725266
v 1.001711 0.213456 -0.693950
v 1.001576 0.162701 -0.720364
v 0.951365 0.145110 -0.747949
v -0.560916 0.072947 -0.745872
v -0.561825 0.072947 -0.762872
v 0.458264 0.020066 -0.765717
v 0.374995 0.062796 -0.769076
v -0.844609 0.169317 -0.764915
v -0.792548 0.120851 -0.759780
v -0.853636 0.170269 -0.797291
v -0.649466 0.043723 -0.758959
v -0.657674 0.072947 -0.791067
v -0.692328 0.033657 -0.781600
v -0.608629 0.098077 -0.746227
v -0.575146 0.072947 -0.786306
v 0.378804 0.050091 -0.789541
v 0.321536 0.056487 -0.734382
v 0.515145 0.022002 -0.786171
v 0.559254 0.085610 -0.756018
v 0.554205 0.035980 -0.800410
v 0.629517 0.123641 -0.760705
v 0.605467 0.078954 -0.782160
v 0.770239 0.169729 -0.757133
v 0.753642 0.133120 -0.777833
v 0.706340 0.141860 -0.767211
v 0.844129 0.151696 -0.758935
v 0.851939 0.131902 -0.783604
v 0.783150 0.142140 -0.781525
v 0.876734 0.167963 -0.745095
v 0.886149 0.131477 -0.786373
v 0.905279 0.136220 -0.759160
v 0.925270 0.121886 -0.788235
v 1.001370 0.112646 -0.745604
v 0.969681 0.110371 -0.780360
v 1.001775 0.088870 -0.779365
v -1.001914 0.249771 -0.777607
v -0.957229 0.256569 -0.762818
v -0.960987 0.249792 -0.797643
v -0.930649 0.233305 -0.776211
v -0.944198 0.238194 -0.819671
v -0.886130 0.205777 -0.781173
v -0.828716 0.151328 -0.818199
v -0.752467 0.089825 -0.749632
v -0.766244 0.083301 -0.787339
v -0.699238 0.036152 -0.818177
v -0.733773 0.070335 -0.769520
v -0.632128 0.072947 -0.765375
v -0.578022 0.072947 -0.812752
v 0.537907 0.018619 -0.804260
v 0.568677 0.054539 -0.779083
v 0.634577 0.041319 -0.838895
v 0.656996 0.072841 -0.801062
v 0.669104 0.115689 -0.773340
v 0.698564 0.103337 -0.819760
v 0.713777 0.103954 -0.815567
v 0.784968 0.117042 -0.815436
v -1.001328 0.249670 -0.820157
v -0.868106 0.188569 -0.823971
v -0.731758 0.064152 -0.855850
v -0.763318 0.085742 -0.838139
v 0.348660 0.053823 -0.771666
v 0.443209 0.001103 -0.823186
v 0.484738 0.008345 -0.785490
v 0.486879 0.000567 -0.827136
v 0.589110 0.028991 -0.830404
v 0.621207 0.045439 -0.851230
v 0.637544 0.072932 -0.819700
v 0.655891 0.054977 -0.844128
v 0.678589 0.085795 -0.827027
v 0.830384 0.128108 -0.828201
v 0.831878 0.128826 -0.806023
v 0.860044 0.140676 -0.866256
v 0.915981 0.131503 -0.819991
v 1.002489 0.086037 -0.819395
v 0.947945 0.113215 -0.822748
v -0.956449 0.245637 -0.872181
v -0.897595 0.212562 -0.854073
v -0.580472 0.072947 -0.833895
v -0.607628 0.072947 -0.843920
v -0.555261 0.072947 -0.840543
v 0.516842 0.016054 -0.852754
v 0.552750 0.007623 -0.853293
v 0.592833 0.029076 -0.857689
v 0.705089 0.074277 -0.852125
v 0.746767 0.110517 -0.863357
v 0.753940 0.122356 -0.818344
v 0.751953 0.098067 -0.841930
v 0.779221 0.124777 -0.839939
v 0.821323 0.131120 -0.849557
v 0.902553 0.129017 -0.851395
v 0.928392 0.126624 -0.873025
v 0.962048 0.109291 -0.856767
v -0.829887 0.153062 -0.856845
v -0.666703 0.072947 -0.844082
v -0.678904 0.029745 -0.874264
v -0.578487 0.084148 -0.877928
v 0.487925 0.005623 -0.874970
v 0.683383 0.086740 -0.866752
v 0.788719 0.109713 -0.859828
v -0.978764 0.254683 -0.898111
v -1.001070 0.253356 -0.870434
v -0.911024 0.214937 -0.911603
v -0.859696 0.175191 -0.868887
v -0.894000 0.211405 -0.880509
v -0.616279 0.059956 -0.893950
v -0.545792 0.074958 -0.878781
v 0.527854 0.012452 -0.880201
v 0.560838 0.028139 -0.911792
v 0.575149 0.022586 -0.885902
v 0.596207 0.014660 -0.890013
v 0.624487 0.049053 -0.888324
v 0.657679 0.076514 -0.897757
v 0.687120 0.063303 -0.894511
v 0.722951 0.088185 -0.887163
v 0.781434 0.125505 -0.884932
v 0.810874 0.121155 -0.878604
v 0.836900 0.136855 -0.887826
v 1.001845 0.087352 -0.902144
v 0.970858 0.104951 -0.936663
v -0.868153 0.185152 -0.898874
v -0.811003 0.129807 -0.900731
v -0.676622 0.022438 -0.898804
v -0.715820 0.045404 -0.906655
v -0.580410 0.073909 -0.901650
v -0.553952 0.075413 -0.914642
v 0.536347 0.003062 -0.900658
v 0.508434 0.020248 -0.905801
v 0.677202 0.061415 -0.917405
v 0.782948 0.134870 -0.915460
v 0.875341 0.133650 -0.916479
v -0.969833 0.247940 -0.933327
v -0.925831 0.229979 -0.936343
v -0.817782 0.137018 -0.946577
v -0.774479 0.095980 -0.949247
v -0.616116 0.067121 -0.940288
v -0.649183 0.031870 -0.940164
v 0.372072 0.004651 -0.882222
v 0.468095 0.009296 -0.938666
v 0.495868 0.001888 -0.920898
v 0.539196 0.023515 -0.931932
v 0.574211 0.008488 -0.924052
v 0.611242 0.033896 -0.924572
v 0.637544 0.026201 -0.900658
v 0.643889 0.069524 -0.931906
v 0.698263 0.105699 -0.920897
v 0.718502 0.087384 -0.920897
v 0.753962 0.091178 -0.886319
v 0.723133 0.113822 -0.936961
v 0.755868 0.108232 -0.913090
v 0.825405 0.117012 -0.918338
v -0.911565 0.217521 -0.952262
v -0.844098 0.164814 -0.944533
v -0.712069 0.037825 -1.001868
v -0.682309 0.021815 -0.957331
v 0.440758 0.000034 -0.947394
v 0.495615 0.019470 -0.948262
v 0.603175 0.021780 -0.943753
v 0.698263 0.085066 -0.941137
v 0.758676 0.119328 -0.964315
v 0.738742 0.103800 -0.941137
v 0.781449 0.104942 -0.945611
v 0.829960 0.144465 -0.949419
v 0.803397 0.116790 -0.950803
v 0.882821 0.129653 -0.966525
v 0.856642 0.142014 -0.963328
v 0.910874 0.128077 -0.957358
v -0.796721 0.120778 -0.930408
v -0.794823 0.111639 -0.973127
v -0.577377 0.084789 -0.934357
v 0.534638 0.008019 -0.964411
v 0.626467 0.018318 -0.964038
v 0.668937 0.036771 -0.939276
v 0.665264 0.047272 -0.965843
v 0.678023 0.108516 -0.961376
v 0.714421 0.075236 -0.960950
v 0.735683 0.076182 -0.967886
v 1.001151 0.083700 -1.001728
v -1.001355 0.249715 -1.001995
v -0.971014 0.245867 -1.001855
v -0.896049 0.206385 -1.001838
v -0.756704 0.081279 -1.001723
v -0.656624 0.023486 -1.001917
v -0.604517 0.066037 -1.002105
v -0.576330 0.082652 -1.001894
v 0.498307 0.020981 -0.979600
v 0.474481 0.007423 -0.972436
v 0.591641 0.030604 -0.972234
v 0.543505 0.007794 -0.982209
v 0.628543 0.033545 -0.982194
v 0.657784 0.067024 -0.981616
v 0.698263 0.101654 -0.981616
v 0.718502 0.120309 -0.981616
v 0.780215 0.106022 -1.001764
v 0.799460 0.130386 -0.981616
v 0.833974 0.132658 -0.986170
v -0.554929 0.076154 -1.001887
v 0.356043 0.001218 -1.001902
v 0.457061 0.006252 -1.002096
v 0.509920 0.005820 -1.001606
v 0.544303 0.005319 -1.003367
v 0.595080 0.036313 -1.001545
v 0.617305 0.031234 -1.001855
v 0.654825 0.035303 -1.002688
v 0.678023 0.059002 -1.001855
v 0.698263 0.087257 -1.001855
v 0.718502 0.061565 -1.001855
v 0.738742 0.101364 -1.001855
v 0.758981 0.089156 -1.001855
v 0.813922 0.120102 -1.001812
v 0.848567 0.129809 -1.001195
v 0.880839 0.135144 -1.002099
v 0.953383 0.110601 -1.001890
v -0.680843 0.136922 1.003106
v -0.401582 0.110255 1.000342
v -0.151796 0.122871 1.001855
v -0.597398 0.183957 1.002673
v 0.617420 0.127304 1.001866
v 0.162029 0.302094 0.929470
v 0.241524 0.261905 0.938359
v -0.770678 0.246202 0.930370
v -0.752671 0.256036 0.900442
v -0.773076 0.292655 0.825444
v -0.735544 0.264274 0.802058
v -0.758981 0.290913 0.799460
v 0.725222 0.268373 0.802119
v 0.765112 0.299734 0.780505
v 0.825917 0.329906 0.789599
v 0.944687 0.330356 0.787268
v -0.775871 0.288356 0.778065
v -0.410902 0.293416 0.742538
v -0.165813 0.055466 0.547276
v 0.499578 0.056994 0.562283
v 0.597065 0.072415 0.435149
v 0.611644 0.101214 0.451530
v 0.583626 0.071037 0.414448
v -0.608301 0.157728 0.387118
v 1.000304 0.240854 0.273529
v 0.999007 0.205295 0.311933
v 1.001855 0.201416 0.293473
v -0.385708 0.015115 0.268539
v -0.528753 0.090785 0.224591
v 0.982429 0.347211 0.192240
v 1.000451 0.279655 0.231623
v 1.001855 0.284943 0.212515
v -1.002518 0.253785 0.095149
v -1.002542 0.260735 0.071450
v 0.532119 0.172521 0.022041
v 0.142837 0.005497 0.021381
v 0.556586 0.193749 -0.050599
v 0.977836 0.379965 -0.133981
v 0.971705 0.355515 -0.162277
v 0.962435 0.364039 -0.188757
v 0.637030 0.155776 -0.246716
v 0.660070 0.152884 -0.264623
v -1.002122 0.250449 -0.295912
v -1.001749 0.257127 -0.349124
v 0.325925 0.037980 -0.374861
v 0.686054 0.241032 -0.431931
v -0.787226 0.208847 -0.528379
v -0.619509 0.102416 -0.529107
v 0.542522 0.193478 -0.704811
v 0.379313 0.111925 -0.671843
v 0.371369 0.111925 -0.705262
v 0.688815 0.260142 -0.714407
v 0.745864 0.263166 -0.720735
v -1.001540 0.270735 -0.753690
v 1.001813 0.092067 -0.839297
v -0.722076 0.048430 -0.878150
v -0.634799 0.072947 -0.890147
v -0.835857 0.151040 -1.002065
v -0.962710 0.353251 1.001265
v -0.979564 0.403261 0.940233
v -1.001696 0.358973 1.001978
v -0.926991 0.334888 1.000810
v -0.939081 0.398627 0.925406
v -0.876010 0.373272 0.893521
v -0.943103 0.429146 0.876633
v -1.001785 0.430436 0.901120
v -0.845516 0.368088 0.843278
v -0.564618 0.311756 0.881237
v -0.528606 0.298395 0.875263
v -0.519697 0.355855 0.827576
v -0.921277 0.425217 0.834935
v -0.575495 0.384311 0.815314
v -0.862743 0.376092 0.812238
v -0.555351 0.368102 0.835112
v -0.544102 0.384214 0.811056
v -0.489122 0.310280 0.837291
v -0.035925 0.326577 0.855673
v -0.046366 0.348223 0.815994
v -0.087415 0.321424 0.802738
v 0.173555 0.374524 0.873948
v 0.170394 0.418404 0.812787
v 0.152326 0.422004 0.796034
v 0.295979 0.337746 0.837236
v 0.320630 0.332197 0.842755
v 0.303161 0.350983 0.792686
v 0.357358 0.292638 0.836802
v -0.879988 0.395943 0.781676
v -0.937860 0.437502 0.804093
v -0.556586 0.378446 0.799460
v -0.510449 0.352646 0.791817
v -0.029076 0.367752 0.813613
v 0.005406 0.351689 0.846536
v -0.011817 0.371856 0.795157
v 0.009956 0.377398 0.809548
v 0.041352 0.401305 0.820520
v 0.043893 0.385717 0.793602
v 0.070306 0.375575 0.827801
v 0.072340 0.412606 0.782477
v 0.239230 0.388506 0.811575
v 0.259014 0.360580 0.830879
v 0.273233 0.381283 0.799460
v 0.343091 0.313585 0.798614
v -0.934576 0.419735 0.757069
v -0.580646 0.381275 0.775171
v -0.556724 0.398625 0.773208
v -0.537586 0.393015 0.771951
v -0.057175 0.349652 0.744309
v -0.057785 0.354781 0.774553
v 0.006228 0.408784 0.771652
v 0.190732 0.421271 0.776314
v 0.273233 0.359273 0.779221
v 0.264083 0.381327 0.769284
v 0.374431 0.285457 0.799460
v 0.370724 0.299595 0.767679
v -1.002044 0.438813 0.746749
v -0.494265 0.348641 0.759731
v -0.028269 0.373619 0.745112
v 0.033893 0.404670 0.757409
v 0.076872 0.398898 0.751958
v 0.116522 0.415634 0.818021
v 0.110622 0.395435 0.748336
v 0.132588 0.422262 0.758175
v 0.296976 0.344921 0.759861
v -0.534358 0.369652 0.732854
v -0.577441 0.391636 0.746987
v -0.480945 0.322865 0.736712
v 0.045560 0.383263 0.725713
v 0.073663 0.377007 0.730421
v 0.130289 0.397670 0.724249
v 0.154861 0.387415 0.715336
v 0.214695 0.407299 0.769246
v 0.240994 0.380460 0.761004
v 0.252631 0.362120 0.730904
v 0.217088 0.396090 0.737397
v 0.318259 0.313157 0.730461
v -0.916108 0.381830 0.714021
v -1.001867 0.421924 0.721230
v -0.603460 0.351212 0.733700
v -0.554107 0.371315 0.709572
v -0.533885 0.364883 0.713664
v -0.495297 0.349131 0.718305
v -0.012778 0.352141 0.722328
v 0.028799 0.352817 0.715154
v 0.107996 0.370916 0.708813
v 0.230156 0.354625 0.718835
v 0.191342 0.369364 0.705302
v 0.330969 0.261124 0.699682
v -0.961678 0.391689 0.681661
v -0.587699 0.349913 0.700814
v -0.067570 0.287675 0.720894
v -0.011440 0.269291 0.674080
v 0.005676 0.338366 0.694939
v 0.049911 0.341174 0.697085
v 0.134370 0.344350 0.685094
v 0.235748 0.332601 0.692230
v 0.295484 0.319013 0.707793
v 0.240338 0.278725 0.664192
v -0.566821 0.329510 0.675232
v 0.097930 0.316188 0.678558
v 0.157018 0.328427 0.671137
v 0.185984 0.307864 0.669262
v 0.316774 0.255681 0.666174
v 0.304926 0.268016 0.677933
v 0.354879 0.207813 0.661057
v -0.954875 0.354406 0.641901
v -1.001830 0.378435 0.657027
v -0.928586 0.327904 0.626589
v -0.579234 0.317005 0.654558
v -0.543923 0.323496 0.659490
v -0.515324 0.312050 0.681895
v -0.504869 0.309146 0.670878
v 0.010120 0.242614 0.657784
v 0.051874 0.236704 0.643838
v 0.028908 0.254015 0.649082
v 0.222259 0.257704 0.634221
v -0.870573 0.331418 0.684399
v -0.830005 0.264224 0.649092
v -0.603480 0.240179 0.621510
v -0.577684 0.273399 0.625374
v -0.516107 0.295538 0.637544
v -0.519461 0.265639 0.602584
v -0.555564 0.269484 0.600373
v 0.872743 0.454470 0.197075
v 0.918540 0.422681 0.176967
v 0.905436 0.468489 0.166064
v 0.740531 0.385109 0.176124
v 0.786335 0.439534 0.174875
v 0.700732 0.386367 0.142617
v 0.825717 0.474208 0.170263
v 0.828391 0.463001 0.146998
v 0.873462 0.458541 0.172960
v 0.856753 0.504740 0.138189
v 0.757160 0.450562 0.124766
v 0.735203 0.408664 0.131493
v 0.793333 0.494972 0.144693
v 0.807966 0.494898 0.128797
v 0.887408 0.481463 0.151728
v 0.880112 0.533766 0.115057
v 0.921891 0.475119 0.114824
v 0.783220 0.475050 0.104234
v 0.799460 0.515229 0.111317
v 0.821044 0.542610 0.110891
v 0.758981 0.482491 0.091078
v 0.738482 0.436667 0.106240
v 0.796516 0.538389 0.077435
v 0.833433 0.519230 0.090653
v 0.898813 0.515567 0.120544
v 0.902952 0.518807 0.079556
v 0.880229 0.527487 0.085901
v 0.929474 0.483882 0.087620
v 0.746622 0.463344 0.053437
v 0.738742 0.456041 0.070838
v 0.831848 0.582792 0.068519
v 0.924090 0.539096 0.059040
v 0.863739 0.578942 0.047036
v 0.879805 0.579076 0.043859
v 0.900658 0.531103 0.050599
v 0.776548 0.560495 0.020303
v 0.748367 0.509776 0.030238
v 0.799460 0.543807 0.050599
v 0.799844 0.523237 0.014679
v 0.822903 0.542235 0.034296
v 0.910878 0.545560 0.015793
v 0.920897 0.520908 0.030359
v 0.718502 0.427250 0.030359
v 0.748223 0.485521 0.011535
v 0.819700 0.597949 0.010120
v 0.839939 0.584755 0.030359
v 0.847016 0.539625 0.009197
v 0.880418 0.587385 0.010120
v 0.941130 0.516040 0.039019
v 0.965131 0.482307 0.001408
v 0.695476 0.413869 0.018131
v 0.718502 0.431530 -0.010120
v 0.742009 0.493863 -0.019799
v 0.779221 0.509647 -0.010120
v 0.820035 0.564052 -0.010962
v 0.860179 0.585075 -0.010120
v 0.889326 0.539857 -0.010436
v 0.817144 0.529480 -0.050618
v 0.875349 0.579217 -0.037798
v 0.892202 0.572910 -0.033915
v 0.691431 0.381569 -0.030292
v 0.727195 0.442625 -0.046685
v 0.678055 0.364104 -0.061295
v 0.778428 0.545592 -0.031345
v 0.763119 0.478488 -0.052216
v 0.799335 0.548102 -0.062253
v 0.819698 0.568562 -0.030289
v 0.850085 0.532033 -0.048910
v 0.920130 0.526069 -0.036504
v 0.944733 0.522248 -0.013176
v 0.946030 0.483839 -0.049032
v 0.776255 0.485800 -0.073061
v 0.737171 0.468581 -0.078978
v 0.819700 0.518464 -0.070838
v 0.839939 0.559999 -0.070838
v 0.878871 0.544967 -0.070085
v 0.896467 0.482080 -0.088148
v 0.920298 0.479880 -0.108071
v 0.703067 0.363183 -0.100141
v 0.774935 0.456667 -0.108081
v 0.812239 0.513330 -0.109995
v 0.827139 0.537963 -0.091770
v 0.860577 0.521842 -0.100340
v 0.749878 0.465619 -0.107060
v 0.866394 0.478817 -0.127918
v 1.001855 0.380603 -0.091078
v 1.001855 0.351897 -0.111317
v 0.973324 0.406683 -0.103605
v 0.716400 0.406918 -0.123954
v 0.758126 0.438588 -0.131470
v 0.783206 0.435419 -0.135641
v 0.812802 0.476745 -0.146711
v 0.939328 0.435542 -0.116559
v 0.894622 0.456081 -0.132155
v 0.948362 0.386187 -0.142294
v 0.928238 0.420949 -0.148154
v 0.697380 0.348568 -0.138747
v 0.718559 0.340510 -0.162658
v 0.750310 0.391329 -0.151250
v 0.789685 0.439062 -0.166549
v 0.835771 0.461478 -0.132731
v 0.841648 0.449431 -0.157326
v 0.871876 0.477410 -0.153369
v 0.884432 0.425115 -0.168998
v 0.818547 0.438918 -0.184152
v 0.860179 0.426696 -0.172036
v 0.900658 0.432275 -0.172036
v 0.738972 0.376743 -0.182226
v 0.791454 0.398426 -0.190611
v 0.839110 0.426382 -0.192643
v 0.855618 0.431779 -0.199801
v 0.880418 0.389052 -0.192275
v 0.904543 0.411272 -0.197258
v 0.806471 0.397914 -0.214145
v 0.899166 0.386049 -0.213102
v 0.924768 0.360317 -0.216327
v 0.657784 0.302274 -0.475628
v 0.660559 0.335242 -0.516260
v 0.635421 0.290553 -0.483075
v 0.746260 0.277541 -0.472319
v 0.735431 0.313471 -0.502445
v 0.696447 0.328308 -0.501614
v 0.802068 0.258074 -0.463611
v 0.838594 0.241034 -0.476151
v 0.838844 0.231067 -0.498642
v 0.618653 0.310651 -0.500233
v 0.633243 0.317303 -0.524383
v 0.693735 0.280513 -0.477328
v 0.679934 0.336307 -0.520524
v 0.719056 0.317245 -0.526166
v 0.836590 0.252416 -0.546657
v 0.586773 0.316737 -0.550205
v 0.689474 0.352829 -0.549252
v 0.753960 0.330345 -0.540168
v 0.771707 0.296771 -0.515074
v 0.787607 0.275870 -0.501603
v 0.812803 0.295956 -0.561075
v -0.962079 0.245760 -0.535419
v -0.980130 0.285415 -0.572713
v -1.002636 0.255610 -0.547386
v -0.865169 0.232648 -0.560570
v 0.580015 0.270892 -0.518987
v 0.559134 0.289245 -0.576135
v 0.621752 0.346211 -0.562221
v 0.674226 0.351270 -0.563794
v 0.752016 0.326779 -0.565385
v 0.869356 0.226214 -0.539031
v 0.863838 0.258606 -0.573372
v -0.949383 0.258570 -0.558482
v -0.915995 0.253321 -0.552129
v -0.896108 0.282044 -0.586682
v 0.726531 0.367495 -0.576554
v 0.821158 0.327160 -0.599276
v 0.832066 0.301522 -0.579760
v -1.001788 0.305713 -0.584316
v -0.973428 0.337088 -0.600013
v -0.883070 0.355817 -0.635915
v -0.839953 0.220397 -0.558995
v -0.810118 0.308977 -0.630707
v 0.578723 0.324170 -0.606270
v 0.540332 0.279792 -0.592379
v 0.624572 0.368171 -0.593422
v 0.649677 0.374017 -0.573896
v 0.687294 0.380662 -0.598911
v 0.719823 0.359339 -0.601930
v 0.752279 0.355768 -0.598176
v 0.797272 0.323495 -0.592316
v 0.775143 0.356071 -0.614159
v 0.863357 0.286752 -0.604123
v -0.963472 0.389446 -0.636520
v 0.606966 0.337250 -0.617306
v 0.671877 0.359007 -0.617155
v 0.738742 0.339661 -0.617305
v 0.811495 0.339382 -0.621405
v -0.848291 0.339534 -0.639568
v 0.594957 0.285107 -0.652359
v 0.696462 0.325250 -0.654234
v 0.649079 0.334965 -0.633599
v 0.707948 0.343654 -0.643843
v 0.761965 0.339442 -0.636546
v 0.774017 0.319884 -0.664948
v -1.001787 0.395777 -0.637576
v -0.959914 0.401349 -0.656641
v -0.938422 0.372231 -0.636012
v -0.883919 0.362843 -0.661487
v -0.847950 0.322157 -0.677492
v 0.560309 0.269130 -0.654943
v 0.637266 0.293337 -0.673804
v 0.617370 0.306189 -0.653459
v 0.678872 0.321922 -0.663154
v 0.738926 0.325563 -0.673290
v 0.821599 0.306567 -0.671581
v 0.849749 0.323018 -0.662295
v -0.965818 0.367304 -0.696827
v -1.001906 0.402119 -0.673643
v -0.926486 0.370745 -0.675661
v -0.901457 0.362235 -0.677706
v 0.613608 0.268253 -0.679222
v 0.598766 0.242197 -0.702663
v 0.642415 0.264831 -0.706138
v 0.713327 0.293758 -0.697898
v -0.891427 0.308087 -0.705638
v -0.863827 0.228011 -0.739048
v -0.972787 0.441774 0.860125
v -1.001889 0.455336 0.818591
v 0.115377 0.385104 0.856472
v 0.203786 0.389508 0.827042
v -0.090892 0.302881 0.779286
v -0.081304 0.335732 0.761939
v 0.942923 0.307389 0.753782
v -0.848478 0.355936 0.758513
v -0.106158 0.301211 0.746613
v -0.898739 0.365212 0.691958
v -0.089104 0.283821 0.710293
v -0.049463 0.260270 0.689881
v -0.105919 0.234908 0.678207
v 0.070009 0.307764 0.668392
v -0.079743 0.194789 0.652963
v -0.021230 0.166733 0.620228
v -0.916989 0.294056 0.588789
v -1.001742 0.299939 0.561330
v 0.945171 0.393197 0.185391
v 0.957843 0.412181 0.145238
v 0.939542 0.471162 0.124278
v 0.695001 0.432849 -0.005782
v 0.984382 0.444685 -0.057619
v 0.945436 0.450172 -0.074309
v 1.002281 0.381650 -0.070181
v 1.001855 0.362437 -0.131557
v 0.779221 0.243453 -0.475628
v 0.862495 0.230122 -0.497880
v 0.545224 0.230275 -0.526291
v 0.883255 0.294671 -0.655364
v 0.789866 0.312120 -0.684835
v 0.800151 0.265397 -0.712061
v -0.960497 0.282258 -0.741440
v -0.806922 0.311761 -0.662683
v -0.875364 0.295139 1.002202
v -0.840586 0.260718 1.002497
v -0.815966 0.271610 0.965341
v -0.816808 0.248155 1.001409
v -0.908934 0.324465 1.004118
v -0.894898 0.360424 0.942885
v -0.853190 0.322731 0.933047
v -0.802060 0.304947 0.899162
v -0.847218 0.345067 0.897916
v -0.579164 0.274996 0.905722
v -0.464897 0.197640 0.902873
v -0.149226 0.208609 0.881983
v -0.147499 0.208481 0.904721
v 0.315560 0.272373 0.900436
v 0.547302 0.197179 0.892179
v -0.494844 0.264862 0.882618
v -0.239088 0.195189 0.885237
v -0.203585 0.196707 0.902184
v -0.080763 0.255402 0.872160
v 0.021842 0.290390 0.900101
v 0.167264 0.325500 0.903338
v 0.133187 0.349207 0.890971
v 0.254390 0.317639 0.890399
v 0.277317 0.303940 0.899141
v 0.448747 0.211541 0.879293
v 0.488774 0.212440 0.875330
v 0.614439 0.203642 0.893922
v 0.659525 0.215913 0.892402
v -0.791800 0.307955 0.865588
v -0.505487 0.275939 0.866807
v -0.474161 0.263003 0.863940
v -0.209318 0.191118 0.881291
v 0.114190 0.329435 0.898074
v 0.036227 0.363564 0.859685
v 0.211426 0.358805 0.877271
v 0.318334 0.296213 0.878657
v 0.373063 0.273467 0.862641
v 0.413086 0.242812 0.867843
v -0.796645 0.321869 0.838250
v -0.438691 0.244630 0.870833
v -0.234239 0.217921 0.857238
v -0.271685 0.223621 0.855022
v -0.201040 0.225221 0.860093
v -0.183499 0.233321 0.842062
v -0.129960 0.243342 0.872375
v -0.119449 0.245408 0.838988
v 0.090335 0.377459 0.843364
v 0.536667 0.231995 0.858363
v 0.565565 0.238995 0.842938
v 0.612831 0.241513 0.840659
v 0.633838 0.231557 0.847007
v -0.163231 0.237022 0.831716
v -0.089063 0.285312 0.827869
v 0.231513 0.367322 0.854777
v 0.227078 0.392610 0.838896
v 0.420129 0.256229 0.831439
v 0.445725 0.241942 0.832428
v 0.477705 0.236510 0.839780
v -0.463948 0.312131 0.809128
v -0.264697 0.249297 0.811045
v -0.193217 0.259805 0.803183
v -0.224718 0.240754 0.830772
v -0.143095 0.263994 0.809090
v -0.118041 0.288080 0.809597
v -0.065706 0.297987 0.849127
v 0.493006 0.252123 0.811782
v 0.515167 0.267944 0.805239
v 0.556759 0.279562 0.799359
v 0.653141 0.248617 0.826676
v 0.798979 0.323642 0.765742
v -0.430218 0.315791 0.798018
v -0.246596 0.261827 0.789914
v -0.172313 0.280590 0.799085
v 0.400401 0.292648 0.789033
v 0.428770 0.311020 0.781598
v 0.497026 0.268592 0.780966
v 0.626487 0.259700 0.787391
v 0.579591 0.269384 0.785657
v -0.805490 0.323913 0.765217
v -0.422433 0.289464 0.771979
v -0.221162 0.281828 0.779113
v -0.172865 0.304192 0.770287
v -0.138368 0.282276 0.760786
v 0.469337 0.289223 0.772953
v 0.515542 0.267780 0.759397
v 0.543840 0.278624 0.761630
v 0.656207 0.249116 0.791096
v 0.695614 0.259372 0.779886
v 0.872062 0.341908 0.761464
v 0.828315 0.330973 0.760785
v -0.228072 0.278205 0.759667
v -0.275649 0.256501 0.746319
v 0.442434 0.331481 0.758044
v 0.620690 0.254029 0.737486
v 0.584200 0.257009 0.751991
v 0.648173 0.238751 0.708126
v 0.668569 0.250464 0.743385
v 0.695469 0.248191 0.758964
v 0.727565 0.285292 0.752692
v 0.775810 0.310739 0.752521
v 1.001578 0.269461 0.737985
v -0.768347 0.283936 0.750272
v -0.801743 0.295384 0.729117
v -0.456370 0.336178 0.759560
v -0.442433 0.321113 0.738348
v -0.419092 0.272170 0.717508
v -0.257480 0.273192 0.727364
v -0.234025 0.260078 0.706149
v -0.181600 0.312819 0.739095
v -0.143496 0.305751 0.736744
v 0.424722 0.296416 0.738809
v 0.482776 0.261255 0.738697
v 0.506126 0.227334 0.717166
v 0.539963 0.243101 0.723117
v 0.578404 0.247966 0.722530
v 0.736489 0.283358 0.727229
v 0.794548 0.314276 0.728956
v 0.819533 0.340635 0.729953
v 0.869869 0.341723 0.720665
v 0.895087 0.331602 0.767094
v 0.924577 0.310080 0.702305
v 0.905692 0.312627 0.710513
v -0.783936 0.270895 0.707815
v -0.463500 0.320547 0.713282
v -0.210907 0.278610 0.695055
v -0.185261 0.289088 0.720753
v -0.137233 0.301975 0.712446
v 0.428460 0.245021 0.713857
v 0.668305 0.231928 0.717957
v 0.705626 0.271108 0.707382
v 0.976454 0.272190 0.706466
v 1.001855 0.255782 0.718502
v -0.831964 0.300919 0.688597
v -0.485154 0.283360 0.668307
v -0.447223 0.282335 0.682770
v -0.417503 0.272467 0.694457
v -0.230843 0.223086 0.677199
v -0.176022 0.288054 0.700634
v -0.137883 0.282462 0.695370
v 0.452118 0.188662 0.688805
v 0.566908 0.188501 0.685570
v 0.609319 0.203900 0.696222
v 0.678438 0.232159 0.676060
v 0.744140 0.299757 0.690130
v 0.816722 0.323666 0.697485
v 0.841995 0.328493 0.731938
v 0.839939 0.344369 0.698263
v 0.852359 0.330358 0.686306
v 1.002663 0.253851 0.697825
v -0.816638 0.245717 0.636248
v -0.174297 0.232104 0.677099
v 0.406444 0.215381 0.699019
v 0.392924 0.202921 0.664241
v 0.487262 0.148302 0.662878
v 0.530943 0.176645 0.674142
v 0.608680 0.185895 0.670059
v 0.653501 0.232840 0.681849
v 0.771221 0.328156 0.684911
v 0.799599 0.337129 0.656247
v 0.875958 0.335945 0.659607
v 0.911933 0.319677 0.666730
v 0.943015 0.291623 0.663865
v -0.423790 0.277122 0.666362
v -0.275658 0.191750 0.656053
v -0.145106 0.215507 0.657263
v 0.107080 0.296131 0.648129
v 0.140301 0.277700 0.647403
v 0.410803 0.162073 0.641434
v 0.436522 0.146387 0.644704
v 0.551346 0.140414 0.642328
v 0.638875 0.194845 0.629187
v 0.680989 0.245755 0.647062
v 0.767164 0.309937 0.661827
v -0.796047 0.203375 0.612477
v -0.480061 0.283621 0.644180
v -0.444433 0.252162 0.633601
v -0.242965 0.151971 0.632513
v -0.160705 0.145869 0.631934
v -0.006377 0.217783 0.636905
v 0.063059 0.217785 0.617417
v 0.091531 0.226396 0.621107
v 0.175660 0.244503 0.623394
v 0.370407 0.162388 0.629373
v 0.520754 0.125765 0.646742
v 0.482112 0.113008 0.625021
v 0.577039 0.148844 0.654643
v 0.611080 0.162727 0.635757
v 0.775603 0.320576 0.626099
v 0.723722 0.289350 0.641776
v 0.834610 0.341119 0.637015
v 0.897423 0.310756 0.635764
v 0.939731 0.283692 0.623705
v -0.873960 0.262762 0.592282
v -0.839836 0.237934 0.604707
v -0.493811 0.254212 0.612671
v -0.473864 0.237071 0.588444
v -0.422115 0.235121 0.615702
v -0.230281 0.109353 0.605672
v -0.265863 0.150721 0.614457
v -0.104162 0.167201 0.640019
v -0.111317 0.117358 0.617305
v -0.124206 0.125385 0.607151
v -0.069210 0.131369 0.615672
v 0.026207 0.170197 0.608817
v 0.132133 0.161056 0.582357
v 0.200871 0.195346 0.605712
v 0.252127 0.230362 0.622922
v 0.282257 0.154888 0.598980
v 0.316105 0.196467 0.628709
v 0.551987 0.105424 0.616263
v 0.591020 0.131026 0.599845
v 0.716063 0.267639 0.591642
v 0.756883 0.303660 0.622430
v 0.835669 0.333839 0.608081
v 0.862453 0.323820 0.609477
v 0.880455 0.325451 0.599753
v 1.000061 0.231718 0.678885
v 1.001186 0.203902 0.597671
v 0.978497 0.235734 0.597261
v -0.148170 0.087991 0.598986
v -0.073879 0.092922 0.581011
v -0.087435 0.118726 0.599950
v -0.042426 0.138532 0.597862
v 0.001000 0.151085 0.590760
v 0.097206 0.156119 0.573963
v 0.323138 0.131937 0.594931
v 0.334158 0.102748 0.570017
v 0.359732 0.103458 0.583607
v 0.416343 0.110033 0.604967
v 0.464838 0.072011 0.576696
v 0.531757 0.098095 0.584129
v 0.641676 0.182263 0.585508
v 0.660500 0.198917 0.637004
v 0.667910 0.217595 0.589470
v 0.738742 0.308083 0.597065
v 0.771756 0.313758 0.576064
v 0.804808 0.343209 0.558083
v 0.831439 0.332431 0.586116
v 0.891109 0.302276 0.573307
v 0.965173 0.251448 0.632589
v 0.924207 0.278327 0.598502
v -0.962778 0.294232 0.561492
v -0.836649 0.185564 0.537876
v -0.591150 0.205559 0.568890
v -0.561534 0.226820 0.563903
v -0.449213 0.210975 0.564167
v -0.473155 0.201642 0.560166
v -0.219290 0.086667 0.578844
v -0.164812 0.083499 0.582374
v -0.092528 0.074926 0.573909
v 0.195900 0.139307 0.571198
v 0.232754 0.154754 0.576826
v 0.240783 0.116186 0.561594
v 0.283369 0.122665 0.576353
v 0.571082 0.114476 0.579101
v 0.623615 0.136308 0.554308
v 0.728402 0.289932 0.551737
v 0.857567 0.334238 0.561717
v 0.961376 0.253302 0.576826
v -0.880265 0.237609 0.555553
v -0.800987 0.168941 0.545402
v -0.507382 0.209316 0.551835
v -0.432256 0.182412 0.556985
v 0.069351 0.162908 0.593951
v 0.752362 0.327421 0.540789
v 0.920897 0.289238 0.556586
v 0.979321 0.221362 0.554651
v 0.943175 0.245408 0.547573
v 1.001855 0.184932 0.576826
v 1.001855 0.180394 0.556586
v -0.954377 0.263434 0.509290
v -0.781351 0.126009 0.525297
v -0.591401 0.207824 0.551490
v -0.592531 0.181975 0.525716
v -0.544320 0.205507 0.527381
v -0.475279 0.182237 0.522919
v -0.502696 0.186611 0.501309
v -0.445098 0.194191 0.538193
v 0.602392 0.098515 0.505413
v 0.625867 0.146600 0.513213
v 0.597445 0.104733 0.553603
v 0.662428 0.191394 0.523914
v 0.908047 0.279723 0.533559
v 0.881136 0.318014 0.525918
v -1.001871 0.256149 0.471766
v -0.915469 0.241538 0.501043
v -0.862315 0.198796 0.506855
v -0.836311 0.162699 0.495157
v -0.555214 0.200178 0.510315
v -0.535820 0.185074 0.507689
v -0.441509 0.175367 0.514211
v -0.416619 0.176824 0.519524
v 0.568221 0.063270 0.518937
v 0.718255 0.293579 0.516109
v 0.695984 0.242008 0.512512
v 0.837024 0.326189 0.543539
v 0.833044 0.341470 0.516042
v 0.864809 0.316584 0.500494
v 0.938816 0.242004 0.505875
v 0.962243 0.210971 0.509587
v -0.467957 0.179529 0.485258
v -0.439320 0.156554 0.485793
v 0.652597 0.164574 0.485424
v 0.724142 0.276859 0.483259
v 0.849805 0.326569 0.491607
v 0.918370 0.276608 0.510435
v 1.001855 0.168855 0.516107
v 1.002748 0.145515 0.494822
v 0.979770 0.172399 0.480029
v -0.962563 0.245775 0.477155
v -0.912961 0.223544 0.477009
v -0.789493 0.115938 0.461566
v -0.593512 0.168241 0.496498
v -0.572147 0.192454 0.477798
v -0.536347 0.190347 0.475628
v -0.504924 0.167833 0.478358
v 0.566302 0.052276 0.464549
v 0.677288 0.213458 0.487613
v 0.705105 0.250264 0.460679
v 0.738742 0.315887 0.495868
v 0.740315 0.298663 0.464895
v 0.761449 0.315888 0.503191
v 0.776049 0.346599 0.473453
v 0.811151 0.356358 0.465641
v 0.914052 0.271294 0.471367
v 0.941459 0.229375 0.460648
v 0.967927 0.208733 0.463662
v -0.579241 0.171993 0.456024
v -0.539163 0.176538 0.455523
v -0.520418 0.178494 0.445361
v -0.481804 0.141996 0.438019
v -0.495868 0.164930 0.455389
v -0.452353 0.159916 0.437041
v -0.416365 0.156928 0.453837
v 0.681017 0.220371 0.444359
v 0.646696 0.149448 0.444398
v 0.719659 0.256754 0.442149
v 0.813848 0.322117 0.432990
v 0.876359 0.298737 0.439076
v 0.840178 0.343792 0.465279
v 0.881149 0.321824 0.474213
v 0.906333 0.292054 0.443973
v 1.001855 0.157000 0.455389
v -0.587383 0.179943 0.432959
v -0.546690 0.192326 0.433465
v -0.442595 0.130338 0.414784
v 0.783173 0.324831 0.433426
v 0.860179 0.336670 0.435149
v 0.968190 0.213519 0.416556
v 0.972928 0.189373 0.439512
v 1.001855 0.157040 0.435149
v -0.530601 0.182310 0.405694
v -0.479228 0.151342 0.413866
v 0.635626 0.131457 0.398741
v 0.678917 0.207616 0.411117
v 0.750227 0.325114 0.417944
v 0.699601 0.250314 0.411448
v 0.850776 0.330948 0.414072
v 0.885289 0.304421 0.409999
v 0.915219 0.267157 0.414043
v 1.008054 0.144925 0.406713
v -0.575073 0.184904 0.368380
v -0.556116 0.188056 0.384347
v -0.502064 0.160908 0.375567
v -0.447196 0.129105 0.391286
v 0.582759 0.053746 0.386800
v 0.722312 0.258819 0.395627
v 0.769024 0.323610 0.390231
v 0.792511 0.347611 0.386005
v 0.819700 0.346601 0.414910
v 0.818484 0.318951 0.383740
v 0.845106 0.340845 0.383467
v 0.878725 0.291697 0.396204
v 0.957763 0.228132 0.379938
v 0.981715 0.182516 0.384707
v -0.420632 0.121697 0.375031
v 0.664349 0.187970 0.356504
v 0.685741 0.236526 0.356872
v 0.735889 0.299291 0.367641
v 0.837153 0.344775 0.364730
v 0.910833 0.288771 0.366731
v 0.928782 0.272733 0.390290
v 0.936482 0.259892 0.360492
v 1.003271 0.184544 0.364846
v -0.603702 0.180110 0.347301
v -0.540477 0.181845 0.338946
v -0.513540 0.149449 0.343281
v -0.482183 0.138422 0.356651
v -0.463460 0.104443 0.337149
v 0.762649 0.334394 0.353266
v 0.739433 0.312753 0.352713
v 0.815975 0.335059 0.355138
v 0.860179 0.312392 0.354191
v 1.000023 0.193185 0.332330
v -0.576161 0.191799 0.323121
v 0.609342 0.099887 0.367854
v 0.621153 0.109243 0.324243
v 0.627298 0.141144 0.350439
v 0.652128 0.174445 0.302348
v 0.703246 0.260373 0.339686
v 0.758981 0.313906 0.333952
v 0.791699 0.357922 0.331369
v 0.823801 0.353369 0.318430
v 0.865286 0.333532 0.332215
v 0.882163 0.339479 0.355030
v 0.904239 0.305679 0.333575
v 0.957971 0.270844 0.325283
v -0.547577 0.189006 0.306728
v -0.508532 0.140609 0.312491
v -0.425360 0.070022 0.297590
v 0.588078 0.094085 0.314119
v 0.738342 0.327400 0.308398
v 0.867471 0.365252 0.306367
v 0.908607 0.334262 0.307187
v -0.577026 0.196782 0.281092
v 0.025492 -0.018373 0.254517
v 0.594673 0.089982 0.292801
v 0.662437 0.192671 0.273563
v 0.712697 0.271387 0.310547
v 0.788184 0.329420 0.302148
v 0.900805 0.334883 0.281215
v 0.935972 0.281552 0.303915
v 0.961612 0.289824 0.275883
v -0.537616 0.167446 0.278034
v -0.485011 0.097527 0.289816
v -0.492256 0.104226 0.269442
v -0.421249 0.021646 0.258541
v -0.308484 -0.004604 0.258796
v -0.091073 -0.033095 0.262138
v -0.032720 -0.018129 0.267835
v 0.597082 0.104479 0.261718
v 0.622021 0.146763 0.269548
v 0.698383 0.251208 0.263124
v 0.717808 0.314260 0.253354
v 0.747150 0.331314 0.291610
v 0.774271 0.355260 0.273105
v 0.806544 0.349902 0.297548
v 0.808974 0.394247 0.272333
v 0.878058 0.382657 0.273683
v 0.840809 0.368048 0.283138
v 0.920897 0.343466 0.273233
v 0.981895 0.254260 0.267573
v -0.471574 0.043941 0.243535
v -0.398397 -0.001955 0.240414
v -0.363870 -0.013299 0.239217
v -0.223737 -0.004281 0.257819
v -0.271782 -0.010207 0.247736
v -0.187924 -0.019670 0.247114
v -0.155154 -0.050196 0.218353
v 0.087421 -0.006063 0.250656
v 0.679948 0.265104 0.230235
v 0.652787 0.197425 0.224443
v 0.737593 0.347755 0.236452
v 0.747182 0.344459 0.220891
v 0.788320 0.359896 0.256570
v 0.835794 0.406289 0.255503
v 0.866421 0.368922 0.251479
v 0.909596 0.348715 0.254309
v 0.941137 0.306891 0.252994
v 0.961376 0.322676 0.252994
v 1.001855 0.250963 0.252994
v 0.574017 0.101617 0.234308
v 0.725292 0.307384 0.224954
v 0.756148 0.404950 0.195870
v 0.812233 0.394409 0.237730
v 0.853490 0.420666 0.213966
v 0.870641 0.390205 0.219397
v 0.890622 0.393199 0.231459
v 0.940149 0.386321 0.212694
v 0.959589 0.306446 0.233425
v -0.419683 -0.017961 0.216689
v -0.394244 -0.023589 0.205234
v 0.129144 0.000050 0.200701
v 0.602149 0.173746 0.211421
v 0.806144 0.413865 0.211541
v 0.839939 0.401741 0.212515
v 0.910123 0.424255 0.204119
v -0.535650 -0.007146 0.164784
v -0.495677 -0.001093 0.182899
v 0.570718 0.135622 0.169924
v 0.645166 0.242140 0.188277
v 0.611637 0.171726 0.184786
v 0.682521 0.295608 0.190270
v 0.698619 0.354251 0.169885
v 0.819700 0.412713 0.192275
v 0.918814 0.370780 0.224733
v 0.962845 0.344177 0.192468
v 1.001975 0.345975 0.172567
v 0.675912 0.308731 0.173162
v 0.646898 0.243478 0.160214
v 0.794410 0.444367 0.193706
v -0.606843 -0.004267 0.156613
v -0.580253 -0.029230 0.137079
v -0.340876 0.014723 0.170947
v -0.364428 0.014723 0.154743
v -0.289463 0.014723 0.147372
v 0.127987 -0.005055 0.143147
v 0.587986 0.204796 0.147329
v 1.001869 0.364909 0.133348
v 1.001855 0.326681 0.151796
v -0.621712 -0.012464 0.126107
v -0.397404 0.002082 0.161819
v 0.144784 0.006321 0.104107
v 0.605428 0.201848 0.124931
v 0.633226 0.268506 0.115894
v 0.656512 0.290616 0.115293
v 0.980180 0.374482 0.121394
v -0.431873 0.014723 0.145945
v -0.260357 0.014723 0.148165
v -0.231185 0.014723 0.154804
v -0.201102 0.014723 0.156804
v 0.572778 0.194939 0.097653
v 0.677254 0.366587 0.108269
v 0.711932 0.411104 0.114209
v 0.959945 0.427542 0.100453
v 1.002722 0.393533 0.104484
v 0.657796 0.328332 0.080900
v 0.610417 0.248727 0.095301
v 0.704195 0.393052 0.078929
v 0.718502 0.450377 0.091078
v 0.951595 0.484579 0.081790
v 0.981616 0.437265 0.091078
v -0.596902 -0.018181 0.107546
v -0.561312 0.014723 0.105524
v 0.129858 -0.004311 0.046292
v 0.569179 0.210679 0.055312
v 0.599456 0.220049 0.048515
v 0.625955 0.279927 0.068284
v 0.678023 0.392312 0.070838
v 0.981392 0.444455 0.059221
v 1.001855 0.415571 0.070838
v 0.670897 0.371695 0.049750
v 0.634143 0.317737 0.049373
v 0.709108 0.450185 0.050472
v 0.965063 0.449994 0.035566
v 1.001855 0.391354 0.050599
v 0.574545 0.221115 0.025280
v 0.657784 0.326679 0.030359
v 0.102902 -0.012675 0.010617
v 0.611015 0.277645 0.004601
v 0.658622 0.345465 -0.020440
v 0.635676 0.317565 0.014774
v 0.585296 0.204975 -0.005168
v 0.634254 0.297795 -0.016565
v 0.570310 0.218804 -0.040975
v 0.614868 0.258179 -0.030049
v 0.974374 0.439401 -0.022029
v 0.601539 0.235304 -0.064770
v 0.634103 0.310060 -0.057564
v 0.660268 0.327077 -0.057256
v 0.566505 0.183886 -0.081267
v 0.576826 0.178899 -0.070838
v 0.621485 0.226828 -0.099209
v 0.663456 0.304179 -0.097986
v 0.678023 0.368318 -0.091078
v -0.494502 0.075292 -0.131695
v 0.602437 0.207889 -0.134775
v 0.667611 0.326285 -0.121176
v 0.628921 0.254978 -0.123591
v 0.591401 0.143683 -0.172226
v 0.669401 0.273585 -0.140912
v 0.668057 0.238107 -0.185985
v 1.001855 0.343951 -0.151796
v 0.618934 0.212208 -0.169304
v 0.696631 0.321319 -0.182895
v 1.001855 0.312178 -0.172036
v -0.488563 0.075292 -0.191770
v 0.615896 0.181841 -0.191600
v -0.497328 0.075292 -0.224131
v 0.600038 0.124978 -0.219171
v 0.645849 0.188350 -0.195604
v 0.652548 0.193632 -0.225610
v 0.697484 0.249387 -0.222683
v 0.717282 0.281461 -0.214370
v 0.785352 0.336409 -0.227268
v 0.951958 0.305904 -0.221167
v 0.746346 0.281543 -0.239975
v 1.001873 0.300589 -0.190375
v 0.964528 0.296445 -0.245335
v 0.679210 0.237045 -0.224322
v 0.657784 0.251085 -0.455389
v 0.686220 0.269412 -0.455618
v 0.541527 0.225596 -0.495873
v 0.902014 0.177076 -0.487186
v 0.972201 0.109914 -0.466115
v 0.942140 0.125533 -0.464166
v 1.002287 0.095763 -0.483758
v 0.970254 0.096118 -0.488537
v 0.322042 0.075292 -0.548526
v 0.449615 0.133490 -0.512474
v 0.579816 0.234973 -0.468326
v 0.604591 0.272637 -0.476121
v 0.872392 0.189026 -0.477002
v 0.932025 0.133885 -0.496865
v 0.364613 0.086004 -0.530877
v 0.409216 0.105677 -0.514694
v 0.489291 0.176831 -0.536645
v 0.896329 0.191351 -0.516615
v 0.914681 0.157051 -0.530065
v 0.968187 0.113124 -0.521379
v 1.001411 0.086723 -0.535176
v -0.762821 0.198737 -0.559393
v -0.728567 0.182161 -0.554829
v -0.656931 0.102416 -0.546826
v -0.597085 0.102416 -0.536356
v 0.384524 0.106720 -0.558651
v 0.432446 0.116219 -0.534170
v 0.446284 0.148744 -0.547474
v 0.952583 0.119324 -0.555995
v -0.643169 0.102416 -0.570000
v -0.617371 0.102416 -0.556615
v -0.597073 0.102416 -0.556590
v 0.478561 0.193788 -0.583512
v 0.450563 0.154034 -0.572411
v 0.511299 0.195177 -0.545000
v 0.893507 0.208200 -0.561842
v 1.002593 0.099928 -0.555890
v -0.714161 0.225693 -0.597861
v -0.678371 0.201090 -0.597051
v -0.698154 0.179142 -0.576778
v -0.621236 0.102416 -0.589222
v 0.396963 0.111925 -0.597624
v -0.795115 0.212641 -0.557400
v -0.750613 0.249122 -0.606213
v -0.719855 0.239925 -0.617736
v -0.652227 0.102416 -0.633588
v 0.325388 0.082599 -0.587432
v 0.349967 0.089423 -0.596567
v 0.905268 0.267148 -0.623176
v 0.937961 0.169097 -0.580791
v -0.698720 0.253661 -0.617511
v -0.677411 0.260400 -0.635787
v -0.607793 0.102416 -0.612884
v -0.571251 0.102416 -0.623095
v 0.437789 0.185998 -0.611851
v 0.404532 0.175459 -0.633922
v 0.501336 0.218927 -0.628855
v 0.459306 0.187192 -0.623457
v -0.801183 0.299652 -0.617544
v -0.772575 0.247625 -0.607219
v -0.771581 0.299659 -0.637282
v -0.731465 0.270179 -0.636944
v -0.681897 0.257747 -0.656754
v -0.607587 0.102416 -0.638327
v 0.304612 0.082599 -0.618012
v 0.334806 0.111925 -0.635868
v 0.953767 0.251013 -0.628454
v 0.944836 0.281819 -0.649358
v -0.776367 0.270843 -0.680031
v -0.746662 0.285059 -0.654616
v -0.710585 0.270857 -0.657738
v -0.645676 0.102416 -0.660217
v -0.606672 0.102416 -0.655853
v 0.307068 0.082599 -0.641725
v 0.335315 0.111925 -0.657952
v 0.921367 0.276081 -0.658755
v 0.965244 0.260306 -0.655089
v -0.702063 0.242114 -0.671966
v -0.657113 0.102416 -0.680965
v -0.617085 0.102416 -0.684435
v -0.589566 0.102416 -0.681494
v 0.336683 0.111925 -0.681249
v 0.911538 0.271780 -0.683345
v 0.893767 0.271663 -0.683661
v 0.946514 0.243207 -0.685712
v 0.972768 0.242994 -0.688728
v -0.612559 0.102416 -0.715124
v -0.711346 0.090075 -0.737458
v -0.766400 0.197851 -0.708554
v -0.675888 0.054515 -0.742013
v -0.810655 0.167247 -0.736351
v 0.274372 0.360439 0.845711
v -0.137108 0.151861 0.634426
v 1.000672 0.160195 0.537350
v -0.452493 0.100453 0.316938
v 0.103468 -0.018125 0.226592
v -0.450781 -0.007317 0.207150
v -0.295036 0.014723 0.172813
v -0.467178 -0.009154 0.155286
v -0.523562 0.014723 0.129781
v -0.052344 -0.065186 0.236687
v -0.323386 -0.034973 0.203739
v -0.225804 -0.021298 0.229657
v -0.112747 -0.092087 0.215391
v -0.020787 -0.060123 0.220497
v 0.069253 -0.053748 0.199577
v -0.362785 -0.032888 0.203472
v -0.219644 -0.035384 0.196045
v -0.372599 -0.036257 0.185833
v -0.294210 -0.018150 0.215717
v -0.273114 -0.026525 0.232886
v -0.260595 0.014723 0.174148
v -0.111256 -0.100958 0.157768
v -0.064451 -0.077286 0.216175
v -0.076512 -0.110746 0.187047
v -0.009255 -0.082503 0.191845
v 0.039446 -0.066419 0.176963
v -0.452956 -0.021268 0.173469
v -0.161939 0.014723 0.163694
v -0.014889 -0.090346 0.172079
v 0.082771 -0.056934 0.159105
v 0.102900 -0.036195 0.202432
v -0.503392 -0.022844 0.152175
v 0.011179 -0.075606 0.166473
v 0.061377 -0.058088 0.142761
v 0.099762 -0.038437 0.123230
v 0.011577 -0.051064 0.121087
v 0.059639 -0.068282 0.121720
v 0.041426 -0.062447 0.102634
v 0.079643 -0.054684 0.085072
v 0.060333 -0.063587 0.055021
v 0.091217 -0.043758 0.036038
v 0.961376 0.106130 -1.001855
vn 0.5395 0.5730 0.6169
vn 0.5665 0.8227 0.0479
vn 0.6705 0.5096 0.5391
vn 0.5052 0.8606 0.0639
vn -0.1963 0.8659 0.4601
vn -0.2313 0.4743 0.8494
vn -0.1158 0.8034 0.5841
vn -0.0748 0.6833 0.7263
vn -0.1447 0.9095 0.3896
vn -0.3148 0.6367 0.7040
vn -0.3842 0.9233 -0.0030
vn 0.1727 0.8409 0.5129
vn -0.3966 0.5949 0.6992
vn 0.1732 0.7801 0.6012
vn 0.4121 0.6515 0.6369
vn -0.1010 0.5825 0.8066
vn -0.1065 0.6357 0.7646
vn 0.0238 0.6257 0.7797
vn -0.0735 0.4646 0.8825
vn -0.0702 0.4629 0.8836
vn -0.0698 0.4627 0.8837
vn -0.0609 0.5079 0.8593
vn 0.0545 0.4840 0.8734
vn -0.0571 0.5858 0.8084
vn -0.0918 0.5639 0.8207
vn 0.2944 0.4256 0.8557
vn 0.1548 0.4254 0.8917
vn 0.0755 0.4837 0.8719
vn 0.1641 0.5867 0.7930
vn 0.0001 0.7078 0.7065
vn 0.3918 0.4949 0.7756
vn -0.0842 0.7453 0.6614
vn -0.2216 0.5154 0.8278
vn -0.3924 0.7071 0.5883
vn -0.1751 0.7733 0.6095
vn 0.0295 0.7523 0.6581
vn 0.3639 0.7235 0.5866
vn 0.5055 0.5867 0.6326
vn 0.2509 0.9360 0.2471
vn -0.3695 0.5780 0.7276
vn 0.5514 0.5941 0.5857
vn 0.2378 0.9713 -0.0086
vn 0.1135 0.8262 0.5519
vn -0.0994 0.6782 0.7282
vn -0.4644 0.3635 0.8076
vn -0.3565 0.5045 0.7864
vn -0.2489 0.5893 0.7686
vn 0.2644 0.5189 0.8129
vn 0.0298 0.7509 0.6598
vn 0.2483 0.6293 0.7364
vn -0.0384 0.7927 0.6084
vn -0.0377 0.7920 0.6094
vn -0.0353 0.7891 0.6133
vn 0.0267 0.8413 0.5399
vn -0.2038 0.7934 0.5736
vn -0.3559 0.7706 0.5286
vn -0.4332 0.6596 0.6142
vn -0.4064 0.7078 0.5777
vn 0.1345 0.7752 0.6173
vn -0.6694 0.5465 0.5032
vn -0.1130 0.7621 0.6375
vn 0.0309 0.9392 0.3420
vn -0.3083 0.7580 0.5748
vn -0.1426 0.8381 0.5266
vn 0.0802 0.6698 0.7382
vn 0.2162 0.5347 0.8169
vn 0.3788 0.9198 0.1020
vn 0.3722 0.9221 0.1059
vn 0.3815 0.9189 0.1004
vn -0.4829 0.4967 0.7212
vn -0.4568 0.4963 0.7383
vn -0.3025 0.4550 0.8375
vn -0.0676 0.4643 0.8831
vn -0.1664 0.4381 0.8834
vn 0.0256 0.4937 0.8693
vn -0.0782 0.5289 0.8451
vn 0.0237 0.5610 0.8275
vn 0.4730 0.6127 0.6331
vn 0.0011 0.7487 0.6629
vn 0.1406 0.7279 0.6711
vn 0.0785 0.7642 0.6402
vn 0.0759 0.7654 0.6391
vn 0.0637 0.7640 0.6421
vn -0.4594 0.6405 0.6154
vn 0.5290 0.7206 0.4482
vn 0.6155 0.6096 0.4995
vn 0.2954 0.8391 0.4567
vn 0.4082 0.4869 0.7722
vn 0.4600 0.4088 0.7882
vn -0.6169 0.6001 0.5092
vn -0.1661 0.7021 0.6924
vn -0.4035 0.9135 0.0513
vn -0.2210 0.9685 0.1148
vn -0.2782 0.9141 0.2949
vn -0.4087 0.5651 0.7167
vn 0.2883 0.6207 0.7291
vn -0.0148 0.9834 0.1810
vn 0.0840 0.7610 0.6433
vn -0.1463 0.7059 0.6930
vn -0.4170 0.6830 0.5997
vn -0.3629 0.6263 0.6900
vn 0.2559 0.5641 0.7850
vn 0.4785 0.8628 0.1630
vn 0.4213 0.8950 0.1465
vn -0.2889 0.9057 0.3104
vn 0.0252 0.9791 0.2016
vn 0.0341 0.9790 0.2010
vn 0.0359 0.9789 0.2009
vn -0.5325 0.7539 0.3847
vn -0.3709 0.8438 0.3878
vn 0.0780 0.8767 0.4747
vn 0.2682 0.8120 0.5185
vn 0.3978 0.7651 0.5063
vn 0.5145 0.6944 0.5032
vn -0.3484 0.6448 0.6803
vn 0.4649 0.8017 0.3757
vn 0.2371 0.9289 0.2846
vn 0.2042 0.7752 0.5978
vn 0.4197 0.7797 0.4647
vn 0.4241 0.8035 0.4178
vn 0.4184 0.8075 0.4158
vn 0.4189 0.8074 0.4156
vn 0.5476 0.6650 0.5079
vn 0.1850 0.7197 0.6692
vn -0.6168 0.7450 0.2541
vn -0.0490 0.9943 0.0945
vn 0.2283 0.9108 0.3439
vn -0.3518 0.9169 0.1884
vn -0.7684 0.5434 0.3380
vn 0.2421 0.8159 0.5251
vn -0.3771 0.9133 0.1540
vn -0.3808 0.9130 0.1463
vn -0.3772 0.9133 0.1533
vn -0.3488 0.8721 0.3431
vn -0.0447 0.9989 -0.0150
vn -0.2614 0.9525 0.1563
vn 0.2082 0.8833 0.4201
vn 0.3901 0.8798 0.2716
vn -0.0288 0.8930 0.4491
vn -0.3441 0.9319 -0.1145
vn 0.3766 0.9233 -0.0748
vn -0.7724 0.6331 -0.0514
vn -0.9196 0.3477 0.1826
vn 0.7079 0.6448 0.2882
vn -0.4716 0.7639 -0.4405
vn 0.6734 0.6398 -0.3704
vn -0.0788 0.9824 -0.1694
vn -0.0785 0.9824 -0.1693
vn -0.0790 0.9824 -0.1695
vn 0.4071 0.9050 0.1233
vn 0.0195 0.9754 0.2196
vn 0.4494 0.8170 -0.3612
vn 0.6967 0.7093 -0.1074
vn 0.3436 0.9284 -0.1414
vn 0.1639 0.9795 -0.1171
vn 0.0105 0.9342 -0.3565
vn -0.6166 0.6881 -0.3825
vn 0.4656 0.8711 -0.1561
vn -0.2014 0.9726 -0.1161
vn 0.7096 0.0521 -0.7027
vn 0.3855 0.9219 0.0398
vn -0.3846 0.6292 -0.6754
vn 0.3250 0.6003 -0.7308
vn -0.7865 0.6167 -0.0332
vn 0.4767 0.8130 -0.3343
vn 0.2552 0.9023 -0.3476
vn 0.2497 0.9009 -0.3549
vn 0.2557 0.9021 -0.3475
vn 0.2494 0.9007 -0.3556
vn 0.0661 0.8577 -0.5099
vn 0.2507 0.7616 -0.5977
vn -0.4783 0.7651 -0.4311
vn -0.8198 0.4411 -0.3653
vn 0.6944 0.5822 -0.4229
vn 0.3237 0.8348 -0.4453
vn 0.4417 0.7883 -0.4284
vn 0.4413 0.7887 -0.4280
vn 0.3880 0.8159 -0.4286
vn 0.3333 0.7652 -0.5508
vn 0.7083 0.5693 -0.4173
vn 0.3312 0.5701 -0.7519
vn -0.6575 0.5008 -0.5629
vn 0.4071 0.7699 -0.4915
vn 0.3866 0.7849 -0.4842
vn -0.3670 0.6516 -0.6639
vn -0.4626 0.5759 -0.6741
vn 0.6529 0.5201 -0.5506
vn 0.5113 0.7302 -0.4533
vn -0.8013 0.5321 -0.2733
vn 0.4112 0.7748 -0.4802
vn 0.4262 0.8768 -0.2227
vn -0.1153 0.8568 -0.5026
vn 0.3978 0.7975 -0.4536
vn 0.4172 0.8128 -0.4066
vn 0.4190 0.8111 -0.4082
vn 0.4151 0.8150 -0.4044
vn 0.4191 0.8108 -0.4086
vn 0.3411 0.9062 -0.2500
vn 0.3802 0.8289 -0.4102
vn 0.4408 0.6809 -0.5849
vn 0.6393 0.7637 0.0893
vn -0.3543 0.7051 -0.6142
vn -0.2843 0.4115 -0.8659
vn 0.2386 0.9687 -0.0683
vn 0.2446 0.9671 -0.0692
vn 0.2380 0.9688 -0.0683
vn 0.2449 0.9670 -0.0696
vn 0.6193 0.7068 -0.3419
vn -0.1249 0.9863 0.1078
vn 0.3444 0.8591 -0.3786
vn 0.3978 0.8456 -0.3560
vn 0.3975 0.8458 -0.3557
vn 0.3978 0.8455 -0.3561
vn 0.4314 0.8237 -0.3679
vn 0.5636 0.7168 -0.4106
vn -0.1244 0.9519 0.2799
vn -0.4105 0.6937 -0.5918
vn 0.5635 0.4991 -0.6582
vn -0.3235 0.5217 -0.7894
vn 0.0267 0.8438 -0.5359
vn 0.1893 0.4820 -0.8555
vn 0.0443 0.7409 -0.6701
vn 0.2421 0.6545 -0.7162
vn -0.1847 0.5293 -0.8281
vn 0.0015 0.7121 -0.7020
vn -0.3051 0.5988 -0.7405
vn 0.1471 0.6536 -0.7424
vn 0.0092 0.6555 -0.7552
vn 0.1422 0.7302 -0.6683
vn -0.1860 0.8424 -0.5058
vn 0.3510 0.8871 -0.2999
vn -0.3266 0.8170 -0.4752
vn -0.9714 -0.0329 0.2353
vn 0.4554 0.8704 -0.1872
vn -0.4486 0.7206 -0.5287
vn -0.5611 0.7811 0.2740
vn 0.4085 0.8583 -0.3106
vn 0.4113 0.8547 -0.3166
vn 0.4095 0.8579 -0.3103
vn 0.4522 0.8487 -0.2742
vn 0.4511 0.8162 -0.3610
vn 0.5603 0.7909 -0.2462
vn 0.4781 0.8679 -0.1349
vn 0.2726 0.9588 -0.0792
vn 0.0461 0.9859 -0.1608
vn 0.3304 0.9355 0.1253
vn -0.3325 0.7925 -0.5112
vn -0.3305 0.7960 -0.5071
vn -0.3331 0.7914 -0.5125
vn 0.0016 0.7286 -0.6850
vn -0.0055 0.8047 -0.5936
vn -0.1329 0.6786 -0.7224
vn 0.3946 0.8802 -0.2636
vn 0.3941 0.8615 -0.3201
vn -0.6411 -0.7669 0.0290
vn 0.1203 0.9920 -0.0385
vn 0.0825 0.9810 -0.1758
vn 0.1163 0.9553 -0.2717
vn -0.3474 0.6789 -0.6468
vn -0.1859 0.7344 -0.6528
vn -0.3766 0.6261 -0.6828
vn 0.2511 0.8075 -0.5337
vn -0.6179 0.7665 0.1752
vn 0.4009 0.8742 -0.2741
vn 0.4340 0.8471 -0.3067
vn 0.4350 0.8464 -0.3071
vn 0.4339 0.8472 -0.3066
vn 0.4555 0.8360 -0.3061
vn 0.4602 0.8352 -0.3011
vn 0.4497 0.8405 -0.3023
vn 0.5020 0.8216 -0.2701
vn 0.0578 0.9875 -0.1465
vn 0.0582 0.9875 -0.1463
vn 0.0575 0.9874 -0.1471
vn 0.1381 0.9884 0.0632
vn -0.0006 0.9993 -0.0375
vn -0.1903 0.9724 -0.1353
vn 0.1352 0.9866 -0.0907
vn -0.2540 0.8524 -0.4571
vn 0.0254 0.9666 -0.2550
vn -0.2833 0.8507 -0.4428
vn 0.0377 0.8902 -0.4540
vn 0.1072 0.9939 -0.0244
vn 0.1829 0.9821 -0.0442
vn 0.6347 0.7449 -0.2056
vn -0.9024 0.4308 -0.0028
vn 0.4995 0.8535 -0.1487
vn 0.3383 0.9284 -0.1534
vn 0.0766 0.9850 -0.1545
vn 0.0749 0.9856 -0.1514
vn 0.0769 0.9856 -0.1504
vn 0.0723 0.9856 -0.1527
vn 0.0735 0.9863 -0.1479
vn -0.1350 0.9718 -0.1935
vn 0.1216 0.9902 -0.0691
vn 0.1496 0.9868 -0.0620
vn 0.0247 0.9855 0.1679
vn 0.0239 0.9853 0.1692
vn 0.0203 0.9843 0.1755
vn -0.2627 0.9196 -0.2921
vn 0.0640 0.9781 0.1980
vn 0.4620 0.8868 0.0088
vn 0.4229 0.9032 0.0737
vn 0.4234 0.9029 0.0738
vn 0.4227 0.9035 0.0713
vn 0.7142 0.6952 0.0810
vn 0.4062 0.9138 -0.0084
vn 0.4062 0.9137 -0.0081
vn 0.4062 0.9137 -0.0085
vn 0.2189 0.9373 -0.2714
vn 0.5268 0.8134 -0.2468
vn 0.4806 0.8242 -0.2995
vn 0.4072 0.8713 -0.2739
vn 0.4469 0.8551 -0.2626
vn 0.4839 0.8310 -0.2745
vn 0.4454 0.8422 -0.3038
vn 0.4459 0.8419 -0.3040
vn 0.4455 0.8420 -0.3042
vn 0.0273 0.9930 -0.1147
vn -0.0472 0.9932 -0.1063
vn 0.1129 0.9934 0.0187
vn 0.1127 0.9934 0.0191
vn 0.1125 0.9935 0.0182
vn 0.2826 0.9508 0.1270
vn 0.0195 0.9841 0.1768
vn -0.1170 0.9780 0.1726
vn -0.1025 0.9908 -0.0884
vn -0.1017 0.9909 -0.0877
vn -0.1015 0.9910 -0.0878
vn 0.6933 0.7165 0.0773
vn 0.7130 0.6950 0.0935
vn -0.3652 0.8568 0.3639
vn -0.8768 0.4444 0.1838
vn 0.4018 0.7415 -0.5374
vn -0.1318 0.8942 -0.4278
vn 0.4664 0.8464 -0.2571
vn 0.4613 0.8495 -0.2558
vn 0.4568 0.8524 -0.2546
vn -0.0009 0.9653 -0.2610
vn 0.0539 0.9921 -0.1131
vn 0.0631 0.9905 -0.1223
vn 0.0625 0.9906 -0.1215
vn -0.0036 0.9938 -0.1115
vn -0.0036 0.9938 -0.1116
vn -0.0033 0.9937 -0.1122
vn -0.0253 0.9920 -0.1239
vn -0.0253 0.9923 -0.1210
vn -0.0253 0.9919 -0.1245
vn 0.0125 0.9990 -0.0438
vn 0.1101 0.9939 0.0099
vn 0.0340 0.9967 0.0742
vn 0.0340 0.9967 0.0736
vn 0.0339 0.9970 0.0694
vn 0.0779 0.9904 0.1141
vn -0.0252 0.9996 -0.0118
vn 0.2463 0.9666 -0.0705
vn 0.4995 0.8623 -0.0841
vn 0.3796 0.9145 -0.1402
vn 0.6876 0.7259 -0.0163
vn 0.5976 0.8017 -0.0112
vn 0.3784 0.8550 0.3546
vn 0.4754 0.8470 -0.2381
vn 0.4311 0.8760 -0.2163
vn 0.4510 0.8016 -0.3924
vn -0.0733 0.9840 -0.1623
vn -0.0733 0.9841 -0.1617
vn -0.0732 0.9838 -0.1633
vn -0.0063 0.9906 -0.1363
vn -0.0005 0.9903 -0.1393
vn -0.0069 0.9907 -0.1362
vn 0.0606 0.9884 -0.1392
vn 0.0303 0.9891 -0.1441
vn -0.0492 0.9923 -0.1137
vn -0.0285 0.9959 -0.0855
vn -0.0441 0.9949 -0.0907
vn -0.0394 0.9991 0.0169
vn 0.0132 0.9954 0.0951
vn 0.0139 0.9954 0.0950
vn 0.0240 0.9957 0.0892
vn 0.0246 0.9958 0.0886
vn -0.0601 0.9139 0.4016
vn -0.2785 0.9514 0.1312
vn 0.4710 0.8552 0.2165
vn 0.6832 0.7252 0.0852
vn 0.2447 0.9208 -0.3037
vn 0.0216 0.9953 0.0947
vn 0.3978 0.8216 -0.4083
vn -0.2637 0.9640 -0.0335
vn -0.0272 0.9958 0.0877
vn 0.0106 0.9857 -0.1683
vn 0.0025 0.9963 0.0858
vn 0.2258 0.9609 0.1600
vn 0.4998 0.8607 0.0969
vn -0.0911 0.9804 0.1746
vn -0.3046 0.9525 0.0066
vn 0.1880 0.9618 0.1990
vn 0.6366 0.7625 0.1157
vn 0.1704 0.7334 -0.6581
vn 0.4572 0.7188 -0.5238
vn 0.3787 0.7913 -0.4799
vn 0.0811 0.9812 -0.1750
vn 0.2753 0.2114 -0.9378
vn 0.0068 0.9978 -0.0665
vn 0.0074 0.9977 -0.0672
vn 0.0108 0.9974 -0.0717
vn -0.0287 0.9955 0.0904
vn -0.0313 0.9953 0.0914
vn -0.0317 0.9953 0.0914
vn 0.0013 0.9938 0.1116
vn 0.0045 0.9939 0.1106
vn 0.0041 0.9938 0.1115
vn 0.0501 0.9964 0.0685
vn 0.1019 0.9621 -0.2529
vn 0.2004 0.9797 0.0009
vn 0.6521 0.7559 -0.0579
vn 0.7788 0.5604 -0.2818
vn 0.1053 0.9807 -0.1648
vn 0.7754 0.6263 0.0803
vn 0.6987 0.7003 0.1465
vn -0.1708 0.8855 0.4321
vn -0.2203 0.9626 -0.1577
vn 0.2902 0.9484 -0.1275
vn 0.2398 0.9525 -0.1877
vn -0.1485 0.8847 0.4419
vn -0.2491 0.9630 -0.1028
vn 0.0116 0.9973 -0.0727
vn -0.2080 0.9769 -0.0491
vn -0.1653 0.9840 -0.0669
vn 0.0243 0.9922 0.1221
vn 0.0277 0.9919 0.1243
vn 0.0298 0.9919 0.1233
vn 0.0619 0.9865 0.1517
vn -0.3236 0.8029 0.5006
vn -0.3205 0.8099 0.4913
vn -0.3237 0.8027 0.5009
vn 0.7851 0.6194 -0.0020
vn -0.6230 0.7775 0.0856
vn -0.8311 0.5003 -0.2427
vn 0.0162 0.7204 -0.6934
vn 0.0098 0.7168 -0.6972
vn 0.0118 0.7178 -0.6962
vn 0.2515 0.6561 -0.7115
vn 0.1139 0.9150 -0.3871
vn 0.2191 0.9708 -0.0977
vn 0.1725 0.9268 -0.3336
vn 0.1725 0.9268 -0.3337
vn 0.1728 0.9261 -0.3354
vn -0.2583 0.7552 -0.6025
vn 0.0565 0.9623 -0.2661
vn -0.1537 0.9254 -0.3465
vn 0.1072 0.9858 0.1290
vn -0.4875 0.8332 0.2610
vn 0.6116 0.7763 -0.1528
vn 0.4970 0.8208 0.2817
vn 0.6076 0.7926 0.0519
vn 0.6206 0.7841 -0.0048
vn 0.6205 0.7842 -0.0050
vn 0.6209 0.7839 -0.0044
vn 0.6202 0.7844 -0.0054
vn 0.0887 0.9960 0.0099
vn -0.8824 0.4458 0.1504
vn 0.1524 0.9554 -0.2528
vn -0.2664 0.9638 0.0129
vn -0.2809 0.9069 0.3141
vn -0.3538 0.9311 0.0890
vn -0.5100 0.6401 0.5746
vn -0.1042 0.7617 0.6395
vn -0.4867 0.4977 0.7179
vn 0.1952 0.9789 0.0607
vn 0.4974 0.8622 0.0964
vn 0.4762 0.6873 0.5486
vn 0.0502 0.9784 0.2007
vn -0.3615 0.9057 -0.2215
vn -0.0283 0.9932 0.1132
vn -0.0322 0.9926 0.1171
vn -0.0248 0.9937 0.1096
vn -0.1059 0.8405 0.5314
vn 0.3825 0.7136 0.5870
vn -0.4142 0.5773 0.7037
vn 0.5907 0.8057 -0.0434
vn 0.7439 0.5301 0.4069
vn 0.6802 0.6943 0.2350
vn -0.6230 0.7625 0.1744
vn -0.8182 0.4112 -0.4017
vn -0.4944 0.8690 0.0206
vn 0.0723 0.9925 0.0989
vn 0.0097 0.9926 0.1212
vn 0.0096 0.9926 0.1208
vn 0.0048 0.9930 0.1177
vn -0.1626 0.9859 0.0405
vn -0.5710 0.7089 0.4141
vn -0.0566 0.8996 0.4331
vn -0.6491 0.7277 0.2217
vn 0.6288 0.7239 0.2839
vn 0.6707 0.7243 0.1598
vn -0.1468 0.4233 -0.8940
vn -0.2767 0.9248 0.2613
vn -0.1001 0.9949 0.0109
vn -0.4718 0.8603 0.1930
vn -0.1148 0.9176 0.3805
vn 0.0864 0.9961 -0.0202
vn 0.2403 0.9662 -0.0934
vn 0.4749 0.5296 -0.7029
vn -0.3484 0.4168 -0.8395
vn -0.4957 0.6234 0.6047
vn -0.6009 0.7317 0.3218
vn -0.6795 0.5931 0.4318
vn 0.2099 0.9637 0.1650
vn 0.5134 0.8576 0.0294
vn 0.4555 0.8673 0.2006
vn 0.5080 0.8608 0.0308
vn 0.6531 0.7251 0.2184
vn 0.5556 0.7925 0.2515
vn 0.4972 0.7293 -0.4701
vn -0.0356 0.3677 -0.9293
vn -0.4495 0.8655 -0.2210
vn -0.0393 0.9977 0.0553
vn -0.0392 0.9977 0.0553
vn -0.0304 0.9980 0.0555
vn 0.0069 0.9961 0.0884
vn 0.4672 0.8835 -0.0350
vn -0.4558 0.8313 0.3182
vn -0.1093 0.8608 0.4971
vn 0.2796 0.9593 0.0402
vn 0.4821 0.8505 -0.2101
vn 0.7322 0.6777 0.0684
vn 0.6061 0.7722 -0.1906
vn 0.4615 0.8867 0.0282
vn -0.1722 0.9514 -0.2553
vn -0.0464 0.9840 0.1723
vn 0.2164 0.6976 0.6830
vn -0.3355 0.8401 0.4262
vn -0.3442 0.8983 0.2731
vn -0.7307 0.6445 -0.2252
vn -0.7628 0.4361 0.4775
vn 0.3440 0.9105 0.2296
vn 0.3784 0.8067 0.4539
vn 0.5433 0.8304 0.1235
vn 0.6848 0.7169 0.1306
vn -0.8160 0.5533 -0.1674
vn 0.3140 0.8721 0.3752
vn 0.2173 0.9420 0.2557
vn 0.6392 0.7185 0.2743
vn 0.6223 0.7793 0.0735
vn 0.4734 0.8713 -0.1289
vn 0.7701 0.6193 0.1530
vn -0.0000 1.0000 -0.0000
vn -0.0311 0.9987 -0.0403
vn -0.0335 0.9986 -0.0405
vn -0.0314 0.9987 -0.0405
vn -0.0361 0.9985 -0.0407
vn -0.2574 0.9663 -0.0062
vn -0.5930 0.7356 0.3274
vn -0.6142 0.5153 0.5977
vn 0.0060 0.8824 -0.4705
vn 0.3725 0.9209 -0.1150
vn 0.5723 0.7769 0.2624
vn 0.6243 0.7799 0.0456
vn 0.6389 0.7686 0.0313
vn 0.6188 0.7436 0.2533
vn 0.6021 0.7978 -0.0332
vn 0.7641 0.5487 0.3393
vn 0.1934 0.5707 0.7981
vn -0.6736 0.3591 0.6460
vn -0.1285 0.9826 -0.1340
vn -0.0573 0.9975 -0.0423
vn -0.7297 0.6838 0.0012
vn 0.0260 0.9986 0.0450
vn 0.5949 0.5108 0.6206
vn -0.1738 0.9081 0.3811
vn -0.6909 0.7047 -0.1615
vn -0.7522 0.5650 0.3390
vn -0.1993 0.7523 0.6279
vn 0.3965 0.8937 -0.2099
vn 0.4455 0.8253 0.3470
vn 0.7609 0.6155 0.2054
vn 0.3234 0.9432 0.0762
vn 0.5351 0.8442 -0.0314
vn 0.1736 0.5602 0.8099
vn -0.1630 0.5884 0.7920
vn -0.1922 0.5894 0.7847
vn -0.4510 0.5566 0.6978
vn 0.2920 0.9549 -0.0547
vn -0.6825 0.6952 -0.2258
vn -0.6827 0.5547 0.4757
vn -0.8492 0.4478 -0.2800
vn -0.8481 0.4493 -0.2809
vn -0.4710 0.8083 0.3533
vn 0.0546 0.9971 -0.0537
vn 0.5374 0.7805 0.3195
vn 0.5262 0.7860 -0.3245
vn 0.1797 0.7628 0.6212
vn 0.3797 0.9148 0.1375
vn -0.1919 0.9799 -0.0546
vn -0.1284 0.9865 -0.1020
vn -0.1282 0.9865 -0.1021
vn -0.1370 0.9853 -0.1020
vn -0.1187 0.9860 -0.1173
vn -0.2507 0.9621 -0.1076
vn -0.1974 0.9793 -0.0448
vn -0.3301 0.7352 -0.5920
vn 0.4932 0.8472 -0.1976
vn -0.3060 0.9466 -0.1018
vn 0.6822 0.7001 0.2110
vn 0.5795 0.8015 0.1480
vn 0.5777 0.8106 0.0959
vn 0.5358 0.8429 -0.0499
vn -0.0977 0.9800 -0.1733
vn -0.6430 0.7206 0.2594
vn 0.1488 0.8797 0.4516
vn -0.2003 0.9775 -0.0664
vn -0.0966 0.9879 -0.1214
vn -0.0968 0.9880 -0.1205
vn -0.1001 0.9873 -0.1235
vn -0.6732 0.7269 0.1353
vn -0.4156 0.6259 0.6600
vn 0.8685 0.4400 -0.2281
vn 0.1656 0.9695 -0.1805
vn 0.0676 0.9973 0.0290
vn 0.1887 0.9769 0.1003
vn -0.3710 0.6029 -0.7064
vn -0.8421 0.3681 0.3941
vn 0.1245 0.9706 -0.2062
vn 0.4127 0.8830 0.2234
vn 0.6345 0.7099 -0.3057
vn 0.4515 0.8567 -0.2496
vn 0.0141 0.9993 0.0349
vn -0.1864 0.9768 -0.1054
vn -0.1042 0.9880 -0.1136
vn -0.1048 0.9878 -0.1152
vn -0.7200 0.6644 -0.2006
vn -0.7015 0.4540 0.5493
vn 0.1337 0.9799 0.1480
vn -0.9015 0.3863 -0.1953
vn 0.8578 0.2565 0.4454
vn 0.0523 0.9943 -0.0934
vn 0.8380 0.3797 -0.3919
vn -0.5215 0.8520 0.0462
vn -0.7154 0.6513 -0.2531
vn 0.6426 0.7303 0.2320
vn -0.0125 0.9778 -0.2090
vn -0.5324 0.7214 -0.4428
vn -0.5323 0.7214 -0.4430
vn -0.5346 0.7220 -0.4393
vn -0.7031 0.5523 -0.4479
vn 0.4038 0.8572 -0.3196
vn 0.3935 0.9026 -0.1746
vn 0.3921 0.9041 -0.1698
vn 0.3938 0.9024 -0.1752
vn 0.6077 0.7926 -0.0506
vn 0.5295 0.8479 0.0253
vn 0.5874 0.8083 0.0399
vn 0.4554 0.5480 0.7017
vn -0.4952 0.8565 -0.1454
vn 0.3569 0.7152 -0.6009
vn -0.7098 0.6749 -0.2017
vn -0.7396 0.6607 0.1282
vn -0.7427 0.5437 -0.3909
vn -0.1290 0.9676 0.2170
vn -0.0149 0.8977 -0.4403
vn 0.1931 0.9704 -0.1449
vn 0.6449 0.6549 -0.3940
vn 0.5690 0.7744 -0.2766
vn 0.5292 0.8166 -0.2303
vn -0.0026 0.9984 -0.0568
vn 0.1420 0.9894 -0.0298
vn 0.2395 0.9285 0.2836
vn 0.0109 0.9998 0.0188
vn -0.6712 0.7258 -0.1508
vn -0.4045 0.7426 0.5337
vn 0.0407 0.9983 -0.0405
vn 0.4722 0.8780 -0.0789
vn 0.5640 0.8104 -0.1587
vn 0.5449 0.5759 -0.6094
vn 0.2081 0.7500 -0.6279
vn 0.2001 0.7514 -0.6287
vn -0.5489 0.4788 -0.6852
vn -0.0813 0.9841 -0.1579
vn 0.1463 0.9892 -0.0132
vn -0.1833 0.9584 -0.2189
vn 0.1282 0.9915 0.0210
vn 0.1262 0.9918 0.0216
vn 0.2258 0.9734 0.0378
vn -0.0670 0.9955 -0.0668
vn -0.0669 0.9955 -0.0665
vn -0.3025 0.9500 -0.0774
vn -0.6887 0.6123 -0.3882
vn -0.8039 0.5013 0.3201
vn -0.8106 0.4927 0.3164
vn -0.8037 0.5016 0.3201
vn -0.1768 0.9156 -0.3613
vn 0.2194 0.9740 -0.0568
vn 0.2135 0.9759 -0.0458
vn 0.2135 0.9759 -0.0460
vn 0.7566 0.6522 -0.0465
vn 0.4642 0.8347 -0.2963
vn 0.2452 0.9173 -0.3138
vn -0.0672 0.9955 -0.0671
vn -0.1563 0.7918 -0.5905
vn -0.8207 0.4212 -0.3861
vn 0.3149 0.9265 0.2062
vn 0.5191 0.8411 -0.1521
vn -0.6116 0.7901 0.0407
vn -0.0005 1.0000 -0.0041
vn 0.0006 1.0000 0.0040
vn 0.0275 0.9636 -0.2658
vn 0.1651 0.9316 0.3238
vn -0.5004 0.5952 -0.6287
vn 0.1610 0.9862 0.0391
vn 0.5298 0.6181 -0.5807
vn 0.2869 0.8426 -0.4558
vn 0.5442 0.6876 -0.4806
vn 0.7696 0.5610 -0.3049
vn 0.3864 0.9096 -0.1531
vn 0.3616 0.5313 -0.7662
vn 0.4416 0.6523 -0.6160
vn 0.4593 0.6822 -0.5689
vn 0.6562 0.6606 0.3648
vn -0.4055 0.8863 0.2238
vn 0.0514 0.9547 -0.2931
vn -0.2861 0.7443 -0.6035
vn -0.5156 0.8017 -0.3023
vn -0.6061 0.6816 -0.4100
vn 0.1992 0.9756 0.0926
vn 0.5713 0.7187 0.3964
vn -0.6334 0.6408 -0.4338
vn -0.5247 0.8428 -0.1196
vn -0.5878 0.8038 -0.0920
vn -0.4227 0.9062 -0.0102
vn 0.1958 0.9750 -0.1050
vn 0.5828 0.8055 0.1073
vn 0.3952 0.3621 -0.8442
vn 0.3370 0.7673 -0.5455
vn 0.0841 0.8748 -0.4772
vn 0.3474 0.9374 0.0233
vn -0.6074 0.7672 -0.2063
vn -0.8720 0.0325 -0.4884
vn 0.0156 0.9963 0.0844
vn -0.5614 0.6261 -0.5411
vn -0.0205 0.8703 -0.4920
vn 0.3061 0.9507 0.0506
vn 0.7460 0.6294 0.2177
vn 0.2396 0.4453 0.8627
vn 0.2748 0.5513 0.7877
vn 0.0661 0.9420 0.3290
vn -0.1584 0.9627 -0.2193
vn -0.4075 0.7665 -0.4964
vn 0.1120 0.9937 -0.0035
vn 0.8934 0.3869 0.2284
vn 0.5619 0.8105 0.1652
vn -0.4429 0.7673 0.4638
vn -0.0376 0.7639 0.6442
vn 0.1301 0.9304 -0.3428
vn 0.1655 0.9736 0.1570
vn -0.2420 0.7373 -0.6307
vn 0.2005 0.9590 0.2003
vn 0.6339 0.7574 -0.1568
vn 0.5485 0.8179 0.1735
vn 0.5492 0.8173 0.1745
vn 0.5486 0.8178 0.1736
vn -0.0858 0.8457 0.5267
vn -0.1184 0.9013 0.4166
vn -0.0991 0.9866 -0.1299
vn -0.3993 0.7693 -0.4987
vn -0.7231 0.3859 -0.5728
vn -0.2745 0.9458 0.1733
vn -0.8887 0.4203 -0.1832
vn -0.0459 0.4598 -0.8868
vn -0.1351 0.6298 -0.7649
vn 0.6387 0.4397 -0.6315
vn -0.0156 0.5020 0.8647
vn 0.8856 0.3661 0.2858
vn 0.8244 0.5225 0.2176
vn 0.3307 0.9373 -0.1099
vn 0.5547 0.7852 0.2751
vn -0.2744 0.9600 0.0551
vn 0.2115 0.8848 0.4153
vn 0.1906 0.9707 -0.1461
vn -0.2157 0.9764 -0.0048
vn -0.4091 0.7908 0.4553
vn -0.8407 0.4965 -0.2160
vn -0.2453 0.7345 0.6327
vn 0.0184 0.5407 -0.8410
vn -0.0106 0.8409 -0.5410
vn 0.5810 0.5589 -0.5917
vn 0.7540 0.4331 -0.4939
vn 0.5910 0.7977 0.1204
vn 0.5253 0.8496 0.0469
vn 0.1483 0.9186 -0.3664
vn 0.2623 0.8004 -0.5390
vn 0.0111 0.9843 0.1761
vn 0.0235 0.8877 -0.4598
vn -0.3528 0.9345 0.0471
vn -0.6936 0.6750 0.2515
vn -0.6374 0.7436 -0.2019
vn 0.4276 0.8844 -0.1871
vn -0.7877 0.4902 -0.3731
vn 0.3294 0.9420 0.0646
vn 0.0075 0.9833 0.1816
vn -0.4350 0.3220 -0.8409
vn 0.2281 0.4031 -0.8863
vn 0.2832 0.3955 -0.8737
vn 0.7784 0.6112 0.1435
vn 0.5183 0.3152 0.7950
vn -0.0593 0.9604 0.2723
vn -0.1185 0.9413 0.3162
vn 0.2365 0.9197 0.3134
vn -0.2045 0.8272 0.5234
vn -0.3490 0.9289 0.1238
vn -0.7529 0.6533 0.0797
vn -0.7783 0.5826 0.2343
vn -0.1121 0.9098 0.3996
vn -0.7247 0.6451 0.2419
vn -0.7250 0.6451 0.2412
vn -0.7265 0.6461 0.2340
vn -0.4886 0.8367 -0.2474
vn -0.6635 0.6699 0.3332
vn -0.6645 0.5439 -0.5125
vn 0.0036 0.6617 -0.7498
vn 0.3437 0.4825 -0.8056
vn -0.1484 0.9422 -0.3003
vn 0.3942 0.6910 -0.6060
vn 0.6255 0.5097 -0.5907
vn 0.4413 0.7994 0.4078
vn 0.5602 0.7703 0.3047
vn 0.5939 0.7913 0.1456
vn -0.3254 0.7399 0.5887
vn 0.0634 0.9411 0.3322
vn -0.5481 0.5459 0.6337
vn -0.5481 0.5467 0.6330
vn -0.5481 0.5463 0.6334
vn -0.5935 0.4142 0.6901
vn -0.5437 0.7898 -0.2840
vn -0.7650 0.5697 0.3003
vn -0.2214 0.7264 -0.6507
vn 0.1242 0.9870 -0.1021
vn 0.6770 0.6853 -0.2686
vn 0.0847 0.9913 0.1009
vn 0.4348 0.8901 0.1364
vn 0.3109 0.8471 0.4311
vn 0.3108 0.8470 0.4313
vn 0.3101 0.8462 0.4334
vn 0.8082 0.5666 0.1608
vn -0.2719 0.7080 0.6518
vn 0.1538 0.8403 0.5198
vn -0.1414 0.8529 0.5026
vn -0.3284 0.6458 0.6893
vn -0.8137 0.5617 -0.1495
vn -0.6192 0.7209 0.3113
vn -0.1347 0.9367 0.3231
vn -0.8555 0.5176 -0.0113
vn -0.2455 0.7332 -0.6341
vn -0.4595 0.8352 0.3022
vn 0.3127 0.9372 -0.1544
vn 0.3301 0.5589 -0.7607
vn 0.3477 0.5002 -0.7930
vn 0.2549 0.9536 -0.1603
vn 0.5781 0.6958 0.4262
vn 0.4850 0.8107 -0.3280
vn 0.9452 0.3264 -0.0040
vn 0.7747 0.6323 -0.0033
vn 0.4414 0.8973 -0.0021
vn 0.6907 0.6940 -0.2032
vn 0.0531 0.8920 0.4490
vn -0.5709 0.4742 0.6703
vn -0.2698 0.7538 0.5991
vn -0.5298 0.5707 0.6274
vn -0.0411 0.9301 0.3650
vn -0.5849 0.5735 0.5736
vn 0.4040 0.7236 -0.5596
vn 0.5890 0.8075 -0.0327
vn 0.3398 0.8641 0.3713
vn 0.5693 0.7943 0.2119
vn 0.5051 0.8234 -0.2586
vn 0.1775 0.9132 0.3668
vn -0.1298 0.8322 0.5391
vn -0.5750 0.7029 0.4186
vn -0.5747 0.7031 0.4188
vn -0.5777 0.7006 0.4188
vn -0.5063 0.4916 0.7085
vn 0.4980 0.7746 -0.3899
vn -0.6704 0.6599 0.3394
vn -0.4515 0.7704 -0.4502
vn -0.1648 0.9251 -0.3421
vn 0.6342 0.7703 0.0663
vn 0.0253 0.6710 -0.7410
vn 0.5587 0.6623 -0.4992
vn 0.5248 0.8379 -0.1499
vn 0.3906 0.9135 -0.1135
vn 0.2884 0.9551 -0.0676
vn 0.8573 0.4916 -0.1529
vn 0.3030 0.9114 0.2785
vn -0.2385 0.9687 -0.0687
vn -0.6800 0.7320 -0.0421
vn -0.6798 0.4638 0.5681
vn -0.2930 0.8277 0.4786
vn -0.5676 0.2673 0.7787
vn -0.2903 0.3990 0.8698
vn 0.4803 0.6177 0.6227
vn 0.4021 0.8102 -0.4266
vn -0.3137 0.8431 0.4369
vn 0.5790 0.7690 -0.2708
vn 0.7186 0.6677 -0.1944
vn 0.3331 0.9250 -0.1828
vn 0.6329 0.7725 0.0523
vn 0.7515 0.6009 -0.2724
vn -0.4287 0.8221 0.3748
vn 0.1076 0.9589 0.2626
vn 0.4639 0.8584 0.2191
vn 0.3545 0.7954 0.4916
vn -0.2828 0.8912 -0.3548
vn -0.4068 0.6499 0.6420
vn -0.1805 0.9747 0.1322
vn 0.4451 0.7026 0.5552
vn 0.3286 0.8139 0.4792
vn 0.1030 0.9919 0.0744
vn 0.7389 0.3442 0.5792
vn 0.2098 0.9767 -0.0459
vn 0.4127 0.9064 -0.0903
vn -0.0015 0.9385 0.3452
vn 0.1059 0.9045 0.4130
vn -0.4453 0.7954 -0.4112
vn 0.3507 0.8212 -0.4501
vn -0.2130 0.8283 0.5182
vn 0.1053 0.9902 -0.0914
vn 0.3878 0.7842 -0.4844
vn 0.8415 0.4049 -0.3577
vn -0.1863 0.9553 -0.2296
vn 0.5331 0.8441 -0.0567
vn 0.3866 0.8842 -0.2623
vn 0.4285 0.8777 -0.2144
vn 0.0876 0.9842 0.1539
vn 0.0625 0.4126 0.9088
vn -0.5084 0.8204 0.2616
vn -0.2219 0.7152 -0.6628
vn 0.1230 0.5459 -0.8288
vn -0.2595 0.5212 -0.8130
vn 0.3083 0.4395 -0.8437
vn 0.3100 0.4383 -0.8437
vn 0.3022 0.4440 -0.8435
vn -0.4088 0.3399 -0.8470
vn 0.1138 0.1445 -0.9829
vn 0.6829 0.7106 -0.1695
vn 0.6805 0.7131 -0.1687
vn 0.6845 0.7089 -0.1700
vn -0.4823 0.5829 0.6539
vn 0.3973 0.8895 -0.2258
vn -0.4315 0.7283 -0.5324
vn -0.2539 0.7277 -0.6372
vn -0.4123 0.6303 -0.6578
vn -0.3491 0.5516 -0.7575
vn -0.0939 0.5220 -0.8478
vn 0.0995 0.7912 -0.6034
vn -0.1059 0.7589 -0.6425
vn -0.0448 0.7434 -0.6673
vn 0.2123 0.9265 -0.3107
vn 0.2909 0.9002 -0.3241
vn 0.4936 0.7138 -0.4968
vn -0.0891 0.9794 -0.1810
vn 0.5794 0.7861 -0.2155
vn 0.5103 0.8577 -0.0626
vn 0.6870 0.7063 -0.1708
vn 0.6189 0.7851 0.0264
vn 0.6067 0.7940 0.0386
vn 0.6169 0.7865 0.0284
vn 0.7618 0.5316 -0.3703
vn 0.6494 0.7572 -0.0710
vn -0.4540 0.5768 -0.6791
vn -0.4603 0.6126 -0.6425
vn -0.2386 0.5217 -0.8191
vn -0.1453 0.5661 -0.8115
vn -0.4483 0.7513 -0.4844
vn 0.0071 0.7875 -0.6162
vn -0.3039 0.7579 -0.5772
vn 0.1879 0.9209 -0.3416
vn 0.7477 0.6622 0.0487
vn 0.5458 0.8366 -0.0472
vn 0.4247 0.8208 -0.3821
vn -0.0046 0.9829 -0.1838
vn -0.2802 0.8102 -0.5149
vn 0.2457 0.9677 0.0569
vn 0.0864 0.9926 -0.0854
vn 0.3547 0.8604 -0.3660
vn -0.7767 0.4819 -0.4055
vn -0.3423 0.7464 -0.5708
vn 0.2409 0.9694 -0.0476
vn -0.2373 0.9682 0.0795
vn 0.2422 0.9460 0.2156
vn 0.4478 0.8777 -0.1707
vn 0.1953 0.9763 0.0928
vn 0.5470 0.8279 0.1241
vn -0.5165 0.8516 -0.0892
vn 0.2239 0.9633 -0.1482
vn -0.6439 0.6816 -0.3477
vn 0.2239 0.9740 0.0336
vn -0.3413 0.6642 -0.6651
vn -0.0655 0.9937 0.0913
vn -0.3510 0.6669 -0.6572
vn 0.1381 0.9533 0.2685
vn -0.1056 0.9775 0.1826
vn 0.2218 0.9671 0.1244
vn -0.0311 0.9974 -0.0657
vn 0.2286 0.9591 0.1669
vn 0.4406 0.8941 0.0795
vn 0.6860 0.7275 0.0118
vn -0.3720 0.8976 -0.2367
vn -0.8103 0.4717 -0.3477
vn -0.1795 0.9680 -0.1757
vn -0.0893 0.9662 0.2418
vn -0.7811 0.6194 -0.0795
vn 0.0645 0.8101 -0.5827
vn -0.2570 0.7074 -0.6585
vn -0.1522 0.9677 0.2010
vn 0.4283 0.9006 0.0737
vn 0.1746 0.9667 0.1870
vn 0.5075 0.8576 -0.0831
vn 0.5014 0.8603 -0.0922
vn 0.4932 0.8637 -0.1043
vn 0.7136 0.6973 0.0665
vn 0.0007 0.9679 -0.2514
vn 0.2716 0.9552 0.1175
vn -0.1908 0.9605 -0.2026
vn -0.1512 0.9391 0.3085
vn 0.8531 -0.1421 -0.5020
vn 0.2632 0.8910 -0.3699
vn -0.5059 0.8617 0.0392
vn -0.5587 0.7759 0.2930
vn -0.8103 0.3894 -0.4379
vn -0.6618 0.7486 -0.0402
vn -0.0291 0.8423 0.5383
vn 0.0113 0.8479 0.5301
vn -0.2154 0.9748 0.0584
vn 0.4884 0.8726 0.0065
vn 0.6011 0.7615 -0.2426
vn 0.6256 0.7679 -0.1377
vn 0.5247 0.8280 -0.1977
vn -0.4032 0.8516 -0.3349
vn -0.0455 0.9987 0.0230
vn 0.5386 0.8279 -0.1564
vn 0.4192 0.8718 -0.2535
vn 0.0771 0.9521 0.2959
vn -0.2970 0.7992 0.5225
vn -0.0267 0.9889 -0.1465
vn -0.3833 0.8843 -0.2665
vn 0.5247 0.8297 0.1904
vn 0.6958 0.7182 0.0101
vn 0.6625 0.7487 -0.0233
vn -0.7253 0.6807 0.1027
vn -0.0122 0.9980 0.0614
vn 0.5684 0.2543 -0.7824
vn 0.3708 0.7614 0.5317
vn 0.7167 0.6482 -0.2572
vn -0.5512 0.8076 0.2097
vn -0.7727 0.6345 0.0170
vn -0.4599 0.5628 0.6869
vn -0.8422 0.4266 0.3297
vn -0.5773 0.8146 0.0568
vn -0.6389 0.4781 0.6027
vn -0.6487 0.4751 0.5945
vn -0.6483 0.4751 0.5949
vn -0.6811 0.7088 0.1836
vn 0.2770 0.7545 -0.5950
vn 0.6807 0.7316 0.0374
vn 0.5609 0.8266 0.0451
vn 0.7268 0.6823 0.0790
vn 0.6663 0.7449 -0.0330
vn 0.5214 0.8517 -0.0517
vn 0.5195 0.8528 -0.0534
vn 0.5267 0.8488 -0.0468
vn -0.2198 0.9291 -0.2975
vn -0.1212 0.8346 0.5374
vn 0.4245 0.6693 -0.6098
vn -0.5473 0.7921 -0.2702
vn -0.8466 0.3727 -0.3799
vn -0.6489 0.4749 0.5945
vn -0.4843 0.8602 0.1598
vn -0.6135 0.5755 -0.5408
vn -0.6581 0.6096 0.4420
vn 0.4261 0.9046 -0.0086
vn 0.1411 0.9899 -0.0123
vn 0.3263 0.8639 -0.3836
vn 0.6653 0.7356 -0.1278
vn 0.0812 0.8951 -0.4384
vn -0.4858 0.5772 -0.6564
vn -0.5439 0.7520 0.3724
vn -0.9609 0.1851 0.2060
vn 0.6627 0.7270 0.1797
vn -0.5050 0.5351 -0.6773
vn -0.2527 0.6874 -0.6809
vn 0.5227 0.8518 -0.0349
vn 0.1254 0.9916 -0.0318
vn 0.1156 0.9929 -0.0273
vn 0.1259 0.9915 -0.0322
vn 0.4654 0.8835 -0.0528
vn 0.6179 0.7862 -0.0109
vn 0.6972 0.7160 0.0356
vn -0.2401 0.9654 -0.1021
vn -0.7216 0.6764 -0.1473
vn -0.4102 0.9113 -0.0352
vn -0.4947 0.8691 -0.0006
vn 0.3082 0.9486 0.0722
vn -0.4580 0.7797 0.4270
vn 0.1142 0.7547 0.6460
vn -0.4955 0.4197 0.7605
vn 0.6194 0.6824 0.3881
vn -0.3812 0.4136 0.8268
vn 0.5314 0.8471 0.0046
vn -0.8534 0.4278 0.2978
vn -0.6832 0.6702 -0.2899
vn 0.2465 0.9527 0.1777
vn -0.0493 0.9939 0.0983
vn -0.5130 0.5561 -0.6539
vn 0.0085 0.9932 -0.1159
vn -0.4454 0.8872 0.1205
vn -0.0959 0.9935 -0.0620
vn -0.1088 0.9926 -0.0545
vn -0.5544 0.4958 -0.6685
vn 0.6717 0.6006 0.4336
vn -0.8509 0.4280 -0.3045
vn 0.3821 0.3010 -0.8737
vn 0.8067 0.4377 0.3971
vn -0.8023 0.4590 -0.3816
vn -0.8032 0.4594 -0.3791
vn -0.8044 0.4598 -0.3761
vn -0.3096 0.7392 -0.5981
vn -0.1242 0.8454 -0.5194
vn -0.1067 0.9528 -0.2843
vn -0.1567 0.9747 0.1592
vn 0.0058 0.9883 0.1522
vn 0.3205 0.9472 -0.0038
vn 0.4921 0.6714 0.5541
vn 0.3128 0.7027 0.6391
vn -0.3468 0.9365 0.0513
vn 0.5873 0.5966 0.5469
vn 0.2844 0.8942 0.3458
vn -0.3299 0.4404 0.8350
vn 0.0790 0.6691 0.7390
vn -0.0671 0.6393 0.7660
vn 0.4935 0.5958 0.6336
vn 0.3141 0.8982 0.3076
vn 0.1938 0.6247 0.7564
vn -0.2403 0.8800 0.4098
vn 0.1407 0.9473 0.2878
vn -0.3405 0.6069 0.7182
vn 0.0220 0.6539 0.7563
vn -0.3048 0.5601 0.7703
vn -0.1003 0.5081 0.8554
vn -0.2562 0.4383 0.8615
vn -0.0744 0.4650 0.8822
vn 0.0576 0.4350 0.8986
vn -0.4021 0.4361 0.8051
vn 0.2699 0.5487 0.7912
vn 0.1433 0.5931 0.7922
vn 0.0693 0.5431 0.8368
vn 0.0388 0.7791 0.6257
vn 0.1964 0.7566 0.6238
vn 0.3650 0.7206 0.5895
vn 0.3649 0.7206 0.5895
vn 0.3662 0.7197 0.5898
vn 0.6540 0.6483 0.3898
vn 0.5156 0.7697 0.3765
vn -0.5416 0.4542 0.7074
vn 0.2005 0.8557 0.4771
vn 0.5993 0.5668 0.5653
vn -0.3079 0.5477 0.7780
vn -0.0924 0.7514 0.6533
vn -0.1478 0.8123 0.5642
vn 0.0568 0.6480 0.7595
vn 0.2351 0.5436 0.8057
vn 0.1600 0.5466 0.8220
vn -0.0492 0.5467 0.8359
vn 0.1020 0.4526 0.8858
vn -0.1820 0.5692 0.8018
vn 0.0212 0.5356 0.8442
vn -0.0016 0.5095 0.8605
vn 0.1823 0.5277 0.8297
vn 0.3258 0.6071 0.7248
vn 0.4651 0.5567 0.6883
vn -0.2185 0.7720 0.5968
vn 0.0618 0.7636 0.6427
vn -0.2726 0.7886 0.5512
vn -0.0143 0.9024 0.4307
vn -0.5025 0.6471 0.5734
vn -0.3553 0.7333 0.5796
vn -0.1986 0.7831 0.5893
vn 0.1763 0.7671 0.6168
vn 0.3636 0.7216 0.5892
vn 0.2535 0.5787 0.7752
vn -0.0677 0.9171 0.3929
vn -0.6507 0.5572 0.5159
vn -0.2819 0.8255 0.4890
vn 0.6067 0.7185 0.3401
vn 0.0453 0.9934 0.1050
vn -0.2136 0.8161 0.5369
vn -0.3284 0.6539 0.6815
vn -0.0390 0.7645 0.6434
vn -0.3650 0.5619 0.7423
vn 0.3703 0.9227 0.1071
vn 0.0432 0.6661 0.7446
vn -0.2784 0.4880 0.8273
vn -0.0486 0.4493 0.8920
vn 0.0952 0.3946 0.9139
vn 0.1446 0.4448 0.8839
vn 0.1512 0.5387 0.8288
vn 0.1499 0.5394 0.8286
vn 0.1459 0.5426 0.8272
vn 0.1513 0.5433 0.8258
vn 0.1526 0.5434 0.8255
vn 0.2841 0.6461 0.7084
vn 0.1507 0.7359 0.6601
vn -0.3828 0.7220 0.5763
vn 0.5111 0.7738 0.3742
vn 0.0360 0.8828 0.4683
vn -0.2661 0.4483 0.8534
vn 0.0571 0.7174 0.6944
vn 0.3854 0.5621 0.7317
vn -0.2701 0.9530 0.1369
vn -0.0357 0.8713 0.4894
vn 0.3600 0.9281 0.0946
vn 0.2864 0.7751 0.5632
vn 0.0754 0.8010 0.5938
vn 0.4781 0.5980 0.6433
vn -0.0346 0.7882 0.6144
vn -0.4261 0.7677 0.4787
vn -0.1851 0.8220 0.5386
vn 0.0480 0.8438 0.5345
vn 0.3615 0.8126 0.4573
vn 0.5314 0.6564 0.5354
vn 0.4171 0.7282 0.5438
vn -0.6708 0.5834 0.4580
vn -0.2360 0.4695 0.8508
vn -0.3976 0.7822 0.4797
vn -0.6753 0.6863 0.2700
vn 0.1742 0.8683 0.4644
vn 0.6044 0.7060 0.3692
vn 0.6046 0.7056 0.3695
vn 0.6036 0.7071 0.3683
vn -0.2561 0.6776 0.6894
vn -0.1752 0.8573 0.4842
vn 0.4249 0.8029 0.4182
vn -0.5042 0.7030 0.5016
vn 0.2339 0.8790 0.4155
vn 0.1505 0.7723 0.6171
vn -0.1991 0.8400 0.5047
vn 0.2638 0.9047 0.3346
vn -0.5372 0.7630 0.3596
vn 0.5899 0.7285 0.3484
vn 0.3718 0.9180 0.1384
vn -0.6423 0.7282 0.2392
vn -0.6366 0.7029 0.3172
vn 0.2634 0.8787 0.3980
vn 0.6142 0.7886 0.0287
vn 0.2433 0.9476 0.2070
vn 0.1026 0.9213 0.3750
vn 0.3519 0.8083 0.4720
vn 0.1826 0.9046 0.3853
vn -0.3177 0.7120 0.6262
vn 0.2368 0.9703 -0.0485
vn 0.3088 0.9502 0.0427
vn 0.6918 0.6411 0.3323
vn 0.6792 0.6901 0.2497
vn 0.2890 0.9117 0.2921
vn -0.6801 0.4880 -0.5471
vn -0.0271 0.9927 0.1179
vn 0.2063 0.8467 -0.4904
vn -0.0052 0.9925 -0.1223
vn 0.5764 0.7419 0.3426
vn 0.6439 0.5110 -0.5694
vn -0.6360 0.7566 0.1514
vn 0.2893 0.9552 -0.0626
vn -0.0756 0.9901 0.1180
vn 0.3175 0.9214 -0.2242
vn -0.0793 0.9823 -0.1695
vn 0.8117 0.5799 -0.0699
vn 0.5464 0.8375 0.0022
vn -0.0033 0.9782 -0.2076
vn 0.5008 0.8574 -0.1184
vn -0.5513 0.7870 -0.2767
vn 0.5075 0.8378 -0.2012
vn 0.3145 0.9249 -0.2136
vn 0.1491 0.9769 -0.1534
vn 0.1969 0.7169 -0.6688
vn -0.3521 0.7280 -0.5883
vn 0.4330 0.8615 -0.2653
vn 0.0680 0.9419 -0.3289
vn -0.2115 0.8464 -0.4887
vn -0.6221 0.4503 -0.6405
vn 0.4421 0.8161 -0.3723
vn 0.3108 0.8640 -0.3962
vn 0.4421 0.7878 -0.4288
vn 0.3079 0.8025 -0.5111
vn 0.3069 0.8029 -0.5110
vn 0.3059 0.8036 -0.5106
vn 0.3055 0.8036 -0.5108
vn 0.2093 0.8021 -0.5594
vn -0.3511 0.8985 -0.2634
vn 0.3390 0.7856 -0.5176
vn 0.4872 0.8262 -0.2829
vn 0.3853 0.7679 -0.5118
vn -0.2542 0.9493 -0.1847
vn 0.3842 0.7969 -0.4661
vn -0.4135 0.5775 -0.7039
vn -0.8109 0.4941 -0.3136
vn 0.3747 0.8146 -0.4427
vn 0.4149 0.6687 -0.6171
vn 0.5825 0.5698 -0.5797
vn 0.4174 0.6952 -0.5852
vn 0.2899 0.9565 -0.0318
vn 0.0789 0.5082 -0.8576
vn -0.0042 0.7239 -0.6899
vn -0.2305 0.8633 -0.4490
vn -0.4215 0.9021 -0.0925
vn -0.4021 0.9019 -0.1579
vn 0.3994 0.8439 -0.3583
vn 0.4186 0.8267 -0.3759
vn 0.5420 0.7295 -0.4172
vn 0.4799 0.8041 -0.3510
vn 0.4012 0.7300 -0.5533
vn 0.3729 0.7499 -0.5465
vn 0.2369 0.9582 0.1602
vn -0.2348 0.7417 -0.6283
vn 0.2816 0.5651 -0.7755
vn -0.3302 0.7963 -0.5069
vn 0.1467 0.9476 -0.2837
vn -0.2847 0.5365 -0.7944
vn -0.1805 0.9059 -0.3832
vn -0.4025 0.7865 -0.4684
vn 0.3220 0.4888 -0.8108
vn 0.4456 0.3843 -0.8085
vn 0.2398 0.5590 -0.7937
vn 0.0920 0.7868 -0.6103
vn 0.2008 0.7326 -0.6503
vn -0.2980 0.8619 -0.4102
vn -0.3255 0.7065 -0.6285
vn -0.7498 0.2682 -0.6049
vn 0.3441 0.8904 -0.2980
vn -0.4857 -0.2663 0.8326
vn -0.0494 0.9984 0.0278
vn -0.3204 0.4520 -0.8325
vn -0.0065 0.7949 -0.6067
vn 0.1460 0.9376 -0.3156
vn -0.0509 0.8119 -0.5815
vn 0.2178 0.6899 -0.6904
vn 0.6078 0.7092 -0.3572
vn 0.4479 0.8651 -0.2256
vn -0.4341 0.8992 -0.0545
vn 0.3421 0.9044 -0.2550
vn 0.4029 0.8587 -0.3166
vn 0.4071 0.8567 -0.3167
vn 0.4405 0.8339 -0.3326
vn -0.1620 0.9765 -0.1419
vn 0.0985 0.9679 -0.2313
vn 0.0850 0.9890 -0.1213
vn 0.2232 0.9683 -0.1120
vn -0.2731 0.7462 -0.6071
vn 0.2576 0.9180 -0.3015
vn 0.1273 0.9414 -0.3123
vn 0.3025 0.7834 -0.5429
vn 0.2903 0.8759 -0.3854
vn -0.1662 0.9706 -0.1743
vn -0.1685 0.9695 -0.1780
vn -0.1681 0.9697 -0.1775
vn 0.4373 0.8810 -0.1808
vn -0.8886 0.4578 -0.0288
vn 0.4131 0.8632 -0.2903
vn 0.4446 0.8454 -0.2960
vn 0.4446 0.8456 -0.2953
vn 0.4450 0.8416 -0.3061
vn 0.4328 0.8479 -0.3062
vn 0.4478 0.8420 -0.3008
vn 0.4609 0.8349 -0.3008
vn 0.3915 0.8868 -0.2454
vn 0.0502 0.9895 -0.1356
vn 0.0403 0.9951 -0.0908
vn -0.4589 0.8845 -0.0843
vn 0.1271 0.9708 -0.2034
vn -0.0983 0.9939 -0.0499
vn 0.2532 0.9626 -0.0960
vn 0.1252 0.8552 -0.5030
vn 0.2567 0.7845 -0.5645
vn -0.0156 0.9593 -0.2818
vn -0.2972 0.9116 -0.2841
vn -0.1657 0.9708 -0.1734
vn 0.3609 0.9078 -0.2136
vn -0.1899 0.9726 0.1344
vn -0.7732 0.6106 -0.1715
vn 0.4274 0.8780 -0.2155
vn 0.4580 0.8438 -0.2798
vn 0.4424 0.8497 -0.2867
vn 0.1209 0.9758 -0.1823
vn -0.0253 0.9924 -0.1205
vn -0.0121 0.9943 -0.1055
vn 0.0729 0.9860 -0.1500
vn -0.1755 0.9730 -0.1499
vn 0.6762 0.7281 0.1121
vn 0.7504 0.6607 0.0159
vn -0.0028 0.9800 -0.1989
vn -0.7663 0.5290 0.3645
vn 0.4451 0.8413 -0.3067
vn 0.4352 0.8628 -0.2572
vn 0.4707 0.8384 -0.2746
vn 0.4415 0.8451 -0.3014
vn 0.2321 0.9135 -0.3341
vn 0.0533 0.9922 -0.1126
vn 0.0426 0.9905 -0.1307
vn -0.0039 0.9938 -0.1110
vn 0.0830 0.9673 0.2395
vn 0.1571 0.9863 0.0509
vn -0.1986 0.9801 -0.0010
vn -0.1481 0.9692 -0.1970
vn -0.8364 0.1191 0.5351
vn 0.4220 0.9040 0.0688
vn 0.4050 0.9142 -0.0098
vn -0.6239 0.7781 -0.0723
vn 0.4094 0.7239 -0.5553
vn 0.4224 0.8974 -0.1278
vn 0.4563 0.8526 -0.2545
vn 0.2677 0.8753 -0.4027
vn 0.0711 0.9671 -0.2443
vn 0.0052 0.9891 0.1470
vn 0.0291 0.9983 -0.0506
vn 0.0303 0.9813 -0.1900
vn -0.1043 0.9905 -0.0893
vn 0.2418 0.9683 0.0624
vn 0.5932 0.7947 -0.1287
vn 0.7597 0.5851 -0.2837
vn 0.3723 0.8839 -0.2829
vn 0.6435 0.7448 -0.1764
vn 0.1309 0.9860 -0.1032
vn -0.3000 0.8442 0.4442
vn 0.5326 0.8207 -0.2071
vn 0.4561 0.8580 -0.2362
vn 0.4753 0.8589 -0.1909
vn 0.5962 0.7579 -0.2647
vn -0.0073 0.9907 -0.1358
vn -0.0636 0.9952 -0.0737
vn 0.0195 0.9996 -0.0208
vn 0.0336 0.9970 0.0692
vn -0.0137 0.9979 0.0631
vn -0.0550 0.9976 0.0415
vn 0.4155 0.8929 -0.1733
vn 0.6107 0.6953 0.3789
vn -0.7278 0.5655 -0.3879
vn -0.5769 0.8161 0.0346
vn -0.8288 0.5595 -0.0038
vn -0.1399 0.8807 -0.4526
vn 0.4406 0.7424 -0.5047
vn 0.5998 0.7906 -0.1232
vn 0.3644 0.9305 0.0373
vn -0.0731 0.9837 -0.1644
vn 0.1737 0.9804 -0.0926
vn -0.0108 0.9912 -0.1321
vn -0.0765 0.9621 -0.2618
vn 0.0726 0.9967 0.0366
vn -0.1732 0.9584 0.2269
vn 0.2458 0.9542 0.1705
vn 0.5216 0.6962 0.4932
vn 0.2499 0.9670 0.0487
vn 0.4368 0.7300 -0.5256
vn 0.3468 0.8090 -0.4746
vn 0.2584 0.9483 -0.1842
vn 0.1120 0.8945 -0.4328
vn 0.1918 0.9277 -0.3203
vn 0.0044 0.9669 -0.2551
vn 0.0184 0.9876 -0.1561
vn 0.0615 0.9954 0.0732
vn -0.0886 0.9752 -0.2030
vn -0.0282 0.9955 0.0900
vn 0.0020 0.9932 0.1163
vn 0.0216 0.9920 0.1241
vn 0.0725 0.9885 0.1330
vn 0.0649 0.9945 -0.0820
vn 0.1690 0.9582 0.2307
vn 0.4323 0.8635 -0.2598
vn 0.5575 0.8248 -0.0949
vn 0.6748 0.7336 -0.0804
vn 0.6599 0.7507 0.0315
vn 0.5977 0.7964 0.0921
vn -0.2907 0.9444 -0.1536
vn 0.1664 0.7991 -0.5777
vn 0.6457 0.6729 -0.3609
vn 0.2553 0.9576 -0.1335
vn -0.1254 0.9021 -0.4129
vn -0.0233 0.8799 0.4745
vn 0.4926 0.8159 0.3029
vn -0.1588 0.9749 -0.1557
vn -0.1535 0.9847 -0.0826
vn -0.2278 0.9702 -0.0822
vn -0.0605 0.9902 0.1258
vn -0.4400 0.8767 0.1945
vn -0.3239 0.8021 0.5018
vn 0.0655 0.9972 -0.0373
vn -0.8378 0.5179 -0.1730
vn 0.6416 0.6553 -0.3987
vn 0.1060 0.8617 -0.4963
vn 0.3353 0.8378 -0.4310
vn -0.0965 0.8789 -0.4670
vn -0.0279 0.9829 -0.1822
vn 0.1593 0.9284 -0.3358
vn -0.0045 0.7136 -0.7005
vn 0.4429 0.8159 -0.3716
vn 0.2332 0.8777 -0.4187
vn -0.0244 0.9937 0.1092
vn 0.4462 0.8790 0.1683
vn 0.9860 0.1046 0.1301
vn 0.1871 0.9811 0.0498
vn 0.7908 0.6119 0.0141
vn 0.6395 0.7682 -0.0301
vn -0.0614 0.9852 0.1602
vn 0.1505 0.9884 -0.0184
vn 0.0169 0.7235 -0.6901
vn 0.1900 0.9499 -0.2481
vn -0.0804 0.9965 0.0207
vn -0.2257 0.9140 0.3370
vn 0.0944 0.9820 0.1634
vn 0.0284 0.9913 0.1286
vn 0.0112 0.9898 0.1423
vn 0.0666 0.9836 0.1679
vn 0.1224 0.9807 0.1524
vn 0.0529 0.9667 0.2503
vn -0.4435 0.7920 0.4196
vn 0.4397 0.8933 0.0929
vn 0.7394 0.6200 0.2625
vn -0.0287 0.9993 -0.0233
vn -0.6074 0.7820 0.1397
vn -0.0004 0.9924 0.1228
vn 0.2016 0.6758 0.7090
vn -0.2497 0.8176 0.5188
vn 0.4759 0.8678 -0.1432
vn 0.4237 0.7889 0.4452
vn 0.1128 0.9665 0.2307
vn 0.2072 0.9664 0.1522
vn -0.1520 0.9884 -0.0010
vn -0.6890 0.5421 -0.4810
vn 0.6604 0.5028 -0.5577
vn -0.3663 0.9303 -0.0209
vn 0.0239 0.9923 0.1218
vn 0.0238 0.9933 0.1133
vn 0.0237 0.9928 0.1178
vn 0.1459 0.8377 0.5263
vn -0.7233 0.6330 0.2760
vn -0.7439 0.6518 0.1479
vn 0.2066 0.9509 -0.2306
vn 0.4254 0.9049 -0.0100
vn 0.5242 0.8502 0.0492
vn 0.5543 0.7834 0.2810
vn 0.2027 0.9777 -0.0547
vn 0.1090 0.9575 0.2670
vn -0.0283 0.9990 0.0356
vn -0.1336 0.9232 0.3602
vn -0.7983 0.5868 0.1355
vn -0.0640 0.9182 -0.3908
vn 0.9256 0.3417 0.1626
vn 0.4865 0.8644 0.1268
vn 0.6589 0.7225 0.2093
vn 0.6290 0.6885 0.3611
vn -0.1713 0.9840 -0.0494
vn -0.1652 0.6078 -0.7767
vn -0.1415 0.4358 -0.8889
vn 0.5317 0.2657 -0.8042
vn 0.0237 0.9922 0.1221
vn -0.5254 0.6170 0.5859
vn -0.0228 0.9981 0.0572
vn 0.0968 0.9873 0.1262
vn 0.6790 0.6478 0.3455
vn 0.6213 0.7132 0.3245
vn 0.5231 0.7976 0.3003
vn -0.1846 0.8634 -0.4695
vn -0.4826 0.8581 -0.1753
vn -0.0119 0.9956 0.0926
vn -0.2492 0.9047 -0.3456
vn 0.6182 0.7423 0.2585
vn 0.5071 0.7984 0.3247
vn 0.7221 0.5549 0.4130
vn 0.6822 0.7185 -0.1353
vn -0.5292 0.8459 0.0665
vn 0.2104 0.9739 -0.0855
vn -0.5720 0.6485 0.5023
vn 0.0931 0.9021 0.4215
vn -0.2239 0.9352 -0.2745
vn -0.6359 0.5084 0.5806
vn 0.0374 0.9861 -0.1620
vn 0.4932 0.8441 0.2103
vn 0.6820 0.7156 -0.1509
vn -0.0394 0.9977 0.0547
vn -0.2681 0.9569 0.1113
vn -0.4258 0.9038 0.0419
vn -0.3062 0.9520 -0.0053
vn 0.6466 0.7441 0.1676
vn 0.7633 0.5341 0.3635
vn -0.2133 0.9755 0.0547
vn 0.0703 0.9299 0.3609
vn -0.5860 0.5181 0.6230
vn 0.0435 0.9217 -0.3854
vn 0.1691 0.9537 -0.2486
vn 0.1133 0.9915 0.0640
vn 0.3584 0.9147 -0.1865
vn 0.3267 0.9445 0.0350
vn 0.5084 0.7679 0.3898
vn -0.0302 0.3082 0.9509
vn -0.1809 0.9771 -0.1117
vn -0.0847 0.9964 0.0096
vn -0.1205 0.9927 -0.0064
vn -0.2350 0.9617 -0.1408
vn -0.4266 0.8833 0.1944
vn -0.6591 0.7461 -0.0947
vn 0.1902 0.9693 -0.1560
vn 0.2428 0.9309 0.2728
vn -0.0055 0.9979 0.0644
vn 0.5469 0.8071 0.2225
vn 0.7482 0.6440 0.1600
vn 0.5320 0.7297 0.4296
vn 0.7553 0.6120 0.2345
vn 0.4703 0.6313 0.6167
vn -0.1875 0.5712 0.7991
vn -0.7428 0.6669 -0.0592
vn 0.6834 0.6886 0.2425
vn 0.6990 0.6409 0.3173
vn 0.6459 0.7604 0.0679
vn 0.0454 0.9174 0.3954
vn 0.0595 0.7734 0.6312
vn -0.1374 0.9852 -0.1020
vn -0.0575 0.9476 -0.3142
vn -0.4687 0.8273 0.3097
vn 0.0680 0.9915 -0.1111
vn 0.3886 0.8694 0.3051
vn 0.1627 0.9839 -0.0740
vn 0.3564 0.8440 0.4008
vn 0.6510 0.7415 -0.1625
vn -0.0843 0.7994 0.5949
vn -0.1036 0.9925 -0.0644
vn -0.5586 0.8277 -0.0544
vn -0.7216 0.6899 -0.0574
vn -0.8469 0.4509 -0.2819
vn 0.6234 0.7244 -0.2945
vn 0.5900 0.8072 -0.0176
vn 0.3441 0.8908 0.2967
vn -0.7069 0.6624 0.2479
vn -0.2187 0.9129 -0.3447
vn -0.1034 0.9728 0.2071
vn -0.5396 0.6098 0.5805
vn -0.1180 0.9563 0.2675
vn 0.3217 0.9349 -0.1502
vn 0.1470 0.9875 0.0568
vn 0.6599 0.7052 -0.2592
vn 0.6078 0.7940 -0.0066
vn 0.5967 0.7919 0.1293
vn 0.6485 0.7515 0.1213
vn -0.1326 0.9710 -0.1992
vn -0.0778 0.9663 -0.2455
vn 0.1349 0.5904 -0.7958
vn -0.7840 0.4504 0.4271
vn -0.4691 0.8288 -0.3049
vn -0.7607 0.6357 -0.1311
vn 0.3719 0.4744 -0.7979
vn 0.5986 0.7894 -0.1361
vn 0.5145 0.6674 -0.5383
vn 0.5275 0.8119 -0.2500
vn -0.0534 0.9912 -0.1214
vn -0.4864 0.8586 -0.1618
vn -0.2058 0.8883 -0.4106
vn -0.8301 0.5528 0.0727
vn -0.5321 0.7214 -0.4432
vn 0.1443 0.9868 -0.0732
vn 0.3090 0.9362 0.1676
vn 0.3918 0.9045 -0.1686
vn 0.2226 0.6767 0.7018
vn 0.6097 0.7338 0.2995
vn -0.0729 0.9722 -0.2226
vn -0.9116 0.3675 -0.1844
vn -0.1891 0.9700 0.1526
vn 0.7456 0.6301 -0.2168
vn 0.3138 0.9452 -0.0899
vn 0.6771 0.7132 -0.1813
vn 0.5218 0.7221 -0.4541
vn -0.4898 0.8520 -0.1848
vn -0.0713 0.9302 -0.3600
vn -0.0185 0.9638 0.2660
vn -0.8211 0.4502 -0.3509
vn 0.0911 0.9863 -0.1372
vn 0.4560 0.8892 -0.0374
vn 0.6016 0.7588 -0.2495
vn 0.5156 0.8386 -0.1758
vn 0.5116 0.8474 0.1420
vn 0.1765 0.9453 0.2745
vn 0.1050 0.9548 0.2779
vn 0.1688 0.9617 0.2159
vn -0.1630 0.9855 0.0474
vn 0.2197 0.9739 -0.0572
vn 0.4011 0.7412 -0.5383
vn 0.2174 0.9750 0.0458
vn -0.6924 0.7119 -0.1176
vn -0.3306 0.9437 -0.0073
vn -0.0031 0.8572 -0.5150
vn -0.8108 0.4926 0.3162
vn -0.7926 0.5253 -0.3097
vn 0.2414 0.8321 0.4993
vn 0.6170 0.6946 -0.3700
vn 0.7447 0.6663 -0.0376
vn 0.7226 0.6861 0.0846
vn -0.3473 0.8837 -0.3138
vn -0.7080 0.5025 -0.4962
vn -0.5014 0.8584 0.1087
vn -0.1770 0.9732 -0.1468
vn 0.2554 0.9206 -0.2954
vn -0.4846 0.8253 -0.2900
vn -0.8020 0.5796 0.1446
vn -0.2529 0.7514 -0.6095
vn -0.2128 0.9764 0.0374
vn 0.2400 0.9625 -0.1263
vn 0.6287 0.7294 -0.2696
vn 0.5179 0.8387 -0.1683
vn 0.7543 0.6048 -0.2556
vn 0.6658 0.7449 -0.0443
vn -0.4592 0.5117 -0.7262
vn 0.2075 0.9778 -0.0289
vn -0.7820 0.4585 -0.4222
vn -0.1853 0.9253 -0.3308
vn 0.4283 0.8987 -0.0947
vn 0.6975 0.5717 -0.4321
vn 0.5348 0.7954 -0.2851
vn 0.1370 0.9598 -0.2448
vn 0.1728 0.9831 -0.0608
vn 0.1594 0.9783 -0.1326
vn 0.0978 0.9945 -0.0381
vn -0.2084 0.9644 -0.1628
vn -0.7575 0.6295 -0.1729
vn 0.9487 0.1067 -0.2978
vn 0.3873 0.9142 -0.1190
vn 0.4847 0.3866 -0.7846
vn 0.3639 0.9309 -0.0326
vn 0.7276 0.6829 -0.0652
vn -0.3912 0.9200 0.0237
vn 0.1782 0.9764 -0.1217
vn 0.7227 0.6912 0.0019
vn -0.5508 0.4916 0.6745
vn 0.3233 0.9078 0.2671
vn 0.1062 0.9939 -0.0284
vn 0.0166 0.9304 -0.3661
vn -0.4949 0.6725 -0.5503
vn -0.8670 0.4555 -0.2020
vn -0.5207 0.6775 -0.5194
vn -0.2972 0.6911 -0.6589
vn 0.2622 0.9645 -0.0304
vn 0.6533 0.7512 -0.0941
vn 0.5369 0.8324 0.1373
vn 0.3380 0.9348 -0.1091
vn -0.0533 0.9861 -0.1571
vn 0.6429 0.7517 -0.1468
vn 0.7910 0.6013 0.1124
vn 0.8791 0.3700 0.3005
vn -0.1302 0.3385 0.9319
vn 0.4407 0.8976 -0.0060
vn -0.3901 0.8221 -0.4146
vn -0.3197 0.9211 0.2220
vn -0.5913 0.7136 -0.3758
vn -0.4635 0.7107 -0.5293
vn -0.5862 0.7774 -0.2280
vn 0.2336 0.9614 0.1453
vn -0.2140 0.6746 -0.7065
vn 0.1489 0.9878 0.0444
vn 0.5481 0.8183 0.1729
vn 0.8474 0.5308 -0.0093
vn 0.0522 0.9695 -0.2397
vn -0.5323 0.8043 -0.2640
vn 0.2632 0.7880 0.5566
vn -0.3066 0.9106 0.2770
vn -0.5051 0.6831 -0.5274
vn -0.4159 0.9067 -0.0703
vn -0.5911 0.7904 0.1609
vn -0.6919 0.5885 0.4182
vn -0.8047 0.5912 -0.0543
vn -0.5850 0.3205 -0.7450
vn 0.1013 0.5265 -0.8441
vn -0.4604 0.3444 -0.8182
vn 0.5549 0.6449 -0.5255
vn 0.5639 0.5648 -0.6025
vn 0.7329 0.2457 -0.6344
vn 0.1330 0.9893 0.0600
vn 0.5686 0.8146 0.1144
vn 0.6409 0.7676 -0.0097
vn 0.7935 0.4250 0.4357
vn -0.3712 0.8512 -0.3709
vn 0.0150 0.9195 -0.3927
vn 0.1797 0.7533 -0.6326
vn 0.2627 0.9393 0.2206
vn -0.6152 0.6613 -0.4293
vn -0.5030 0.4936 0.7095
vn -0.6550 0.5820 -0.4819
vn -0.7280 0.6562 -0.1985
vn -0.1272 0.5712 -0.8109
vn -0.5344 0.4151 -0.7363
vn -0.1127 0.9888 -0.0975
vn 0.4681 0.8756 -0.1195
vn 0.6436 0.4623 -0.6100
vn -0.2085 0.7031 -0.6798
vn 0.2368 0.9638 0.1226
vn 0.1373 0.9898 0.0385
vn 0.4680 0.8831 -0.0342
vn 0.5242 0.3123 0.7923
vn 0.5360 0.8100 0.2380
vn 0.2544 0.8505 -0.4603
vn -0.0014 0.9659 0.2591
vn 0.1981 0.9364 0.2897
vn -0.6116 0.7714 0.1756
vn 0.2155 0.9426 0.2550
vn -0.6215 0.4827 0.6170
vn -0.2113 0.9332 0.2906
vn -0.7169 0.6882 0.1117
vn -0.7512 0.6167 0.2354
vn -0.6568 0.6830 0.3195
vn -0.7979 0.4467 0.4047
vn 0.1300 0.8519 -0.5073
vn 0.6416 0.5038 0.5784
vn -0.0234 0.7448 -0.6669
vn -0.5088 0.4082 -0.7580
vn 0.1522 0.4341 -0.8879
vn 0.6109 0.5766 -0.5426
vn 0.6356 0.6958 0.3344
vn 0.3115 0.8480 0.4288
vn -0.0914 0.9635 0.2516
vn -0.3272 0.8969 -0.2975
vn -0.3907 0.7681 0.5073
vn -0.0009 0.9834 -0.1812
vn -0.3448 0.4012 0.8486
vn 0.4393 0.7803 -0.4452
vn 0.3940 0.8345 0.3852
vn 0.2223 0.8593 -0.4607
vn 0.0794 0.9152 -0.3951
vn 0.5976 0.6422 -0.4800
vn 0.2266 0.9690 -0.0984
vn 0.4815 0.8212 0.3062
vn 0.0349 0.9993 0.0110
vn 0.2997 0.8958 0.3283
vn 0.9277 0.3263 -0.1816
vn -0.0777 0.3762 -0.9233
vn 0.5897 0.7874 0.1793
vn -0.1367 0.9519 0.2744
vn -0.1935 0.9326 0.3046
vn -0.1907 0.7920 0.5800
vn 0.6451 0.6983 0.3101
vn 0.5241 0.6433 -0.5581
vn -0.7267 0.6463 0.2328
vn -0.4600 0.8871 -0.0387
vn -0.1096 0.9191 0.3784
vn 0.4452 0.7988 -0.4046
vn 0.7229 0.6623 0.1969
vn -0.2760 0.9609 0.0206
vn 0.0765 0.9744 0.2116
vn 0.2668 0.5752 -0.7733
vn 0.4552 0.5350 -0.7117
vn 0.4718 0.8817 0.0012
vn 0.3241 0.8708 -0.3696
vn 0.9151 0.3675 -0.1661
vn 0.3375 0.8185 0.4649
vn 0.1345 0.9902 0.0373
vn -0.1789 0.9596 -0.2174
vn -0.5481 0.5475 0.6323
vn -0.2959 0.7880 0.5399
vn -0.2482 0.5225 0.8157
vn -0.5128 0.4947 0.7016
vn -0.5639 0.7591 0.3254
vn -0.4246 0.8627 0.2747
vn 0.0682 0.9311 -0.3583
vn 0.5758 0.7777 0.2523
vn -0.0249 0.9912 -0.1302
vn 0.6119 0.4949 -0.6170
vn 0.4306 0.6049 -0.6698
vn -0.1800 0.8484 -0.4978
vn 0.5931 0.8035 -0.0508
vn 0.1051 0.9928 -0.0574
vn 0.2288 0.9720 0.0540
vn 0.3110 0.9254 0.2164
vn 0.2484 0.9446 0.2145
vn 0.3091 0.6481 0.6960
vn 0.7666 0.3089 0.5629
vn 0.4372 0.3165 0.8419
vn -0.5205 0.8098 0.2708
vn -0.1461 0.9252 0.3503
vn 0.0496 0.7729 0.6326
vn -0.5782 0.7002 0.4189
vn -0.0664 0.7621 0.6441
vn -0.3501 0.4967 0.7942
vn 0.2388 0.9264 0.2913
vn 0.7222 0.6774 -0.1398
vn 0.5555 0.8311 0.0278
vn 0.8397 0.5028 -0.2053
vn 0.6747 0.7340 0.0776
vn 0.4778 0.6202 -0.6221
vn 0.1557 0.9875 -0.0253
vn 0.1683 0.9843 -0.0540
vn 0.3408 0.9260 -0.1622
vn 0.6242 0.7748 0.1003
vn 0.1255 0.9320 0.3400
vn -0.5383 0.8182 0.2019
vn -0.5134 0.5178 0.6843
vn -0.0245 0.9278 0.3724
vn -0.5631 0.4671 0.6817
vn -0.2692 0.4725 0.8392
vn -0.6661 0.6124 0.4256
vn -0.2630 0.9254 0.2730
vn -0.5334 0.5073 0.6768
vn 0.6265 0.6693 -0.3993
vn 0.4174 0.8471 -0.3290
vn 0.6938 0.6932 -0.1953
vn 0.2736 0.9537 -0.1253
vn 0.4010 0.8750 0.2712
vn 0.8843 0.3637 0.2929
vn 0.4908 0.7576 -0.4302
vn 0.1295 0.9905 -0.0463
vn -0.3891 0.6565 0.6463
vn -0.6897 0.4753 0.5462
vn 0.1187 0.9922 -0.0388
vn 0.4831 0.7622 0.4310
vn 0.7705 0.3976 0.4982
vn 0.0415 0.9365 0.3481
vn -0.1852 0.8744 0.4485
vn -0.1906 0.8700 0.4548
vn -0.1860 0.8737 0.4495
vn 0.6076 0.7942 -0.0062
vn -0.0048 0.9946 0.1035
vn 0.5133 0.7188 -0.4689
vn 0.3718 0.8985 0.2333
vn 0.2628 0.7628 -0.5908
vn 0.3863 0.8844 -0.2620
vn 0.1600 0.9218 0.3531
vn 0.0586 0.9447 0.3227
vn 0.9367 0.2258 0.2677
vn -0.4495 0.7299 -0.5150
vn -0.2085 0.9436 -0.2570
vn -0.8625 0.4626 0.2050
vn -0.2648 0.6892 -0.6745
vn -0.3702 0.7892 -0.4901
vn -0.4346 0.6929 -0.5754
vn -0.1233 0.3892 -0.9128
vn -0.1227 0.3894 -0.9129
vn -0.1225 0.3894 -0.9129
vn -0.7981 0.5345 0.2779
vn 0.4660 0.8844 -0.0249
vn -0.4441 0.7021 -0.5566
vn 0.2040 0.6147 -0.7619
vn -0.2105 0.3641 -0.9072
vn -0.0102 0.3606 -0.9326
vn 0.3164 0.4261 -0.8476
vn 0.1036 0.7471 -0.6565
vn 0.4980 0.8055 -0.3213
vn -0.6146 0.4988 0.6111
vn -0.2393 0.7200 -0.6514
vn 0.4281 0.8014 -0.4178
vn -0.2878 0.6038 -0.7433
vn -0.4513 0.5292 -0.7185
vn 0.2744 0.6254 -0.7304
vn -0.3809 0.4739 -0.7940
vn -0.2700 0.5638 -0.7806
vn 0.1521 0.6937 -0.7041
vn 0.5278 0.6925 -0.4917
vn -0.0550 0.8800 -0.4717
vn 0.4373 0.6270 -0.6447
vn -0.0017 1.0000 -0.0024
vn 0.5194 0.8519 -0.0661
vn 0.6053 0.7950 0.0400
vn -0.7155 0.6747 0.1812
vn 0.1417 0.9894 0.0324
vn 0.1330 0.7898 -0.5987
vn -0.4182 0.8771 -0.2361
vn 0.1862 0.9499 -0.2510
vn 0.1350 0.9582 -0.2522
vn 0.5387 0.8354 -0.1090
vn 0.6698 0.7297 0.1373
vn 0.7174 0.6927 0.0746
vn 0.3393 0.9385 0.0646
vn 0.6763 0.7357 -0.0369
vn -0.7006 0.7035 0.1193
vn 0.1520 0.9261 -0.3454
vn -0.4059 0.8944 -0.1879
vn -0.6332 0.5622 -0.5320
vn -0.6470 0.4392 -0.6233
vn -0.7049 0.6614 -0.2563
vn -0.4667 0.7351 -0.4918
vn 0.0135 0.9998 0.0127
vn 0.5008 0.8581 0.1134
vn 0.2619 0.9626 -0.0697
vn 0.5570 0.8291 -0.0487
vn 0.7096 0.7045 0.0101
vn 0.0017 1.0000 0.0017
vn 0.0018 1.0000 0.0019
vn 0.0787 0.9931 -0.0867
vn -0.4652 0.7854 -0.4083
vn -0.4891 0.4858 -0.7244
vn -0.6136 0.5220 -0.5924
vn 0.3961 0.8323 0.3877
vn -0.5501 0.6045 -0.5762
vn -0.1359 0.9352 0.3271
vn -0.3937 0.9192 -0.0032
vn 0.4616 0.8467 -0.2644
vn 0.2806 0.9212 0.2696
vn 0.1728 0.9823 0.0729
vn 0.6816 0.7264 -0.0887
vn 0.6215 0.7750 -0.1145
vn 0.7369 0.6601 -0.1455
vn 0.3940 0.9183 0.0379
vn 0.0656 0.9663 0.2488
vn -0.3971 0.9136 0.0879
vn -0.4876 0.8707 -0.0638
vn -0.3241 0.7343 0.5965
vn 0.4573 0.8860 0.0763
vn -0.6244 0.6002 0.4999
vn 0.4875 0.8730 0.0100
vn 0.2244 0.9744 -0.0122
vn 0.7179 0.6936 -0.0586
vn 0.5999 0.7936 0.1016
vn -0.6956 0.5330 -0.4817
vn 0.5798 0.7090 0.4015
vn -0.4917 0.8597 -0.1382
vn 0.2279 0.9730 -0.0363
vn -0.4368 0.8660 0.2433
vn -0.7166 0.6062 -0.3451
vn -0.2776 0.9582 0.0688
vn 0.3488 0.8656 0.3592
vn 0.1990 0.8718 0.4475
vn -0.0551 0.7551 -0.6533
vn -0.6027 0.5072 -0.6160
vn -0.5233 0.8460 -0.1020
vn -0.5384 0.8375 -0.0936
vn 0.2132 0.9658 0.1478
vn 0.4214 0.9043 -0.0676
vn 0.4855 0.8666 -0.1154
vn 0.7215 0.6919 0.0264
vn 0.6958 0.7170 0.0420
vn 0.6595 0.7485 -0.0694
vn 0.9279 0.3326 0.1683
vn 0.3979 0.9174 -0.0100
vn -0.7219 0.6420 -0.2583
vn 0.2382 0.8845 -0.4011
vn -0.1103 0.9244 0.3652
vn -0.7165 0.4716 -0.5139
vn -0.4332 0.2237 -0.8731
vn -0.3509 0.6917 -0.6312
vn -0.7462 0.5843 0.3191
vn -0.2666 0.8508 -0.4529
vn 0.1934 0.9780 -0.0779
vn 0.4571 0.8894 0.0021
vn 0.3717 0.9246 -0.0828
vn 0.5911 0.8057 0.0393
vn 0.8030 0.5549 0.2176
vn -0.7019 0.6361 -0.3206
vn 0.3403 0.6763 -0.6533
vn -0.3320 0.9324 0.1430
vn 0.1050 0.9407 0.3227
vn -0.3866 0.9060 0.1726
vn -0.5475 0.7223 0.4225
vn 0.2726 0.9003 -0.3394
vn 0.6208 0.6163 -0.4845
vn -0.8939 0.3409 0.2912
vn 0.3541 0.8778 -0.3227
vn 0.3766 0.4161 0.8277
vn -0.0958 0.9953 -0.0110
vn -0.2312 0.8279 0.5110
vn 0.3777 0.9238 -0.0625
vn 0.1163 0.9928 -0.0277
vn 0.6172 0.7864 -0.0251
vn 0.5134 0.8561 -0.0590
vn -0.4332 0.8665 0.2481
vn -0.8830 0.3911 0.2594
vn -0.0965 0.9953 0.0109
vn -0.2614 0.9335 0.2455
vn -0.7439 0.6602 -0.1042
vn 0.4448 0.5064 -0.7387
vn -0.8330 0.4964 -0.2445
vn 0.5353 0.5915 -0.6030
vn 0.4225 0.8194 -0.3874
vn 0.3890 0.8957 0.2153
vn -0.4845 0.6328 -0.6040
vn 0.3608 0.8983 -0.2508
vn 0.3943 0.6593 0.6402
vn -0.3124 0.9057 0.2864
vn 0.6912 0.7124 -0.1217
vn -0.2994 0.9539 0.0189
vn -0.3816 0.9161 -0.1230
vn 0.4360 0.7869 -0.4366
vn 0.2911 0.9408 0.1736
vn 0.3094 0.4277 -0.8493
vn -0.4644 0.3139 0.8281
vn 0.0983 0.5093 -0.8549
vn -0.8020 0.4590 -0.3822
vn 0.0780 0.9946 -0.0678
vn 0.4536 0.8905 -0.0347
vn 0.6145 0.7888 0.0151
vn 0.7225 0.6886 -0.0614
vn -0.6323 0.7742 -0.0289
vn -0.5041 0.8566 -0.1096
vn 0.2904 0.9566 -0.0258
vn -0.3240 0.9460 0.0110
vn 0.0206 0.9985 -0.0515
vn 0.2846 0.9498 0.1298
vn -0.1680 0.9811 -0.0961
vn -0.4931 0.6935 0.5252
vn -0.6611 0.1907 -0.7257
vn 0.2714 0.3807 0.8840
vn -0.4698 0.8823 0.0273
vn -0.0069 0.9145 0.4044
vn -0.0759 0.9469 -0.3125
vn 0.4901 0.8699 -0.0559
vn 0.6746 0.7340 -0.0791
vn 0.7114 0.7007 -0.0547
vn 0.6586 0.7477 0.0841
vn 0.0086 0.9990 -0.0445
vn 0.2219 0.8537 -0.4711
vn -0.5142 0.8494 -0.1188
vn 0.2206 0.9522 0.2113
vn -0.4976 0.5117 -0.7004
vn -0.8090 0.5795 -0.0979
vn -0.6006 0.6515 -0.4635
vn -0.5394 0.2743 -0.7962
vn 0.4269 0.7077 0.5630
vn -0.5235 0.6620 -0.5363
vn -0.2405 0.8839 -0.4012
vn 0.3633 0.8613 -0.3551
vn 0.3928 0.9118 -0.1197
vn 0.1262 0.7841 0.6077
vn 0.3010 0.7515 0.5870
vn 0.5281 0.6884 0.4972
vn 0.2752 0.8250 0.4936
vn 0.2156 0.8551 0.4716
vn 0.5805 0.7109 0.3970
vn 0.3359 0.5701 0.7497
vn 0.5709 0.7898 0.2244
vn -0.5524 0.5137 0.6565
vn 0.6060 0.7841 -0.1342
vn 0.6058 0.7843 -0.1340
vn 0.6057 0.7844 -0.1339
vn 0.0813 0.8101 0.5806
vn 0.5193 0.4966 0.6954
vn -0.5806 0.6408 0.5023
vn -0.3657 0.7472 0.5550
vn 0.1442 0.9420 0.3031
vn 0.7328 0.6804 -0.0004
vn 0.4702 0.8814 -0.0448
vn 0.5854 0.8107 0.0082
vn 0.6632 0.7408 0.1070
vn -0.0514 0.9151 -0.3999
vn 0.3247 0.9458 -0.0009
vn 0.1255 0.9371 0.3257
vn -0.4163 0.7692 -0.4847
vn -0.4473 0.7023 0.5538
vn 0.3684 0.6909 0.6220
vn 0.4574 0.8296 0.3202
vn 0.6632 0.7325 0.1540
vn 0.6622 0.7332 0.1546
vn 0.6581 0.7362 0.1579
vn 0.4866 0.8280 -0.2788
vn -0.7925 0.6073 0.0558
vn -0.4641 0.7011 0.5414
vn -0.4994 0.8593 0.1102
vn -0.2074 0.9638 -0.1676
vn -0.5352 0.6240 0.5694
vn 0.0824 0.9889 0.1237
vn 0.9248 0.2575 -0.2800
vn 0.6435 0.7244 0.2472
vn 0.3027 0.8984 -0.3183
vn 0.7238 0.6276 0.2867
vn -0.7821 0.5583 0.2768
vn 0.3972 0.7256 0.5619
vn 0.0007 0.8860 0.4637
vn -0.7102 0.5968 -0.3735
vn 0.0678 0.9567 -0.2831
vn -0.7742 0.4847 0.4070
vn 0.3559 0.9047 -0.2341
vn 0.2843 0.8465 -0.4502
vn 0.6207 0.6758 -0.3976
vn -0.1913 0.7793 -0.5967
vn 0.2661 0.8414 -0.4703
vn -0.6106 0.6603 -0.4373
vn 0.1469 0.8256 -0.5448
vn 0.2730 0.7639 -0.5847
vn 0.6605 0.7270 -0.1876
vn 0.5464 0.7360 -0.3996
vn 0.3164 0.7752 -0.5468
vn -0.5368 0.5545 -0.6359
vn 0.3728 0.8929 -0.2525
vn 0.3358 0.9160 -0.2194
vn 0.5409 0.6605 0.5207
vn -0.4039 0.5125 -0.7578
vn -0.2815 0.4491 -0.8480
vn -0.1722 0.8422 -0.5110
vn 0.4456 0.4790 -0.7563
vn 0.0784 0.8473 -0.5252
vn 0.3876 0.8789 -0.2780
vn -0.4702 0.8438 -0.2587
vn -0.4895 0.4329 -0.7569
vn -0.1003 0.8601 -0.5002
vn -0.3965 0.4880 -0.7776
vn -0.1390 0.5792 -0.8032
vn 0.4550 0.7306 -0.5092
vn 0.3203 0.4587 -0.8289
vn 0.6748 0.4908 -0.5511
vn -0.2331 0.6586 -0.7155
vn -0.0776 0.4933 -0.8664
vn -0.0734 0.5963 -0.7994
vn 0.2776 0.4676 -0.8392
vn 0.1527 0.4897 -0.8584
vn 0.4953 0.7996 -0.3397
vn 0.5252 0.4923 -0.6942
vn 0.1628 0.7335 -0.6599
vn 0.4402 0.7348 -0.5160
vn -0.7060 0.7082 -0.0045
vn -0.1857 0.7971 -0.5746
vn 0.3280 0.9426 0.0628
vn -0.2642 0.3382 -0.9032
vn 0.1393 0.4518 -0.8812
vn 0.0668 0.6034 -0.7946
vn 0.6343 0.3987 -0.6623
vn 0.3473 0.5209 -0.7798
vn 0.5330 0.6228 -0.5728
vn -0.4966 0.4705 -0.7294
vn 0.4214 0.7810 -0.4609
vn 0.1197 0.7488 -0.6519
vn 0.5660 0.3406 0.7507
vn -0.5551 0.4827 0.6774
vn -0.6330 0.6665 -0.3938
vn -0.4126 0.4478 0.7932
vn -0.7193 0.4605 0.5201
vn 0.5600 0.6510 0.5125
vn -0.2455 0.3570 0.9012
vn 0.0823 0.5798 0.8106
vn 0.4270 0.8691 0.2496
vn -0.7351 0.6628 -0.1426
vn -0.7669 0.2026 0.6089
vn -0.5199 0.4214 0.7431
vn 0.0346 0.6057 0.7950
vn -0.7724 0.4738 0.4231
vn -0.7711 0.4824 0.4156
vn -0.7713 0.4815 0.4162
vn -0.9033 0.3135 0.2928
vn -0.5114 0.3913 -0.7651
vn 0.3815 0.9177 0.1111
vn 0.8294 0.4213 0.3669
vn -0.7629 0.6420 -0.0761
vn -0.7918 0.3714 0.4849
vn -0.1675 0.3205 0.9323
vn 0.3536 0.4570 0.8162
vn 0.5589 0.2851 0.7787
vn 0.1463 0.6257 0.7663
vn 0.4156 0.8486 0.3274
vn -0.4612 0.4104 0.7867
vn 0.7880 0.5379 -0.2996
vn -0.4096 0.6394 -0.6507
vn 0.8140 0.4114 0.4099
vn -0.0992 0.8453 -0.5250
vn -0.8630 0.3117 -0.3976
vn -0.7346 0.2341 0.6368
vn -0.6932 0.2140 -0.6882
vn 0.0393 0.9701 0.2396
vn 0.7395 0.6620 -0.1218
vn -0.7823 0.5488 -0.2946
vn -0.8845 0.3764 0.2756
vn -0.7015 0.3384 -0.6272
vn -0.7567 0.5726 0.3155
vn -0.9050 0.2182 -0.3653
vn -0.2480 0.4389 0.8637
vn 0.6226 0.4060 -0.6689
vn -0.7297 0.5409 -0.4184
vn -0.4182 0.8147 -0.4017
vn 0.6393 0.4075 0.6520
vn -0.8515 0.5189 0.0750
vn -0.6986 0.3530 -0.6224
vn 0.5170 0.7510 0.4107
vn -0.1864 0.3187 -0.9294
vn 0.2993 0.2297 -0.9261
vn 0.6192 0.5469 -0.5635
vn -0.4101 0.9100 0.0608
vn 0.7708 0.5953 -0.2269
vn -0.6438 0.3137 0.6980
vn -0.6490 0.4855 -0.5858
vn 0.6825 0.3717 -0.6293
vn -0.3522 0.7860 -0.5081
vn -0.7073 0.5298 -0.4680
vn -0.2377 0.7511 -0.6159
vn -0.7880 0.3764 -0.4872
vn 0.7400 0.3404 0.5801
vn -0.8955 0.4363 0.0882
vn 0.1799 0.7260 -0.6637
vn -0.8373 0.3545 -0.4163
vn 0.3379 0.9396 0.0538
vn 0.0145 0.9956 -0.0926
vn 0.6630 0.4314 -0.6119
vn -0.5010 0.4908 -0.7128
vn -0.0016 0.7917 -0.6109
vn -0.7399 0.4709 -0.4805
vn 0.0709 0.5451 -0.8354
vn 0.4478 0.3497 -0.8229
vn 0.7161 0.3091 -0.6258
vn 0.3234 0.7338 -0.5974
vn -0.6265 0.3771 -0.6821
vn -0.4519 0.4070 -0.7938
vn 0.1479 0.9781 0.1463
vn 0.6283 0.7474 -0.2160
vn -0.4693 0.8703 -0.1492
vn 0.6330 0.7684 0.0939
vn 0.7921 0.3414 -0.5060
vn 0.3090 0.8175 -0.4860
vn -0.7539 0.4001 -0.5212
vn -0.7508 0.3960 -0.5287
vn -0.7541 0.4006 -0.5205
vn -0.2380 0.3834 -0.8924
vn 0.1381 0.3139 -0.9394
vn 0.6917 0.2889 -0.6618
vn -0.3256 0.4712 -0.8197
vn 0.2639 0.7990 -0.5404
vn -0.2201 0.9525 0.2105
vn 0.7263 0.3139 -0.6115
vn -0.4110 0.6684 -0.6199
vn 0.6185 0.6907 -0.3747
vn -0.7023 0.5433 -0.4600
vn -0.5997 0.5134 -0.6138
vn 0.3440 0.4458 -0.8264
vn -0.2003 0.5738 -0.7942
vn -0.4730 0.4184 -0.7754
vn -0.5262 0.6776 0.5138
vn 0.2680 0.6651 0.6970
vn 0.2775 0.8795 -0.3867
vn 0.4342 0.7664 0.4734
vn 0.1344 0.6272 0.7672
vn 0.3523 0.9310 -0.0951
vn 0.7180 0.6479 0.2543
vn -0.1204 0.9733 0.1954
vn 0.0661 0.8553 0.5139
vn -0.2258 0.9258 0.3032
vn 0.4997 0.6723 0.5462
vn 0.6956 0.5378 0.4763
vn -0.0554 0.6705 0.7398
vn 0.5533 0.7714 0.3143
vn -0.8068 0.4091 0.4262
vn -0.3601 0.6854 0.6330
vn -0.0828 0.9513 0.2970
vn 0.4280 0.7147 0.5532
vn -0.3846 0.9177 -0.1001
vn 0.4179 0.6934 0.5869
vn -0.0007 0.7692 0.6390
vn 0.3632 0.6030 0.7103
vn 0.3979 0.4659 0.7903
vn 0.5523 0.5824 0.5965
vn 0.5182 0.5104 0.6863
vn -0.0319 0.4701 0.8820
vn -0.0012 0.4673 0.8841
vn 0.2117 0.5163 0.8298
vn 0.2255 0.5660 0.7930
vn -0.6477 0.6724 0.3583
vn -0.6951 0.6160 0.3707
vn 0.3325 0.6586 0.6750
vn -0.3355 0.9191 -0.2067
vn 0.1414 0.9310 -0.3366
vn 0.6686 0.5544 0.4955
vn 0.4132 0.6808 0.6048
vn 0.4093 0.6834 0.6045
vn 0.4135 0.6806 0.6048
vn 0.6569 0.5613 0.5034
vn -0.2156 0.5858 0.7813
vn -0.5174 0.6878 -0.5090
vn 0.2573 0.5089 -0.8215
vn 0.1576 0.6976 -0.6989
vn -0.3318 0.8241 -0.4591
vn 0.4317 0.6860 0.5857
vn 0.3291 0.5271 0.7835
vn 0.2542 0.5486 0.7965
vn -0.5131 0.5571 -0.6529
vn -0.1791 0.6655 -0.7246
vn 0.1131 0.9196 -0.3762
vn 0.0680 0.9952 0.0708
vn -0.3420 0.8395 -0.4223
vn 0.1582 0.8431 -0.5140
vn 0.1578 0.8430 -0.5142
vn 0.1581 0.8433 -0.5137
vn 0.1251 0.8441 0.5214
vn 0.4809 0.7147 0.5079
vn 0.2752 0.9293 0.2462
vn 0.4324 0.8730 0.2255
vn 0.6472 0.6952 -0.3127
vn -0.2664 0.6870 -0.6761
vn -0.2245 0.7089 -0.6686
vn -0.2251 0.7092 -0.6681
vn -0.2218 0.7075 -0.6710
vn 0.0211 0.9223 -0.3858
vn 0.2495 0.8438 -0.4752
vn 0.1632 0.8404 -0.5168
vn 0.5586 0.8048 0.2006
vn 0.6826 0.6811 0.2649
vn 0.2785 0.7122 -0.6443
vn 0.2797 0.7119 -0.6442
vn 0.2741 0.7135 -0.6448
vn 0.2842 0.7105 -0.6437
vn 0.4972 0.6607 -0.5624
vn -0.2809 0.7130 -0.6424
vn -0.5180 0.5151 -0.6829
vn -0.2756 0.7249 -0.6313
vn -0.5028 0.6071 -0.6153
vn -0.2172 0.6023 -0.7681
vn 0.1220 0.8268 -0.5492
vn -0.2884 0.7203 -0.6309
vn 0.1118 0.6681 -0.7356
vn 0.0879 0.4695 -0.8786
vn 0.3709 0.4636 -0.8047
vn 0.3975 0.7605 0.5134
vn -0.0198 0.8158 0.5780
vn 0.1772 0.9092 0.3768
vn 0.0339 0.9568 0.2886
vn 0.4433 0.8784 0.1784
vn 0.3506 0.5580 0.7521
vn 0.3456 0.9338 0.0929
vn -0.2115 0.6397 0.7390
vn -0.0011 0.8538 0.5206
vn 0.2893 0.9511 0.1078
vn 0.3733 0.9133 0.1631
vn 0.2388 0.7570 0.6082
vn -0.8060 0.5357 0.2518
vn 0.7050 0.3911 0.5916
vn -0.4889 0.7433 0.4565
vn -0.4844 0.7451 0.4584
vn -0.4904 0.7427 0.4559
vn 0.6728 0.6660 -0.3221
vn -0.4831 0.6892 0.5400
vn -0.4876 0.6901 0.5348
vn -0.4825 0.6888 0.5411
vn 0.5285 0.7782 0.3393
vn 0.1654 0.9334 0.3185
vn 0.6297 0.4866 0.6056
vn 0.6571 0.7369 0.1587
vn 0.2163 0.9711 -0.1012
vn 0.2630 0.7656 0.5871
vn 0.7358 0.6241 0.2631
vn -0.8221 0.4995 -0.2731
vn -0.5867 0.7592 0.2818
vn -0.6971 0.6532 0.2955
vn -0.3373 0.9352 -0.1075
vn 0.5469 0.7538 0.3642
vn 0.4619 0.8785 0.1223
vn 0.1884 0.9805 -0.0557
vn 0.4604 0.6009 -0.6534
vn 0.2154 0.9516 -0.2193
vn -0.8290 0.5077 -0.2344
vn -0.5591 0.7968 0.2293
vn -0.6849 0.4864 0.5425
vn -0.5732 0.8059 -0.1482
vn -0.6247 0.7457 0.2316
vn 0.1729 0.8914 0.4190
vn 0.2352 0.8992 -0.3690
vn -0.3111 0.9195 -0.2402
vn 0.0178 0.9998 -0.0025
vn 0.2719 0.5159 -0.8123
vn 0.7070 0.5128 0.4870
vn 0.6809 0.6865 -0.2551
vn 0.5163 0.8531 0.0754
vn 0.5253 0.6886 -0.4999
vn 0.3050 0.7951 -0.5241
vn 0.5166 0.7403 -0.4302
vn 0.5602 0.6988 -0.4448
vn -0.8591 0.4999 0.1102
vn -0.8509 0.5170 0.0933
vn 0.2159 0.8459 -0.4877
vn 0.6129 0.6995 -0.3674
vn -0.3118 0.5640 -0.7647
vn -0.6765 0.3568 -0.6442
vn -0.2611 0.7315 -0.6299
vn 0.0037 0.7010 -0.7131
vn -0.0044 0.7013 -0.7129
vn -0.0044 0.7011 -0.7130
vn 0.1957 0.7877 -0.5842
vn 0.6678 0.7164 -0.2020
vn 0.1380 0.8686 -0.4759
vn 0.5761 0.6491 -0.4967
vn 0.5038 0.7439 -0.4391
vn 0.4850 0.8382 -0.2495
vn 0.3911 0.8954 -0.2129
vn 0.0419 0.9087 -0.4154
vn -0.4272 0.3814 -0.8198
vn -0.1364 0.6729 -0.7271
vn -0.0045 0.7016 -0.7125
vn -0.5750 0.7118 -0.4034
vn 0.2393 0.7942 -0.5586
vn -0.4543 0.8291 -0.3259
vn 0.2929 0.4660 -0.8349
vn 0.5552 0.7475 -0.3647
vn 0.5805 0.5149 -0.6307
vn 0.3231 0.5685 -0.7566
vn 0.1558 0.7836 -0.6014
vn -0.4292 0.5377 -0.7257
vn -0.6790 0.3612 -0.6392
vn 0.2568 0.5616 -0.7866
vn -0.2564 0.7440 -0.6171
vn -0.0469 0.5889 -0.8068
vn 0.0774 0.7759 -0.6261
vn 0.3259 0.6775 -0.6594
vn 0.0706 0.8259 -0.5594
vn -0.5366 0.3895 -0.7486
vn 0.3282 0.5380 -0.7764
vn -0.0852 0.5668 -0.8194
vn -0.0252 0.8267 -0.5621
vn 0.0655 0.6725 -0.7372
vn -0.2399 0.5031 -0.8303
vn 0.0776 0.5996 -0.7965
vn 0.6348 0.4746 -0.6098
vn -0.0253 0.9884 -0.1498
vn 0.5228 0.6646 -0.5338
vn 0.1228 0.8368 -0.5336
vn 0.5511 0.5911 -0.5890
vn -0.7561 0.4450 -0.4798
vn -0.0950 0.8760 -0.4728
vn 0.6406 0.5483 -0.5376
vn -0.0505 0.5081 -0.8598
vn -0.4316 0.4513 -0.7810
vn -0.5391 0.2828 -0.7933
vn 0.0121 0.4802 -0.8771
vn -0.4725 0.3931 -0.7888
vn -0.2884 0.8570 -0.4271
vn 0.0137 0.5565 -0.8307
vn -0.0504 0.5852 -0.8094
vn -0.1926 0.5480 -0.8140
vn 0.5542 0.6974 -0.4544
vn -0.2510 0.8975 -0.3626
vn 0.1880 0.7595 -0.6228
vn 0.3167 0.6901 -0.6507
vn 0.3271 0.4197 0.8467
vn 0.3074 0.8706 -0.3841
vn 0.1373 0.6269 0.7669
vn -0.0637 0.6988 0.7125
vn 0.7267 0.5035 0.4674
vn -0.5358 0.8438 0.0311
vn -0.7594 0.3824 0.5263
vn 0.3367 0.5716 0.7483
vn 0.7186 0.3229 0.6159
vn 0.1291 0.9773 0.1679
vn 0.6885 0.4230 0.5891
vn -0.7724 0.4729 0.4241
vn -0.3621 0.8690 -0.3374
vn -0.2504 0.3996 0.8818
vn -0.1455 0.7220 0.6764
vn 0.2300 0.8126 0.5355
vn 0.1534 0.6919 -0.7055
vn -0.1904 0.9596 -0.2074
vn 0.7116 0.6874 -0.1452
vn 0.7756 0.6183 0.1272
vn -0.8515 0.4626 0.2469
vn 0.4951 0.6978 -0.5175
vn -0.8354 0.5493 0.0192
vn -0.7778 0.6272 0.0413
vn -0.3717 0.6452 -0.6675
vn -0.0241 0.5976 0.8014
vn 0.7729 0.4046 0.4887
vn -0.4188 0.8234 0.3828
vn -0.5992 0.4175 0.6831
vn -0.2777 0.8324 -0.4796
vn -0.5048 0.2779 0.8173
vn 0.7132 0.5481 0.4371
vn -0.8110 0.3603 -0.4610
vn 0.7000 0.3177 0.6395
vn 0.5877 0.4172 -0.6932
vn -0.7952 0.5606 -0.2311
vn 0.7873 0.5952 0.1609
vn -0.2764 0.4031 0.8724
vn -0.4386 0.8430 0.3114
vn 0.5498 0.4500 -0.7038
vn 0.7448 0.3577 -0.5633
vn -0.6573 0.4480 0.6061
vn 0.6644 0.3981 -0.6325
vn 0.2589 0.8775 -0.4036
vn -0.7813 0.3126 -0.5402
vn -0.9349 0.3338 -0.1210
vn -0.4010 0.4592 0.7927
vn 0.5399 0.4368 0.7195
vn -0.9983 0.0501 0.0291
vn -0.1535 0.9617 0.2271
vn 0.3516 0.9361 -0.0054
vn 0.6908 0.3778 0.6165
vn 0.2924 0.9439 -0.1538
vn -0.5969 0.5013 -0.6264
vn -0.7919 0.3387 -0.5081
vn 0.0103 0.4609 -0.8874
vn -0.6316 0.6878 0.3577
vn -0.8372 0.3786 -0.3947
vn -0.0428 0.8750 -0.4821
vn 0.2375 0.6513 0.7207
vn 0.6646 0.5476 -0.5084
vn 0.7431 0.5630 -0.3616
vn 0.3936 0.5475 -0.7385
vn -0.9483 0.3149 -0.0399
vn -0.3946 0.6887 -0.6083
vn 0.2428 0.5902 -0.7698
vn 0.6405 0.3722 -0.6717
vn 0.3700 0.6705 -0.6431
vn 0.8216 0.3264 -0.4673
vn -0.8669 0.4148 0.2765
vn -0.7767 0.4983 -0.3853
vn 0.0638 0.5683 -0.8203
vn 0.6927 0.4532 -0.5610
vn 0.6809 0.6560 -0.3256
vn -0.9523 0.3040 0.0252
vn 0.2184 0.6899 -0.6902
vn -0.7502 0.3953 -0.5299
vn 0.6693 0.5314 -0.5193
vn -0.0670 0.3750 -0.9246
vn 0.2885 0.5093 -0.8108
vn 0.6646 0.5617 -0.4927
vn -0.4288 0.4445 -0.7865
vn -0.6923 0.3730 -0.6178
vn -0.5667 0.6784 -0.4677
vn 0.4942 0.5933 -0.6354
vn 0.5001 0.5987 -0.6257
vn -0.7737 0.6334 -0.0151
vn 0.0870 0.9871 0.1346
vn 0.4098 0.6724 -0.6164
vn -0.2198 0.7585 0.6135
vn -0.4672 0.4353 -0.7696
vn 0.4813 0.7178 -0.5031
vn 0.0425 0.9840 0.1732
vn -0.5821 0.4857 -0.6521
vn 0.7545 0.5568 -0.3474
vn 0.0991 0.9327 0.3467
vn 0.0227 0.5859 -0.8101
vn 0.4908 0.4695 -0.7340
vn 0.0816 0.5394 -0.8381
vn -0.1267 0.5794 -0.8051
vn 0.3314 0.5405 -0.7733
vn 0.3352 0.5372 -0.7740
vn 0.3318 0.5401 -0.7734
vn -0.6376 0.5754 0.5122
vn 0.0495 0.9133 -0.4042
vn -0.7510 0.5900 0.2965
vn -0.5785 0.6704 0.4647
vn -0.6072 0.3871 0.6939
vn 0.5503 0.8168 0.1731
vn -0.7228 0.4586 0.5170
vn 0.4378 0.8991 -0.0020
vn 0.5630 0.6647 0.4912
vn 0.5343 0.7060 0.4648
vn 0.5455 0.7750 0.3190
vn 0.3541 0.7212 0.5955
vn 0.0403 0.8639 0.5020
vn 0.3961 0.9005 0.1793
vn 0.3911 0.8503 0.3521
vn -0.7206 0.5388 0.4363
vn -0.5549 0.5711 0.6049
vn -0.3076 0.9249 0.2234
vn 0.4384 0.7165 0.5426
vn 0.1221 0.5876 0.7999
vn -0.6594 0.7465 -0.0886
vn -0.0107 0.3962 0.9181
vn -0.2551 0.9526 0.1654
vn -0.0110 0.9902 -0.1392
vn -0.2328 0.9204 -0.3142
vn 0.4192 0.6561 0.6276
vn 0.5442 0.5028 0.6716
vn 0.2249 0.5085 0.8312
vn 0.1442 0.5315 0.8347
vn -0.6745 0.6614 0.3280
vn -0.5236 0.7182 0.4582
vn 0.0251 0.9484 -0.3162
vn -0.4580 0.7405 -0.4919
vn 0.4514 0.5944 0.6655
vn 0.4138 0.6804 0.6048
vn 0.3261 0.4982 0.8034
vn 0.1798 0.6108 0.7711
vn -0.2343 0.6743 -0.7003
vn -0.2175 0.6831 -0.6972
vn 0.0058 0.8764 0.4815
vn 0.6435 0.6178 0.4519
vn 0.0603 0.5081 0.8592
vn -0.7616 0.5532 -0.3375
vn -0.5482 0.5499 -0.6302
vn -0.2214 0.7073 -0.6714
vn -0.2931 0.6022 -0.7426
vn 0.4652 0.7777 -0.4228
vn 0.2020 0.7256 -0.6578
vn -0.0521 0.9835 0.1731
vn 0.7199 0.6671 0.1917
vn 0.1772 0.9840 0.0165
vn 0.6365 0.7033 -0.3166
vn -0.3210 0.7035 -0.6341
vn -0.3278 0.6113 -0.7204
vn 0.1267 0.8991 -0.4191
vn -0.2697 0.7801 -0.5645
vn 0.5667 0.7521 0.3363
vn 0.2787 0.9000 -0.3351
vn -0.4046 0.5409 -0.7374
vn 0.2419 0.9536 -0.1795
vn 0.3623 0.4794 -0.7993
vn -0.0431 0.7460 -0.6645
vn -0.2887 0.5834 -0.7592
vn -0.3556 0.7391 -0.5720
vn -0.2232 0.7401 -0.6344
vn 0.3935 0.4463 -0.8038
vn 0.4020 0.4526 -0.7959
vn 0.2305 0.5219 -0.8213
vn 0.5811 0.5919 0.5586
vn 0.6367 0.5875 0.4995
vn 0.4221 0.7555 0.5011
vn 0.3477 0.7715 0.5328
vn 0.6449 0.5853 0.4915
vn 0.6451 0.5857 0.4907
vn 0.6464 0.5885 0.4856
vn 0.5917 0.6458 0.4824
vn 0.6467 0.5891 0.4845
vn 0.6199 0.7380 0.2666
vn -0.5734 0.4080 0.7105
vn -0.5729 0.4038 0.7133
vn -0.5731 0.4056 0.7121
vn 0.3270 0.6994 0.6356
vn 0.5320 0.8460 -0.0356
vn -0.4981 0.4924 0.7138
vn -0.5517 0.6966 0.4586
vn 0.4640 0.5897 0.6610
vn 0.4605 0.5937 0.6599
vn 0.4623 0.5916 0.6606
vn 0.0341 0.8105 0.5848
vn 0.0355 0.8137 0.5802
vn 0.0361 0.8134 0.5806
vn 0.6058 0.6822 0.4094
vn 0.4326 0.4456 0.7838
vn 0.3655 0.7822 0.5045
vn -0.3180 0.7338 0.6004
vn 0.2064 0.4329 0.8775
vn -0.0688 0.8719 0.4847
vn -0.3992 0.5761 0.7132
vn 0.2413 0.6984 0.6738
vn 0.2017 0.6125 0.7643
vn 0.2028 0.6119 0.7645
vn 0.2028 0.6118 0.7645
vn 0.2041 0.6110 0.7648
vn 0.0481 0.5933 0.8036
vn 0.0648 0.8469 0.5278
vn 0.0358 0.8099 0.5855
vn 0.0332 0.8095 0.5861
vn -0.1079 0.7763 0.6210
vn -0.1069 0.7757 0.6220
vn -0.0997 0.7708 0.6293
vn -0.4756 0.7908 0.3852
vn -0.4748 0.7933 0.3812
vn -0.4746 0.7931 0.3817
vn 0.6371 0.7261 0.2586
vn 0.6374 0.7255 0.2598
vn 0.6373 0.7256 0.2594
vn -0.3993 0.6124 0.6822
vn 0.6489 0.4322 0.6263
vn 0.6158 0.4658 0.6355
vn 0.0655 0.6734 0.7364
vn 0.0934 0.9551 -0.2811
vn -0.3140 0.4941 0.8107
vn -0.0974 0.6373 0.7644
vn -0.1917 0.7498 0.6332
vn 0.2551 0.5251 0.8119
vn 0.4500 0.5732 0.6848
vn 0.4455 0.5750 0.6862
vn 0.4496 0.5733 0.6850
vn 0.3741 0.7156 0.5899
vn 0.5428 0.6117 0.5756
vn 0.0473 0.7587 0.6497
vn -0.0682 0.7975 0.5995
vn -0.2240 0.8759 0.4275
vn -0.2239 0.8756 0.4279
vn -0.2239 0.8756 0.4280
vn 0.6368 0.7269 0.2571
vn 0.1037 0.5186 0.8487
vn 0.1045 0.5198 0.8479
vn 0.1006 0.5139 0.8519
vn 0.0791 0.7672 0.6366
vn -0.1911 0.5512 0.8122
vn 0.0813 0.8772 0.4732
vn -0.4998 0.4772 0.7228
vn -0.4993 0.4770 0.7233
vn -0.4990 0.4769 0.7236
vn -0.2381 0.9711 -0.0149
vn -0.2035 0.6127 0.7636
vn -0.5153 0.5200 0.6812
vn 0.2808 0.8042 0.5238
vn 0.4410 0.6197 0.6493
vn -0.0271 0.6922 0.7212
vn 0.1442 0.7711 0.6201
vn -0.0154 0.8147 0.5797
vn -0.3304 0.9051 0.2678
vn 0.6390 0.7015 0.3155
vn 0.5965 0.3404 0.7268
vn 0.2946 0.5383 0.7896
vn 0.0996 0.5123 0.8530
vn 0.3682 0.5425 0.7550
vn -0.2270 0.9517 0.2067
vn -0.1829 0.9831 -0.0032
vn -0.1873 0.9823 0.0005
vn -0.1817 0.9833 -0.0042
vn -0.6029 0.6042 0.5210
vn -0.3576 0.7770 0.5180
vn -0.2045 0.9679 0.1460
vn 0.3237 0.5433 0.7746
vn 0.5909 0.6318 0.5017
vn 0.4444 0.8273 0.3437
vn 0.5303 0.7571 0.3816
vn 0.5045 0.7389 0.4468
vn 0.0360 0.8327 0.5526
vn -0.8010 0.4143 0.4322
vn 0.3970 0.8217 0.4089
vn -0.2462 0.8535 0.4592
vn -0.0055 0.8258 0.5639
vn -0.2457 0.7241 0.6445
vn -0.4979 0.5030 0.7065
vn -0.7252 0.4153 0.5492
vn -0.6292 0.5992 0.4950
vn 0.3970 0.6344 0.6633
vn -0.4892 0.6898 0.5338
vn -0.0456 0.9847 -0.1682
vn 0.7178 0.6606 0.2200
vn 0.0320 0.8654 0.5001
vn -0.3285 0.7152 0.6169
vn -0.1031 0.7176 0.6888
vn 0.1201 0.7014 0.7026
vn -0.3369 0.9350 0.1110
vn 0.6122 0.5348 0.5824
vn 0.1611 0.6817 0.7137
vn -0.0486 0.8769 0.4783
vn -0.0901 0.8647 0.4942
vn -0.3555 0.5117 0.7822
vn -0.4161 0.5286 0.7399
vn -0.4145 0.5325 0.7380
vn -0.4143 0.5323 0.7382
vn 0.4798 0.7634 0.4325
vn -0.2533 0.6725 0.6954
vn 0.0169 0.8809 0.4730
vn 0.1761 0.9169 0.3582
vn -0.5646 0.8187 -0.1047
vn -0.3760 0.9077 0.1862
vn 0.7768 0.6290 -0.0297
vn 0.7821 0.6147 -0.1019
vn -0.3049 0.6226 -0.7207
vn -0.3208 0.4832 0.8146
vn 0.2189 0.7567 0.6160
vn 0.4551 0.8420 -0.2897
vn -0.4190 0.9055 0.0668
vn -0.7229 0.5901 -0.3594
vn 0.4606 0.5966 0.6572
vn 0.3136 0.6787 0.6641
vn 0.0400 0.9992 -0.0032
vn -0.3630 0.9263 0.1013
vn -0.2820 0.9518 -0.1205
vn -0.6051 0.7883 -0.1116
vn -0.2348 0.9197 0.3147
vn 0.6018 0.7584 -0.2503
vn 0.5984 0.7745 0.2052
vn 0.2905 0.9268 0.2382
vn -0.4518 0.8706 0.1947
vn -0.4363 0.6918 0.5753
vn -0.4456 0.8802 0.1632
vn -0.8251 0.4327 0.3634
vn 0.0848 0.9762 0.1997
vn -0.5472 0.8367 -0.0204
vn -0.7113 0.6799 0.1780
vn 0.4410 0.5350 0.7206
vn 0.0346 0.9926 -0.1168
vn 0.3567 0.9227 -0.1463
vn 0.3213 0.9406 0.1098
vn -0.3415 0.8299 -0.4412
vn -0.4589 0.8470 0.2682
vn -0.5357 0.8353 0.1237
vn -0.2399 0.9707 0.0160
vn 0.4923 0.8462 -0.2040
vn 0.3536 0.9339 -0.0528
vn 0.0613 0.8323 -0.5509
vn 0.4430 0.8700 -0.2163
vn -0.4636 0.8365 0.2922
vn 0.2109 0.9185 -0.3346
vn -0.4532 0.8184 0.3533
vn 0.5559 0.6509 0.5170
vn -0.5901 0.5965 -0.5441
vn 0.8538 0.5137 -0.0845
vn 0.3080 0.6519 -0.6930
vn -0.2258 0.7280 -0.6473
vn -0.2275 0.7271 -0.6477
vn -0.2272 0.7273 -0.6476
vn -0.1250 0.9551 -0.2686
vn -0.7449 0.5924 -0.3070
vn -0.7444 0.5915 -0.3097
vn -0.7450 0.5927 -0.3061
vn -0.6041 0.7928 0.0809
vn -0.3976 0.8995 -0.1811
vn -0.1737 0.9245 0.3392
vn -0.2426 0.9701 0.0086
vn 0.4269 0.8987 -0.1007
vn 0.1352 0.9908 0.0036
vn 0.5114 0.8482 -0.1379
vn 0.5857 0.7012 -0.4066
vn 0.6246 0.6430 -0.4433
vn 0.5207 0.7436 -0.4196
vn 0.4707 0.8739 -0.1218
vn 0.0480 0.9969 -0.0629
vn 0.6390 0.5386 -0.5492
vn -0.6651 0.7266 -0.1721
vn -0.6405 0.5291 -0.5567
vn 0.1749 0.9787 -0.1070
vn 0.3281 0.9028 -0.2782
vn -0.2144 0.4139 -0.8847
vn 0.2793 0.4008 -0.8726
vn -0.0358 0.9573 -0.2868
vn 0.4902 0.7019 -0.5167
vn -0.1419 0.9147 0.3784
vn 0.5252 0.7718 -0.3585
vn 0.5640 0.7298 -0.3864
vn 0.6251 0.6430 -0.4426
vn 0.6553 0.6370 -0.4061
vn 0.5927 0.7289 -0.3425
vn -0.8859 0.4595 -0.0632
vn -0.8457 0.3311 -0.4184
vn 0.4207 0.5892 -0.6898
vn 0.6960 0.6051 -0.3865
vn 0.3032 0.9524 0.0332
vn 0.5942 0.7725 -0.2241
vn -0.5721 0.4081 -0.7114
vn -0.2346 0.9593 -0.1570
vn -0.2939 0.6350 -0.7144
vn 0.2434 0.4775 -0.8443
vn 0.0393 0.5546 -0.8312
vn -0.0990 0.5302 -0.8421
vn -0.0733 0.4728 -0.8781
vn -0.3665 0.6395 -0.6758
vn 0.2872 0.9550 0.0747
vn -0.4992 0.8242 0.2675
vn -0.4973 0.8268 0.2629
vn -0.4975 0.8266 0.2633
vn -0.4579 0.8442 0.2787
vn -0.6896 0.6646 -0.2876
vn 0.4171 0.8316 0.3666
vn 0.4210 0.7752 -0.4710
vn 0.5601 0.8266 -0.0553
vn 0.5146 0.7077 -0.4841
vn 0.6091 0.6021 -0.5161
vn -0.3750 0.7447 -0.5521
vn 0.2805 0.6690 -0.6882
vn 0.5992 0.7724 -0.2107
vn 0.0420 0.3885 -0.9205
vn 0.2460 0.4711 -0.8471
vn 0.1493 0.9110 -0.3844
vn 0.0437 0.4211 -0.9060
vn -0.1759 0.5856 -0.7913
vn 0.0247 0.6539 -0.7562
vn -0.1561 0.8155 -0.5574
vn -0.1561 0.8153 -0.5576
vn -0.1572 0.8133 -0.5602
vn -0.5886 0.7550 -0.2892
vn -0.5754 0.6418 0.5070
vn 0.3863 0.7725 -0.5040
vn -0.3586 0.9253 -0.1233
vn 0.6516 0.7289 0.2102
vn 0.2097 0.9602 0.1845
vn 0.5921 0.7997 -0.1000
vn 0.5586 0.8272 -0.0612
vn 0.2796 0.9553 0.0957
vn 0.1714 0.8076 -0.5642
vn -0.2758 0.4978 -0.8223
vn -0.0460 0.8276 -0.5594
vn 0.2554 0.4930 -0.8317
vn 0.6844 0.5602 -0.4667
vn 0.4353 0.5681 -0.6985
vn 0.2755 0.4987 -0.8218
vn 0.0178 0.6654 -0.7463
vn -0.6428 0.6948 -0.3227
vn 0.1243 0.8942 0.4302
vn -0.7080 0.6096 -0.3567
vn 0.0128 0.9553 0.2952
vn 0.0095 0.9520 0.3060
vn 0.0091 0.9517 0.3069
vn 0.3096 0.9359 -0.1680
vn 0.3008 0.9508 0.0738
vn 0.4185 0.7594 -0.4982
vn 0.1931 0.7371 -0.6476
vn 0.3482 0.6726 -0.6530
vn -0.7697 0.4285 -0.4732
vn 0.0284 0.4673 -0.8836
vn -0.3563 0.3888 -0.8496
vn -0.6528 0.4001 -0.6432
vn -0.7192 0.3837 -0.5792
vn -0.3376 0.4046 -0.8499
vn 0.0005 0.5863 -0.8101
vn 0.2426 0.5517 -0.7980
vn 0.1497 0.7130 -0.6850
vn -0.0914 0.4863 -0.8690
vn -0.5648 0.4129 -0.7145
vn -0.1573 0.8132 -0.5603
vn -0.4776 0.8665 0.1452
vn 0.0050 0.9774 0.2114
vn 0.0068 0.9775 0.2109
vn 0.0049 0.9773 0.2116
vn 0.3697 0.7852 -0.4967
vn 0.4845 0.8498 -0.2074
vn 0.5504 0.7070 -0.4441
vn 0.5503 0.7071 -0.4440
vn 0.6066 0.5434 -0.5803
vn -0.7196 0.4479 -0.5306
vn 0.5022 0.5119 -0.6970
vn 0.4629 0.7050 -0.5373
vn 0.2746 0.8438 -0.4610
vn 0.5313 0.7473 -0.3990
vn 0.4921 0.5641 -0.6631
vn 0.6843 0.2188 -0.6956
vn -0.0978 0.4923 -0.8649
vn -0.1366 0.4325 -0.8912
vn 0.5134 0.7857 -0.3452
vn 0.2368 0.4605 -0.8555
vn 0.1045 0.3836 -0.9175
vn 0.0279 0.4077 -0.9127
vn 0.3876 0.4157 -0.8227
vn 0.3929 0.6126 -0.6858
vn 0.0241 0.8427 -0.5378
vn -0.3714 0.5503 -0.7478
vn 0.1837 0.5894 -0.7867
vn -0.5226 0.7626 -0.3813
vn -0.7130 0.6766 -0.1841
vn -0.5574 0.7101 -0.4302
vn -0.2416 0.9389 -0.2451
vn 0.3519 0.9107 -0.2163
vn 0.0969 0.9367 0.3366
vn 0.8016 0.5690 -0.1838
vn 0.5702 0.5952 -0.5662
vn -0.1350 0.7531 -0.6440
vn 0.3724 0.7756 -0.5097
vn 0.5678 0.6066 -0.5565
vn -0.3461 0.4064 -0.8456
vn 0.1918 0.6442 -0.7404
vn -0.4998 0.7368 -0.4553
vn -0.1956 0.7974 -0.5709
vn -0.0595 0.5528 -0.8312
vn 0.0878 0.3329 -0.9389
vn 0.1792 0.4715 -0.8635
vn 0.1059 0.6684 -0.7362
vn 0.3896 0.5199 -0.7603
vn 0.2302 0.5745 -0.7854
vn 0.2296 0.5748 -0.7854
vn 0.2385 0.5689 -0.7871
vn 0.1724 0.7199 -0.6723
vn 0.0713 0.9618 -0.2642
vn -0.5070 0.8529 0.1247
vn -0.7233 0.6498 -0.2336
vn -0.8041 0.5853 0.1046
vn -0.7377 0.3351 0.5861
vn -0.6641 0.7459 -0.0506
vn -0.5840 0.8115 0.0193
vn 0.5037 0.8505 -0.1515
vn 0.8163 0.5555 -0.1580
vn 0.6109 0.7829 -0.1175
vn 0.6061 0.7862 -0.1209
vn 0.6113 0.7826 -0.1176
vn 0.3409 0.7499 -0.5669
vn 0.5948 0.6462 -0.4780
vn 0.5724 0.6672 -0.4767
vn -0.7529 0.4549 -0.4757
vn -0.5972 0.5678 -0.5665
vn 0.4679 0.8559 -0.2203
vn -0.3118 0.9128 -0.2638
vn 0.2325 0.9090 -0.3459
vn 0.4605 0.8822 -0.0977
vn 0.6655 0.6818 -0.3039
vn -0.3362 0.6467 -0.6846
vn 0.3135 0.5780 -0.7534
vn -0.3028 0.3844 -0.8721
vn -0.0737 0.5160 -0.8534
vn -0.3282 0.5181 -0.7898
vn -0.0491 0.7194 -0.6929
vn -0.0055 0.4436 -0.8962
vn 0.2917 0.6960 -0.6561
vn 0.3722 0.4069 -0.8342
vn 0.1908 0.5685 -0.8002
vn 0.1841 0.6898 -0.7002
vn 0.2292 0.6560 -0.7191
vn 0.0526 0.7521 -0.6569
vn -0.3992 0.8643 -0.3059
vn -0.6984 0.5691 -0.4339
vn -0.7149 0.6810 0.1587
vn -0.7148 0.6809 0.1594
vn -0.7149 0.6810 0.1585
vn -0.0410 0.9789 0.2000
vn 0.1194 0.9725 0.1999
vn 0.7112 0.6453 -0.2789
vn 0.6121 0.7757 0.1540
vn 0.8018 0.5691 -0.1825
vn 0.5829 0.6528 -0.4838
vn 0.4543 0.7785 -0.4331
vn 0.0541 0.6748 -0.7360
vn 0.3136 0.5962 -0.7391
vn 0.3216 0.4074 -0.8547
vn 0.3173 0.4135 -0.8534
vn 0.3183 0.4121 -0.8537
vn 0.6463 0.7397 -0.1873
vn 0.1389 0.7719 -0.6204
vn -0.4687 0.6989 -0.5403
vn -0.2674 0.4401 -0.8572
vn 0.2363 0.4974 -0.8347
vn 0.2963 0.4588 -0.8377
vn -0.0110 0.3653 -0.9308
vn 0.4527 0.4058 -0.7940
vn 0.0229 0.6318 -0.7748
vn 0.1917 0.6504 -0.7350
vn 0.3376 0.6612 -0.6699
vn -0.2370 0.7841 -0.5737
vn -0.3727 0.7122 -0.5949
vn -0.6177 0.5569 0.5553
vn 0.4795 0.8577 0.1854
vn 0.5442 0.8366 0.0629
vn 0.8733 0.4753 -0.1066
vn 0.2747 0.8468 -0.4554
vn 0.5498 0.6595 -0.5126
vn 0.6685 0.5435 -0.5077
vn 0.5006 0.6986 -0.5112
vn -0.7290 0.4990 -0.4685
vn -0.5309 0.5988 -0.5997
vn 0.4627 0.7751 -0.4302
vn -0.2205 0.8029 -0.5538
vn 0.1760 0.8451 -0.5049
vn 0.1498 0.8732 -0.4638
vn -0.2365 0.5088 -0.8277
vn 0.0323 0.5529 -0.8326
vn -0.1725 0.5240 -0.8341
vn 0.2556 0.7497 -0.6105
vn 0.1420 0.5953 -0.7909
vn -0.1559 0.7549 -0.6371
vn 0.0964 0.7963 -0.5972
vn -0.5896 0.7004 -0.4022
vn -0.7660 0.6323 0.1164
vn -0.8503 0.4803 -0.2153
vn -0.7203 0.6267 -0.2975
vn 0.8161 0.5776 0.0201
vn 0.1322 0.8904 -0.4355
vn 0.2367 0.8530 -0.4652
vn 0.4418 0.8690 -0.2227
vn 0.6111 0.7133 -0.3432
vn 0.4548 0.7867 -0.4175
vn 0.6525 0.5450 -0.5265
vn 0.5557 0.8311 -0.0230
vn -0.0805 0.9649 -0.2499
vn 0.4776 0.7045 -0.5249
vn 0.0008 0.7867 -0.6174
vn 0.5306 0.7026 -0.4742
vn -0.6651 0.4038 -0.6281
vn -0.8859 0.3624 0.2894
vn 0.0198 0.9359 0.3516
vn 0.0526 0.8761 0.4793
vn -0.1176 0.9504 -0.2880
vn 0.7190 0.6826 -0.1309
vn 0.7524 0.5195 -0.4049
vn 0.7137 0.6199 -0.3261
vn -0.1220 0.9010 -0.4162
vn 0.1876 0.9817 -0.0341
vn 0.1910 0.9810 -0.0334
vn 0.5722 0.7034 -0.4216
vn 0.2769 0.7299 -0.6250
vn -0.4769 0.6773 0.5602
vn -0.7139 0.6468 -0.2683
vn -0.8502 0.3917 -0.3517
vn 0.1883 0.8906 -0.4140
vn 0.5738 0.8056 0.1477
vn 0.7877 0.4313 -0.4399
vn 0.2840 0.8079 -0.5163
vn 0.5979 0.6701 -0.4398
vn 0.5910 0.6737 -0.4436
vn 0.5983 0.6701 -0.4393
vn 0.6026 0.6034 -0.5223
vn 0.6437 0.6810 -0.3491
vn -0.7311 0.6796 0.0604
vn -0.7283 0.6832 0.0526
vn -0.7290 0.6823 0.0546
vn 0.0677 0.9847 0.1608
vn 0.5093 0.6412 -0.5740
vn 0.1758 0.9268 -0.3318
vn -0.2989 0.9434 -0.1438
vn -0.5737 0.7462 -0.3377
vn -0.8144 0.5780 -0.0512
vn -0.8684 0.4134 -0.2740
vn -0.8032 0.5650 0.1891
vn -0.1898 0.9314 0.3106
vn 0.3080 0.8201 0.4824
vn 0.6095 0.7737 -0.1726
vn 0.8189 0.5634 -0.1095
vn 0.7923 0.6063 0.0685
vn 0.2649 0.9607 -0.0827
vn 0.4448 0.8954 -0.0212
vn 0.6273 0.7777 -0.0419
vn 0.6927 0.7111 -0.1201
vn 0.6568 0.7274 -0.1989
vn -0.6725 0.6360 -0.3785
vn -0.0923 0.7405 -0.6657
vn 0.0141 0.8233 -0.5674
vn 0.0540 0.9573 0.2839
vn 0.3290 0.6900 -0.6447
vn -0.5053 0.8410 0.1931
vn 0.2904 0.9314 0.2195
vn 0.6904 0.6920 -0.2108
vn -0.2287 0.8273 -0.5132
vn -0.8997 0.4354 -0.0311
vn -0.8925 0.4510 -0.0049
vn -0.6586 0.7019 -0.2714
vn -0.3319 0.6371 -0.6956
vn 0.8020 0.5901 0.0928
vn 0.8303 0.5312 0.1686
vn 0.6936 0.6957 0.1869
vn 0.4719 0.8766 0.0940
vn -0.7429 0.5070 0.4370
vn -0.2360 0.7503 0.6176
vn 0.5657 0.6895 -0.4523
vn 0.3698 0.6335 -0.6797
vn 0.3701 0.6334 -0.6796
vn 0.3791 0.6330 -0.6749
vn -0.2138 0.9626 0.1665
vn -0.7769 0.6287 -0.0332
vn -0.7773 0.6283 -0.0339
vn -0.7782 0.6270 -0.0361
vn -0.7290 0.5778 -0.3670
vn -0.6807 0.5859 -0.4398
vn 0.8069 0.3901 0.4435
vn 0.8251 0.4532 0.3372
vn 0.5852 0.6875 -0.4300
vn 0.7454 0.6667 0.0013
vn -0.2541 0.8535 -0.4550
vn 0.6814 0.6552 0.3262
vn 0.3798 0.6329 -0.6746
vn -0.8109 0.5843 -0.0336
vn -0.8947 0.4329 -0.1096
vn -0.8945 0.4335 -0.1098
vn -0.8945 0.4334 -0.1098
vn -0.7738 0.4887 0.4030
vn -0.3632 0.8832 -0.2967
vn 0.5999 0.7302 0.3270
vn 0.7663 0.5871 -0.2609
vn 0.7307 0.6708 -0.1265
vn -0.6540 0.7536 -0.0668
vn 0.0544 0.9786 0.1983
vn 0.5247 0.8452 -0.1018
vn 0.5207 0.8480 -0.0987
vn 0.5254 0.8447 -0.1023
vn 0.4950 0.8572 -0.1419
vn -0.0777 0.7448 -0.6628
vn -0.7024 0.6132 -0.3615
vn -0.6161 0.4718 -0.6308
vn 0.0258 0.9990 -0.0367
vn -0.5303 0.6206 0.5776
vn 0.6000 0.5867 -0.5439
vn -0.5941 0.7267 0.3450
vn 0.8210 0.5700 0.0322
vn 0.7075 0.7023 0.0788
vn 0.8862 0.4581 -0.0696
vn 0.4032 0.8818 -0.2445
vn 0.3131 0.9463 0.0804
vn 0.5788 0.7796 -0.2393
vn -0.8719 0.4863 0.0577
vn -0.9078 0.3989 0.1297
vn -0.7478 0.5286 0.4016
vn -0.6739 0.7007 0.2342
vn -0.5809 0.7113 0.3958
vn -0.4000 0.7607 -0.5113
vn 0.7330 0.6727 -0.1005
vn 0.4697 0.6674 0.5779
vn -0.8303 0.5212 0.1971
vn 0.4530 0.8909 0.0342
vn 0.7169 0.5365 -0.4452
vn 0.4586 0.7735 -0.4375
vn 0.6303 0.6174 -0.4706
vn 0.3214 0.6704 -0.6687
vn -0.6177 0.6513 0.4407
vn 0.0016 0.9268 -0.3756
vn 0.7202 0.6296 0.2914
vn 0.7673 0.6100 -0.1978
vn 0.7505 0.6283 0.2049
vn 0.8040 0.4614 0.3750
vn -0.2706 0.9507 0.1513
vn -0.0391 0.9881 -0.1486
vn -0.7685 0.6358 -0.0717
vn -0.9274 0.3273 -0.1810
vn -0.7854 0.6185 0.0228
vn -0.7847 0.6172 0.0571
vn -0.5630 0.6180 -0.5487
vn -0.0337 0.7029 0.7105
vn 0.3088 0.8232 0.4764
vn -0.1881 0.8665 -0.4624
vn 0.7622 0.3689 0.5320
vn 0.5001 0.6727 -0.5453
vn 0.6754 0.4786 0.5611
vn 0.7037 0.4322 0.5639
vn -0.8475 0.5283 0.0508
vn 0.1931 0.9660 0.1721
vn 0.7714 0.6338 -0.0565
vn 0.4670 0.6842 -0.5601
vn -0.7823 0.4998 0.3718
vn -0.8290 0.5245 0.1938
vn 0.0431 0.6293 0.7759
vn 0.3967 0.5892 0.7039
vn -0.3955 0.9111 0.1162
vn 0.0375 0.8949 -0.4448
vn -0.5086 0.8026 -0.3118
vn -0.7896 0.4963 0.3609
vn -0.8331 0.5508 0.0504
vn -0.8287 0.5566 -0.0584
vn -0.1152 0.7180 -0.6865
vn 0.5960 0.7869 -0.1602
vn 0.0982 0.9265 0.3632
vn 0.8064 0.4201 0.4162
vn 0.5324 0.7551 -0.3826
vn 0.8031 0.5887 -0.0920
vn 0.3107 0.6898 -0.6539
vn 0.1775 0.7616 -0.6232
vn 0.2093 0.6743 -0.7082
vn -0.1586 0.8250 -0.5425
vn -0.1145 0.8427 -0.5260
vn -0.1155 0.8429 -0.5256
vn -0.1158 0.8429 -0.5255
vn -0.1166 0.8430 -0.5252
vn -0.4540 0.5668 0.6875
vn -0.0309 0.9068 0.4205
vn -0.8631 0.4800 0.1570
vn -0.8492 0.5272 0.0320
vn -0.9099 0.3210 0.2628
vn -0.4649 0.8845 -0.0377
vn -0.1462 0.7033 0.6957
vn -0.4901 0.4510 0.7459
vn -0.2482 0.8861 0.3915
vn -0.3468 0.9294 0.1264
vn 0.5661 0.4795 -0.6705
vn -0.5026 0.8644 -0.0097
vn -0.7188 0.6408 -0.2696
vn 0.6268 0.4931 -0.6034
vn 0.9002 0.3911 -0.1915
vn 0.3036 0.7476 -0.5907
vn 0.2361 0.7798 -0.5798
vn 0.1976 0.7622 -0.6164
vn -0.0475 0.9435 -0.3280
vn 0.2106 0.8391 -0.5015
vn -0.0394 0.8512 -0.5233
vn 0.1256 0.7484 -0.6512
vn 0.0192 0.6626 -0.7487
vn -0.2034 0.9104 -0.3603
vn -0.9129 0.3481 0.2130
vn -0.7441 0.5939 0.3060
vn 0.0043 0.9788 -0.2047
vn -0.6843 0.6010 -0.4130
vn 0.2221 0.5901 0.7762
vn -0.4145 0.8550 -0.3117
vn 0.7629 0.4382 0.4754
vn 0.7609 0.4378 0.4790
vn 0.7633 0.4383 0.4747
vn 0.8983 0.3502 0.2654
vn -0.4059 0.5205 0.7512
vn 0.4399 0.7921 0.4232
vn -0.6509 0.6193 -0.4391
vn 0.6042 0.4805 -0.6357
vn -0.4258 0.8735 -0.2362
vn -0.7445 0.6372 0.1991
vn -0.7450 0.6339 0.2077
vn -0.7445 0.6376 0.1981
vn -0.6628 0.6688 -0.3366
vn -0.6845 0.3630 0.6322
vn -0.3832 0.6328 0.6728
vn -0.4993 0.8622 0.0857
vn 0.7139 0.5366 0.4499
vn -0.4011 0.7868 0.4692
vn 0.1836 0.5100 0.8404
vn 0.5423 0.3855 0.7465
vn -0.5279 0.6768 -0.5131
vn 0.7130 0.3440 0.6110
vn 0.5601 0.5123 0.6510
vn -0.0499 0.8481 -0.5274
vn -0.6242 0.7613 -0.1756
vn -0.6504 0.4483 0.6132
vn -0.7483 0.3824 -0.5421
vn -0.3207 0.7231 0.6118
vn -0.6493 0.5083 -0.5657
vn -0.4284 0.7335 0.5276
vn 0.3866 0.5393 0.7482
vn 0.2524 0.4913 -0.8336
vn 0.3002 0.4817 -0.8233
vn 0.6971 0.4636 0.5469
vn -0.7538 0.3308 0.5678
vn -0.7732 0.5271 0.3525
vn -0.6408 0.4030 0.6534
vn -0.5254 0.5896 0.6134
vn -0.5632 0.3457 0.7505
vn 0.2596 0.3093 0.9149
vn -0.6861 0.6824 -0.2522
vn -0.5442 0.8318 0.1094
vn 0.8840 0.3067 0.3528
vn 0.6596 0.4107 0.6295
vn -0.6160 0.7633 -0.1948
vn -0.5818 0.7687 -0.2656
vn -0.8164 0.2607 0.5154
vn -0.7119 0.3968 0.5794
vn -0.7084 0.6945 0.1255
vn 0.3942 0.2753 0.8768
vn 0.2988 0.9395 0.1675
vn 0.3689 0.4696 -0.8021
vn -0.0812 0.5591 -0.8251
vn 0.2655 0.4988 -0.8251
vn -0.6044 0.7966 0.0074
vn 0.0332 0.9949 0.0957
vn -0.4789 0.4858 0.7312
vn -0.0753 0.2104 0.9747
vn 0.7223 0.3468 0.5984
vn -0.3546 0.6861 -0.6353
vn 0.7597 0.6285 -0.1668
vn -0.0498 0.9600 0.2754
vn -0.1385 0.7331 0.6659
vn -0.1660 0.9447 0.2830
vn -0.1683 0.9850 0.0379
vn -0.6042 0.7964 -0.0279
vn -0.4255 0.7932 -0.4357
vn -0.7921 0.3936 0.4666
vn -0.6885 0.7252 0.0038
vn -0.8933 0.3236 0.3119
vn 0.5657 0.6534 -0.5031
vn -0.7764 0.6197 0.1147
vn -0.8602 0.2746 0.4298
vn -0.7857 0.5854 0.2000
vn -0.4164 0.6353 0.6504
vn 0.9248 0.3444 0.1615
vn -0.0734 0.7092 0.7012
vn 0.6323 0.6197 0.4650
vn -0.4198 0.8753 -0.2400
vn -0.8575 0.4983 -0.1284
vn -0.7743 0.5248 0.3536
vn -0.7705 0.6200 -0.1483
vn -0.9702 0.2210 0.0997
vn 0.0527 0.9465 0.3185
vn 0.0453 0.9488 0.3125
vn 0.0459 0.9486 0.3131
vn 0.1932 0.4231 0.8853
vn -0.1151 0.3531 0.9285
vn 0.0877 0.5260 0.8459
vn -0.5798 0.8147 -0.0001
vn -0.8024 0.5340 0.2667
vn -0.3535 0.8322 -0.4273
vn -0.9084 0.4159 -0.0421
vn -0.8435 0.5237 0.1196
vn -0.9238 0.3241 0.2038
vn 0.2298 0.8530 0.4685
vn -0.3229 0.9227 0.2105
vn 0.8207 0.4875 0.2981
vn -0.4127 0.4718 0.7791
vn -0.7598 0.5148 0.3971
vn -0.7344 0.3522 0.5803
vn -0.3383 0.9126 0.2298
vn 0.8678 0.2925 0.4017
vn 0.8675 0.2930 0.4019
vn 0.8676 0.2929 0.4019
vn -0.1881 0.7593 -0.6229
vn 0.8016 0.3834 -0.4587
vn -0.5793 0.8149 0.0190
vn -0.7145 0.6996 -0.0065
vn -0.7531 0.6514 0.0918
vn -0.9135 0.3222 0.2486
vn -0.6567 0.4515 -0.6041
vn -0.8930 0.4358 -0.1129
vn -0.8018 0.2909 0.5220
vn 0.8633 0.2627 0.4308
vn -0.4382 0.8905 0.1223
vn -0.5448 0.5748 0.6105
vn -0.5307 0.7978 0.2863
vn -0.6154 0.5084 0.6024
vn 0.9027 0.3116 0.2966
vn -0.7434 0.6573 -0.1236
vn -0.8096 0.3499 -0.4713
vn -0.7692 0.5556 -0.3156
vn -0.9023 0.3288 0.2789
vn 0.7317 0.5301 0.4285
vn 0.8529 0.2959 -0.4302
vn -0.6768 0.5458 0.4940
vn -0.6404 0.5874 0.4949
vn -0.8868 0.3538 -0.2974
vn -0.6186 0.3735 -0.6913
vn 0.1106 0.9434 0.3126
vn 0.8912 0.3497 -0.2888
vn -0.6009 0.7538 -0.2659
vn -0.9160 0.3899 0.0948
vn -0.8701 0.4244 -0.2509
vn -0.7461 0.6638 -0.0520
vn 0.2945 0.6919 -0.6592
vn -0.8240 0.4047 -0.3966
vn -0.3924 0.5092 -0.7660
vn 0.8718 0.2842 -0.3990
vn -0.7564 0.3808 -0.5318
vn -0.4809 0.7477 -0.4580
vn -0.8969 0.4377 0.0629
vn 0.6858 0.7261 -0.0504
vn -0.6568 0.7465 -0.1062
vn -0.6270 0.5903 -0.5084
vn -0.8486 0.4549 0.2701
vn -0.8483 0.4509 0.2778
vn -0.8484 0.4521 0.2754
vn 0.8645 0.4230 -0.2715
vn -0.6876 0.4504 -0.5695
vn -0.4865 0.2919 -0.8235
vn -0.6556 0.7331 -0.1810
vn 0.5149 0.7603 0.3959
vn -0.6635 0.5044 -0.5526
vn 0.4597 0.6557 -0.5989
vn -0.5617 0.7285 -0.3921
vn -0.8551 0.3602 -0.3729
vn -0.8584 0.3605 -0.3650
vn -0.8557 0.3598 -0.3719
vn -0.4966 0.8582 -0.1299
vn 0.0242 0.6524 0.7575
vn -0.9163 0.3476 -0.1990
vn -0.8529 0.5175 0.0685
vn 0.7289 0.3678 -0.5774
vn -0.7361 0.6155 0.2816
vn -0.8553 0.3596 -0.3732
vn -0.6426 0.4719 -0.6037
vn -0.1943 0.9726 0.1278
vn -0.7881 0.2908 -0.5426
vn 0.1193 0.6527 -0.7482
vn -0.3353 0.5036 -0.7962
vn 0.6815 0.4911 0.5426
vn 0.5344 0.3360 -0.7755
vn -0.5740 0.7213 -0.3875
vn -0.7440 0.5311 -0.4055
vn -0.6136 0.3742 -0.6953
vn 0.3360 0.5366 -0.7741
vn 0.3088 0.9095 -0.2784
vn -0.4591 0.5687 -0.6825
vn -0.7062 0.4499 -0.5466
vn -0.7367 0.5549 -0.3864
vn -0.7596 0.5988 -0.2538
vn 0.5707 0.3512 -0.7423
vn -0.4944 0.8385 -0.2293
vn -0.7905 0.2599 -0.5545
vn -0.3439 0.9332 0.1046
vn 0.6137 0.7850 -0.0847
vn -0.4437 0.8728 0.2033
vn 0.1705 0.7679 0.6174
vn -0.3775 0.5947 0.7098
vn 0.3576 0.5849 0.7281
vn 0.4693 0.7072 -0.5288
vn -0.6740 0.4870 0.5555
vn -0.4489 0.3285 0.8310
vn 0.4587 0.7167 0.5253
vn 0.0718 0.7706 0.6333
vn -0.4675 0.8665 -0.1753
vn -0.4633 0.8684 -0.1765
vn -0.4632 0.8686 -0.1762
vn 0.4921 0.5718 0.6564
vn 0.5503 0.7890 0.2733
vn 0.3396 0.7280 -0.5955
vn -0.0000 0.9972 0.0742
vn -0.1893 0.9774 -0.0944
vn -0.7128 0.4654 0.5248
vn -0.3090 0.9449 0.1078
vn -0.7344 0.5359 0.4165
vn 0.5302 0.4424 0.7233
vn 0.7046 0.4489 0.5496
vn 0.6812 0.5957 -0.4256
vn 0.0595 0.9971 0.0475
vn -0.2090 0.9740 -0.0870
vn 0.1335 0.9869 0.0907
vn -0.5511 0.7760 0.3068
vn -0.1902 0.9486 0.2529
vn -0.6932 0.7203 0.0266
vn 0.7792 0.6098 0.1453
vn 0.8181 0.5744 -0.0266
vn 0.6273 0.7070 0.3266
vn 0.0368 0.9841 -0.1736
vn 0.3357 0.8665 0.3694
vn 0.1717 0.9663 0.1920
vn 0.5085 0.8523 0.1223
vn 0.9568 0.2215 0.1882
vn -0.4714 0.8347 0.2846
vn -0.2784 0.9437 0.1788
vn -0.5461 0.8102 -0.2128
vn -0.8345 0.4716 0.2850
vn -0.5725 0.7841 0.2397
vn 0.0426 0.9953 -0.0874
vn 0.7677 0.6373 0.0675
vn 0.8321 0.5204 -0.1918
vn 0.7324 0.6751 0.0884
vn 0.4486 0.8600 -0.2433
vn -0.3684 0.8522 0.3715
vn -0.7036 0.6013 0.3786
vn -0.4959 0.7741 0.3936
vn 0.7542 0.5423 0.3703
vn 0.6645 0.6124 0.4283
vn 0.2169 0.6490 0.7292
vn 0.3042 0.4838 0.8206
vn -0.2229 0.9731 0.0588
vn -0.6328 0.7724 0.0553
vn -0.7529 0.4988 0.4294
vn 0.2067 0.5374 0.8176
vn 0.3066 0.6070 0.7332
vn 0.0080 0.8141 0.5806
vn 0.9444 0.3000 -0.1345
vn -0.6567 0.5273 0.5392
vn 0.6202 0.5028 0.6021
vn 0.2597 0.4620 0.8480
vn -0.4393 0.6661 0.6028
vn 0.3338 0.5117 0.7917
vn -0.5788 0.5316 0.6183
vn -0.5835 0.7982 0.1495
vn -0.8133 0.5749 -0.0898
vn 0.5020 0.4255 0.7530
vn -0.0818 0.8452 0.5282
vn 0.4318 0.5957 0.6773
vn 0.3235 0.9168 0.2342
vn -0.0487 0.8586 0.5104
vn -0.2223 0.5035 0.8349
vn -0.2685 0.9617 -0.0546
vn -0.6923 0.6415 -0.3304
vn 0.2795 0.5933 0.7549
vn 0.2083 0.9724 0.1055
vn 0.5794 0.6443 -0.4992
vn 0.0892 0.8212 -0.5636
vn 0.3703 0.8388 0.3992
vn 0.3698 0.8392 0.3987
vn 0.3654 0.8431 0.3945
vn 0.9591 0.1562 0.2359
vn -0.7247 0.6888 -0.0167
vn -0.2182 0.9759 0.0010
vn -0.6379 0.7691 0.0380
vn 0.4305 0.8100 0.3982
vn 0.6954 0.5305 0.4847
vn 0.6239 0.6142 0.4832
vn 0.3175 0.6197 -0.7177
vn 0.4802 0.2094 -0.8518
vn 0.8562 0.2102 -0.4720
vn -0.7313 0.6807 -0.0429
vn 0.1929 0.4453 -0.8744
vn -0.4295 0.5652 -0.7043
vn -0.0034 0.9853 -0.1709
vn 0.4709 0.6152 -0.6322
vn 0.4702 0.6157 -0.6323
vn 0.4622 0.6184 -0.6355
vn -0.0463 0.8840 -0.4653
vn -0.0468 0.5196 -0.8531
vn 0.1300 0.4670 -0.8747
vn 0.2722 0.5407 -0.7959
vn 0.2571 0.3689 -0.8932
vn 0.2489 0.3703 -0.8949
vn 0.2461 0.3794 -0.8919
vn 0.8227 0.2960 -0.4853
vn -0.1215 0.5075 -0.8530
vn 0.1141 0.5188 -0.8472
vn 0.3652 0.5115 -0.7778
vn -0.0925 0.5302 -0.8428
vn 0.2731 0.4491 -0.8508
vn 0.4145 0.3250 -0.8501
vn -0.5100 0.7459 -0.4284
vn -0.1162 0.9816 -0.1516
vn -0.2898 0.3734 -0.8813
vn -0.1234 0.3892 -0.9128
vn 0.1297 0.3891 -0.9120
vn 0.2323 0.4462 -0.8643
vn 0.0479 0.6425 -0.7648
vn 0.1877 0.6423 -0.7431
vn 0.5620 0.5370 -0.6291
vn 0.4754 0.5609 -0.6778
vn -0.3438 0.4512 -0.8235
vn 0.0767 0.4052 -0.9110
vn 0.3802 0.7196 -0.5811
vn 0.6094 0.6581 0.4422
vn 0.5229 0.7571 0.3917
vn 0.5598 0.6868 0.4636
vn -0.7218 0.6852 -0.0978
vn 0.6733 0.5937 0.4406
vn -0.1111 0.9079 0.4042
vn 0.4675 0.4756 0.7451
vn 0.0747 0.7097 0.7006
vn -0.2571 0.7269 0.6368
vn -0.4937 0.4527 0.7425
vn 0.0573 0.9402 0.3358
vn -0.0606 0.9185 0.3906
vn -0.1282 0.6429 0.7552
vn 0.5637 0.6503 0.5093
vn 0.5816 0.6016 0.5476
vn 0.1553 0.6419 0.7509
vn 0.4709 0.4402 0.7645
vn 0.0244 0.9791 0.2018
vn -0.2659 0.6961 0.6669
vn -0.1888 0.7671 0.6131
vn -0.5007 0.4775 0.7220
vn -0.7179 0.3905 0.5763
vn -0.3345 0.5052 0.7956
vn -0.2382 0.5229 0.8184
vn 0.2394 0.5640 0.7903
vn 0.1491 0.6250 0.7663
vn 0.4641 0.5894 0.6612
vn 0.2330 0.5480 0.8034
vn 0.3932 0.7541 0.5261
vn -0.3709 0.7166 0.5908
vn -0.4137 0.8397 0.3517
vn -0.4761 0.7906 0.3851
vn 0.6745 0.6881 0.2678
vn -0.5729 0.4031 0.7137
vn 0.3040 0.4419 0.8440
vn -0.4231 0.5832 0.6934
vn 0.3105 0.4112 0.8570
vn -0.3539 0.6206 0.6997
vn -0.2731 0.9454 -0.1780
vn -0.2063 0.9783 0.0212
vn -0.2026 0.8356 0.5105
vn -0.2541 0.5202 0.8154
vn 0.0427 0.5097 0.8593
vn 0.1312 0.4973 0.8576
vn 0.4410 0.5768 0.6876
vn 0.4613 0.6957 0.5506
vn 0.3831 0.6698 0.6361
vn -0.3697 0.5868 0.7204
vn 0.6053 0.7047 0.3702
vn -0.4298 0.7042 0.5651
vn 0.3853 0.8574 0.3413
vn -0.1883 0.6057 0.7731
vn 0.1867 0.7466 0.6385
vn -0.1694 0.5496 0.8181
vn -0.4319 0.5424 0.7205
vn -0.5753 0.4417 0.6884
vn -0.4951 0.4926 0.7157
vn 0.0053 0.7527 0.6584
vn -0.3129 0.5728 0.7576
vn -0.1025 0.6624 0.7421
vn 0.2792 0.7886 0.5479
vn 0.4292 0.6484 0.6288
vn 0.6542 0.3783 0.6549
vn 0.0832 0.8638 0.4968
vn -0.1219 0.8038 0.5822
vn -0.0995 0.7705 0.6296
vn 0.2092 0.7999 0.5625
vn -0.2238 0.8755 0.4284
vn -0.4437 0.7397 0.5060
vn 0.6706 0.6759 0.3057
vn 0.8008 0.5791 0.1528
vn 0.6262 0.7797 -0.0051
vn 0.3006 0.6068 0.7358
vn 0.5378 0.4662 0.7024
vn -0.0121 0.5335 0.8457
vn -0.1884 0.9821 0.0015
vn -0.7135 0.5114 0.4790
vn -0.2142 0.9620 0.1692
vn 0.6379 0.4867 0.5968
vn -0.4689 0.7332 0.4925
vn 0.6476 0.5171 0.5597
vn 0.4976 0.8135 0.3011
vn 0.4386 0.8124 0.3843
vn 0.0177 0.8393 0.5433
vn 0.0822 0.8405 0.5355
vn -0.2464 0.8448 0.4750
vn -0.1376 0.9128 0.3846
vn 0.0994 0.8524 0.5134
vn -0.1394 0.7740 0.6176
vn -0.0389 0.7635 0.6447
vn 0.1222 0.8342 0.5377
vn 0.0744 0.6077 0.7907
vn -0.4176 0.5247 0.7418
vn -0.6330 0.5302 0.5641
vn -0.4645 0.5004 0.7307
vn -0.4831 0.7457 0.4589
vn -0.4897 0.6899 0.5332
vn 0.4261 0.7453 0.5127
vn 0.5112 0.6821 -0.5229
vn -0.0751 0.8878 0.4540
vn 0.5825 0.6503 0.4876
vn -0.0248 0.8856 0.4638
vn -0.0602 0.9493 0.3087
vn -0.2613 0.9582 0.1165
vn 0.7601 0.6456 -0.0740
vn 0.6336 0.7678 0.0950
vn 0.7358 0.6268 0.2562
vn -0.3746 0.8636 -0.3373
vn 0.3133 0.6115 0.7266
vn -0.4653 0.8045 0.3692
vn 0.3306 0.9429 0.0417
vn -0.1235 0.9923 0.0033
vn -0.3814 0.9129 0.1453
vn 0.6054 0.7846 -0.1336
vn 0.6745 0.7271 -0.1278
vn 0.6017 0.7971 -0.0506
vn -0.0392 0.9953 -0.0880
vn 0.6881 0.6060 0.3992
vn 0.6293 0.6326 -0.4515
vn -0.3848 0.9078 0.1670
vn -0.4042 0.8958 0.1849
vn -0.1662 0.6238 0.7637
vn -0.4359 0.4368 0.7869
vn -0.0851 0.9066 0.4132
vn -0.2698 0.9629 -0.0057
vn 0.3334 0.9327 -0.1373
vn -0.1458 0.9692 -0.1983
vn -0.5071 0.8225 0.2575
vn -0.0205 0.9992 0.0353
vn 0.0080 0.9991 0.0420
vn 0.7362 0.6704 0.0927
vn 0.2803 0.8461 0.4533
vn -0.3985 0.9039 0.1552
vn -0.5998 0.7976 0.0645
vn 0.1150 0.9684 -0.2213
vn 0.4049 0.8748 -0.2661
vn 0.2032 0.9277 -0.3132
vn -0.0764 0.9586 -0.2743
vn 0.0591 0.9973 0.0435
vn -0.7442 0.5913 -0.3108
vn 0.3179 0.8895 0.3281
vn 0.2465 0.7931 -0.5570
vn 0.6346 0.5277 -0.5646
vn 0.7798 0.5280 -0.3363
vn -0.9002 0.3397 -0.2726
vn 0.2311 0.7118 -0.6633
vn 0.7934 0.6014 0.0941
vn 0.5973 0.7301 0.3319
vn 0.7441 0.3691 -0.5568
vn -0.8297 0.4725 -0.2972
vn 0.1909 0.9585 0.2117
vn -0.1014 0.7009 0.7060
vn -0.1188 0.8518 -0.5102
vn -0.4684 0.7521 -0.4637
vn 0.6235 0.7074 -0.3330
vn -0.1120 0.9847 -0.1332
vn -0.2255 0.7282 -0.6472
vn 0.2175 0.7065 -0.6735
vn -0.2490 0.9552 -0.1598
vn -0.7213 0.6870 -0.0880
vn 0.4608 0.8759 0.1432
vn -0.5070 0.8044 -0.3096
vn 0.7307 0.5294 -0.4309
vn 0.6435 0.6428 0.4155
vn 0.5551 0.5357 -0.6363
vn -0.8004 0.5056 -0.3220
vn -0.3104 0.9475 -0.0765
vn -0.2915 0.6127 -0.7346
vn 0.1496 0.9821 -0.1141
vn -0.1133 0.5108 -0.8522
vn 0.0974 0.4404 -0.8925
vn -0.7136 0.5696 -0.4078
vn -0.4993 0.8240 0.2678
vn -0.4521 0.8618 -0.2301
vn 0.4354 0.8998 -0.0275
vn 0.6034 0.7154 -0.3523
vn 0.4560 0.8889 0.0429
vn -0.1837 0.8471 -0.4986
vn -0.3668 0.5536 -0.7477
vn 0.1473 0.9889 0.0168
vn 0.2084 0.6402 -0.7394
vn 0.4808 0.5456 -0.6864
vn 0.0010 0.5670 -0.8237
vn 0.1897 0.5980 -0.7787
vn -0.7361 0.6541 -0.1744
vn 0.0130 0.9556 0.2943
vn -0.6249 0.7128 -0.3184
vn -0.2416 0.8719 0.4258
vn 0.5742 0.6541 -0.4925
vn 0.6216 0.5325 -0.5744
vn 0.7167 0.6959 -0.0451
vn -0.6482 0.4340 -0.6258
vn -0.0706 0.3849 -0.9202
vn 0.4521 0.5275 -0.7193
vn -0.5872 0.6734 -0.4491
vn -0.0255 0.9742 -0.2243
vn -0.6522 0.6963 -0.2997
vn -0.5988 0.6541 0.4622
vn 0.4189 0.9070 -0.0441
vn 0.6677 0.7435 -0.0367
vn 0.5529 0.6240 -0.5522
vn 0.5915 0.6052 -0.5328
vn -0.7255 0.4884 -0.4849
vn 0.0212 0.9997 0.0153
vn 0.1515 0.9838 -0.0962
vn 0.1591 0.7832 -0.6010
vn -0.2057 0.7323 -0.6492
vn 0.2286 0.4628 -0.8565
vn 0.1343 0.5890 -0.7969
vn -0.4285 0.6898 -0.5835
vn -0.2007 0.4686 -0.8603
vn 0.4834 0.4641 -0.7422
vn 0.2752 0.7158 -0.6418
vn -0.1937 0.7415 -0.6424
vn -0.3526 0.4974 -0.7926
vn 0.1565 0.6319 -0.7591
vn 0.0645 0.8007 -0.5956
vn -0.7775 0.4372 -0.4521
vn -0.7243 0.6703 0.1616
vn -0.4218 0.9065 -0.0170
vn -0.6259 0.6619 -0.4124
vn 0.6411 0.6593 -0.3927
vn 0.6081 0.5924 -0.5285
vn 0.6819 0.5674 -0.4615
vn 0.3472 0.6275 -0.6969
vn 0.5643 0.4456 -0.6950
vn 0.0313 0.5280 -0.8487
vn 0.0934 0.4218 -0.9019
vn 0.0132 0.3392 -0.9406
vn 0.0119 0.3391 -0.9407
vn 0.0032 0.3382 -0.9411
vn 0.0024 0.3380 -0.9411
vn 0.0598 0.3801 -0.9230
vn 0.1247 0.5887 -0.7987
vn -0.6010 0.7092 -0.3685
vn -0.0371 0.4947 -0.8682
vn 0.1975 0.3613 -0.9113
vn 0.0232 0.5838 -0.8116
vn 0.3018 0.6266 -0.7185
vn 0.1390 0.7500 -0.6467
vn 0.1429 0.5986 -0.7882
vn 0.2176 0.6990 -0.6812
vn -0.7274 0.5440 -0.4183
vn -0.6724 0.6912 0.2649
vn -0.6323 0.7706 0.0801
vn 0.0071 0.9775 0.2108
vn 0.4412 0.7860 -0.4332
vn 0.5701 0.6789 -0.4627
vn 0.7957 0.5785 -0.1793
vn 0.8176 0.3159 -0.4815
vn 0.5509 0.7064 -0.4444
vn 0.3460 0.6964 -0.6288
vn 0.4077 0.8591 -0.3095
vn 0.3757 0.7567 -0.5351
vn 0.3781 0.7570 -0.5329
vn 0.3761 0.7566 -0.5349
vn 0.3785 0.7572 -0.5324
vn 0.0341 0.5399 -0.8411
vn -0.0995 0.6900 -0.7169
vn -0.1839 0.6604 -0.7280
vn -0.5514 0.4102 -0.7264
vn 0.1703 0.6621 -0.7298
vn -0.2566 0.4579 -0.8512
vn -0.2429 0.3644 -0.8990
vn -0.3405 0.4160 -0.8432
vn -0.1258 0.4899 -0.8627
vn 0.0864 0.5320 -0.8423
vn 0.4263 0.5491 -0.7188
vn 0.1869 0.6757 -0.7131
vn -0.6138 0.6912 -0.3814
vn -0.7627 0.6329 -0.1327
vn -0.8278 0.4375 -0.3511
vn -0.5115 0.8143 -0.2745
vn 0.4296 0.8940 -0.1272
vn 0.4009 0.8140 -0.4202
vn 0.6057 0.7864 -0.1213
vn 0.4764 0.5820 -0.6590
vn -0.5920 0.5303 -0.6069
vn 0.2383 0.8860 0.3978
vn -0.5492 0.5954 -0.5864
vn -0.3100 0.7228 -0.6176
vn -0.2500 0.3563 -0.9003
vn -0.5111 0.2877 -0.8099
vn -0.2174 0.3944 -0.8928
vn 0.3036 0.4676 -0.8301
vn 0.2395 0.5681 -0.7873
vn -0.0787 0.9566 -0.2806
vn -0.7151 0.6813 0.1562
vn -0.6788 0.7327 -0.0477
vn 0.1835 0.9805 0.0705
vn 0.6580 0.7345 -0.1662
vn 0.7273 0.4255 -0.5385
vn 0.1269 0.8522 -0.5075
vn 0.6192 0.5942 -0.5132
vn -0.7886 0.5493 -0.2765
vn -0.5435 0.8314 0.1161
vn -0.5474 0.6345 -0.5457
vn 0.1145 0.6362 -0.7630
vn 0.3975 0.5773 -0.7133
vn 0.4559 0.6895 -0.5628
vn 0.3213 0.8523 -0.4127
vn -0.1380 0.7380 -0.6605
vn 0.5395 0.5018 -0.6762
vn 0.0688 0.9435 -0.3241
vn 0.0773 0.9450 -0.3179
vn 0.0710 0.9439 -0.3225
vn 0.0793 0.9453 -0.3165
vn -0.1816 0.5181 -0.8358
vn -0.3077 0.4344 -0.8466
vn -0.1226 0.7031 -0.7005
vn 0.1180 0.5598 -0.8202
vn 0.3459 0.4696 -0.8123
vn -0.0924 0.5281 -0.8441
vn 0.2381 0.5636 -0.7910
vn 0.1208 0.6869 -0.7166
vn -0.4652 0.8537 -0.2340
vn -0.5397 0.4018 -0.7398
vn 0.3533 0.9268 -0.1275
vn 0.0252 0.9772 0.2106
vn 0.3201 0.8455 -0.4273
vn 0.6830 0.6281 -0.3728
vn 0.2070 0.6790 -0.7043
vn 0.3224 0.4064 -0.8550
vn 0.6636 0.7209 -0.1999
vn -0.0991 0.7789 -0.6193
vn 0.3793 0.7984 -0.4676
vn -0.1404 0.5415 -0.8289
vn -0.3967 0.5456 -0.7382
vn 0.0936 0.6578 -0.7474
vn 0.0949 0.7814 -0.6168
vn 0.1489 0.6739 -0.7237
vn 0.1457 0.5736 -0.8061
vn -0.4335 0.6089 -0.6643
vn -0.5275 0.4532 -0.7186
vn -0.7910 0.6005 -0.1170
vn -0.5724 0.7784 0.2578
vn 0.4397 0.8951 -0.0736
vn -0.2253 0.9593 -0.1702
vn 0.8943 0.4452 0.0453
vn 0.7441 0.3629 -0.5609
vn 0.8821 0.3622 -0.3013
vn 0.5230 0.6587 -0.5409
vn 0.1133 0.9855 0.1266
vn 0.1909 0.8843 -0.4261
vn 0.2881 0.8832 -0.3701
vn -0.1204 0.8832 -0.4533
vn 0.8139 0.5382 -0.2188
vn 0.5722 0.8116 0.1178
vn 0.3333 0.9428 -0.0015
vn -0.3804 0.7868 -0.4860
vn 0.1311 0.5138 -0.8479
vn -0.2863 0.4069 -0.8675
vn 0.2028 0.5563 -0.8059
vn 0.2610 0.9604 -0.0971
vn -0.8363 0.5079 -0.2065
vn 0.2768 0.8709 -0.4061
vn 0.6669 0.7378 0.1047
vn 0.1387 0.8856 -0.4433
vn 0.6791 0.4624 -0.5701
vn 0.7803 0.4067 -0.4751
vn 0.6862 0.6707 -0.2816
vn -0.7825 0.4999 -0.3712
vn -0.7072 0.6487 -0.2812
vn -0.5376 0.6070 -0.5852
vn 0.3282 0.7227 -0.6083
vn 0.0834 0.7899 -0.6075
vn -0.1909 0.8324 -0.5202
vn -0.8789 0.4532 -0.1487
vn -0.7827 0.6125 0.1105
vn -0.7892 0.6075 -0.0900
vn -0.7704 0.5736 0.2781
vn -0.5110 0.7794 -0.3626
vn -0.5801 0.7288 -0.3638
vn -0.1776 0.9403 0.2902
vn 0.2887 0.6387 0.7132
vn 0.6734 0.6833 0.2822
vn 0.2838 0.9298 -0.2345
vn 0.8354 0.4525 0.3120
vn 0.5664 0.8145 -0.1257
vn 0.8220 0.4012 -0.4040
vn 0.6673 0.6760 0.3127
vn 0.3336 0.7878 -0.5179
vn -0.7316 0.6789 0.0620
vn -0.5231 0.7779 -0.3481
vn 0.1842 0.9823 -0.0348
vn 0.0679 0.8343 -0.5471
vn -0.7711 0.4496 -0.4509
vn -0.8875 0.4522 -0.0884
vn -0.8341 0.5516 -0.0062
vn -0.8268 0.4274 -0.3657
vn -0.2019 0.7533 0.6259
vn 0.3006 0.6712 -0.6776
vn 0.5874 0.8045 -0.0877
vn 0.7501 0.4262 -0.5057
vn 0.8398 0.5177 -0.1632
vn 0.7043 0.6049 -0.3717
vn 0.1136 0.9924 -0.0480
vn 0.5907 0.6743 -0.4432
vn 0.6031 0.7843 -0.1451
vn 0.4800 0.8550 -0.1964
vn -0.6671 0.7241 0.1754
vn 0.5131 0.7357 -0.4420
vn -0.0145 0.9866 0.1625
vn -0.1290 0.7736 -0.6204
vn -0.3537 0.8992 -0.2575
vn -0.7427 0.6630 -0.0943
vn -0.8117 0.5735 -0.1106
vn -0.7946 0.6056 -0.0434
vn 0.1529 0.8670 -0.4743
vn -0.4900 0.7153 0.4982
vn 0.3663 0.8344 0.4119
vn 0.3429 0.8572 0.3841
vn 0.7210 0.4393 0.5359
vn 0.6177 0.7661 -0.1778
vn 0.9322 0.3482 0.0984
vn 0.1895 0.9816 -0.0239
vn 0.6150 0.7846 -0.0791
vn 0.5235 0.6663 -0.5310
vn 0.4605 0.8849 0.0697
vn -0.2567 0.9411 -0.2201
vn 0.4957 0.6033 -0.6247
vn 0.0579 0.9969 0.0533
vn -0.8065 0.5830 -0.0989
vn -0.7864 0.6169 0.0308
vn -0.8510 0.5024 -0.1529
vn -0.1654 0.8344 -0.5257
vn 0.7866 0.4479 0.4251
vn 0.6505 0.7493 -0.1240
vn 0.7516 0.6595 -0.0136
vn -0.5791 0.8150 0.0193
vn -0.1009 0.9291 0.3559
vn 0.1982 0.8278 0.5249
vn 0.3846 0.6221 -0.6819
vn -0.3972 0.8961 0.1982
vn -0.6663 0.6905 -0.2815
vn -0.2029 0.8708 0.4478
vn 0.0714 0.8815 -0.4667
vn 0.2830 0.6735 -0.6829
vn 0.2664 0.7885 -0.5544
vn 0.8024 0.5622 0.2000
vn 0.8190 0.4715 0.3269
vn 0.7800 0.5571 -0.2851
vn 0.4792 0.8769 -0.0387
vn -0.4944 0.8271 0.2673
vn -0.7796 0.6251 -0.0391
vn -0.7531 0.6570 0.0343
vn -0.8704 0.4920 0.0172
vn -0.8942 0.4340 -0.1100
vn -0.6504 0.7075 0.2765
vn -0.9057 0.4214 0.0462
vn 0.2857 0.5242 0.8023
vn -0.0306 0.9680 -0.2491
vn 0.8346 0.3088 -0.4562
vn 0.1737 0.9551 0.2401
vn 0.6767 0.6522 -0.3417
vn 0.8435 0.4476 0.2968
vn -0.7636 0.6447 0.0360
vn -0.1951 0.9801 0.0381
vn 0.5216 0.8516 -0.0520
vn 0.5199 0.8486 -0.0981
vn 0.3175 0.9417 -0.1116
vn -0.7562 0.5651 -0.3297
vn -0.7166 0.4740 -0.5117
vn 0.0872 0.9946 -0.0567
vn -0.5906 0.5660 0.5753
vn 0.3347 0.6984 -0.6326
vn 0.3682 0.5895 -0.7189
vn 0.6461 0.5736 0.5036
vn 0.7644 0.3750 0.5245
vn 0.8474 0.5124 -0.1389
vn 0.5427 0.7673 -0.3418
vn -0.6337 0.7735 0.0109
vn -0.8279 0.5397 0.1528
vn -0.8282 0.5390 0.1538
vn -0.8285 0.5380 0.1552
vn -0.8287 0.5376 0.1557
vn -0.8971 0.4339 0.0832
vn -0.4206 0.8992 -0.1204
vn -0.7070 0.5471 0.4481
vn 0.5276 0.5324 0.6619
vn 0.6134 0.4898 0.6196
vn 0.6089 0.7898 0.0738
vn -0.4321 0.8065 0.4035
vn 0.0001 0.9100 -0.4146
vn 0.5338 0.6432 -0.5490
vn -0.6668 0.7082 0.2321
vn -0.7222 0.5111 0.4661
vn -0.6713 0.6543 0.3482
vn -0.5327 0.7166 0.4503
vn -0.5319 0.4538 -0.7149
vn 0.8362 0.5480 -0.0201
vn 0.1327 0.9611 0.2422
vn 0.2068 0.9679 0.1425
vn 0.2155 0.9736 -0.0753
vn -0.5041 0.8628 -0.0382
vn -0.8229 0.5429 0.1675
vn -0.9076 0.3567 -0.2215
vn -0.8577 0.3805 -0.3457
vn -0.8236 0.5044 0.2594
vn -0.7408 0.5262 -0.4175
vn 0.2466 0.8452 0.4742
vn -0.7225 0.5745 0.3847
vn 0.8585 0.5054 0.0870
vn 0.5518 0.7823 0.2892
vn 0.8438 0.4789 0.2423
vn -0.8520 0.5116 0.1112
vn 0.7798 0.6252 -0.0329
vn 0.3977 0.8970 -0.1929
vn 0.6965 0.6051 -0.3856
vn 0.5682 0.8094 0.1485
vn 0.4999 0.7360 -0.4566
vn 0.3695 0.8102 -0.4551
vn -0.4511 0.4829 0.7506
vn -0.9025 0.4079 -0.1385
vn 0.2333 0.9250 0.3000
vn -0.5590 0.4562 0.6924
vn -0.1715 0.7155 -0.6773
vn 0.4074 0.5599 0.7215
vn 0.7687 0.3665 0.5242
vn 0.5268 0.8414 -0.1208
vn -0.3562 0.9333 0.0455
vn 0.1606 0.9805 0.1129
vn 0.7756 0.6037 -0.1844
vn 0.4803 0.5993 -0.6405
vn 0.4053 0.7198 -0.5636
vn -0.1850 0.9030 -0.3878
vn -0.3295 0.9030 -0.2757
vn -0.8753 0.4813 0.0475
vn -0.0118 0.9752 0.2212
vn -0.6306 0.6578 0.4119
vn -0.3997 0.8986 0.1811
vn -0.1698 0.9362 0.3076
vn 0.7595 0.5866 0.2813
vn -0.6827 0.5332 -0.4996
vn 0.7952 0.5585 -0.2362
vn 0.4249 0.5902 -0.6864
vn 0.1352 0.7801 -0.6109
vn 0.1170 0.9822 -0.1470
vn -0.8031 0.5118 0.3052
vn -0.7491 0.6471 0.1415
vn -0.9037 0.4174 0.0952
vn -0.4420 0.5545 0.7051
vn 0.1066 0.4871 0.8668
vn 0.7606 0.4377 0.4795
vn 0.8212 0.4011 0.4060
vn 0.5263 0.7490 -0.4026
vn 0.5877 0.5073 -0.6303
vn 0.3870 0.6564 -0.6476
vn 0.4581 0.5816 -0.6723
vn 0.0164 0.7241 -0.6895
vn 0.0293 0.9275 -0.3726
vn -0.1834 0.9806 -0.0687
vn 0.3711 0.7165 -0.5906
vn -0.3477 0.8626 -0.3676
vn 0.0403 0.9897 -0.1373
vn -0.6478 0.5003 0.5745
vn -0.4910 0.8079 0.3259
vn -0.3353 0.9419 -0.0209
vn -0.6005 0.6024 -0.5259
vn 0.6710 0.4901 0.5564
vn 0.3654 0.6938 -0.6206
vn -0.2291 0.8941 0.3848
vn 0.7592 0.5817 -0.2920
vn 0.2155 0.8653 0.4525
vn 0.8031 0.3445 0.4861
vn 0.2077 0.7144 -0.6683
vn 0.1384 0.6988 -0.7018
vn 0.1862 0.7917 -0.5818
vn -0.4088 0.6770 -0.6120
vn -0.7396 0.3273 0.5882
vn -0.7444 0.6382 0.1965
vn -0.7614 0.3218 0.5628
vn -0.8779 0.3581 -0.3180
vn -0.6355 0.6595 0.4016
vn 0.7251 0.4938 0.4799
vn 0.5825 0.5540 0.5948
vn -0.3010 0.8069 0.5082
vn 0.6894 0.3345 0.6425
vn 0.4191 0.6797 -0.6020
vn 0.4647 0.6301 -0.6221
vn 0.4176 0.6677 -0.6163
vn 0.2580 0.8363 -0.4838
vn -0.6700 0.7261 -0.1547
vn 0.4104 0.9055 0.1080
vn -0.4041 0.4161 0.8146
vn -0.5699 0.6705 0.4751
vn 0.2722 0.8016 0.5322
vn 0.4905 0.3817 0.7834
vn 0.6120 0.4988 -0.6137
vn 0.4343 0.6319 -0.6419
vn -0.8005 0.5966 0.0582
vn -0.3720 0.9062 -0.2012
vn -0.8088 0.2803 0.5170
vn -0.6099 0.4329 0.6638
vn -0.8709 0.2924 0.3949
vn -0.3375 0.3750 0.8634
vn 0.7029 0.5407 0.4622
vn 0.3280 0.9283 0.1753
vn 0.5345 0.2617 0.8037
vn 0.6673 0.3598 0.6521
vn 0.8971 0.3604 0.2558
vn -0.1062 0.7355 0.6691
vn 0.0307 0.4812 -0.8761
vn -0.5566 0.8285 -0.0623
vn -0.8191 0.5731 -0.0232
vn -0.7649 0.6428 -0.0409
vn -0.6526 0.7527 0.0867
vn -0.5638 0.3267 0.7585
vn -0.2354 0.5384 0.8092
vn -0.2634 0.9525 0.1529
vn 0.7043 0.6871 0.1785
vn -0.1520 0.9654 -0.2117
vn 0.0031 1.0000 0.0021
vn -0.0025 1.0000 -0.0028
vn -0.5931 0.3799 0.7099
vn -0.9016 0.4311 -0.0351
vn -0.5169 0.5736 0.6355
vn 0.7008 0.5336 0.4734
vn 0.7500 0.2872 0.5958
vn 0.5507 0.6990 -0.4562
vn -0.4292 0.7992 0.4208
vn 0.3063 0.9477 0.0895
vn -0.1812 0.8709 0.4568
vn -0.6818 0.3753 0.6280
vn -0.8537 0.2944 0.4296
vn -0.8797 0.4499 0.1541
vn 0.1479 0.8638 0.4817
vn -0.0605 0.9825 -0.1764
vn -0.3240 0.7730 0.5454
vn 0.8922 0.4126 0.1834
vn 0.5441 0.6536 0.5260
vn -0.4604 0.5240 0.7166
vn 0.2352 0.5982 0.7661
vn -0.6237 0.4640 0.6290
vn -0.7801 0.3915 0.4880
vn -0.5343 0.5794 0.6155
vn -0.9225 0.2767 0.2690
vn -0.2586 0.5220 0.8128
vn 0.0545 0.9459 0.3199
vn 0.9104 0.2429 0.3350
vn 0.3005 0.4091 0.8616
vn -0.2632 0.3401 0.9028
vn -0.3099 0.4767 0.8227
vn -0.3399 0.9330 0.1179
vn -0.8080 0.4952 0.3192
vn -0.7822 0.5593 0.2744
vn -0.1939 0.8104 0.5529
vn -0.7141 0.3111 -0.6271
vn 0.7948 0.2907 0.5327
vn 0.7831 0.6078 0.1317
vn -0.7923 0.4014 0.4595
vn -0.9521 0.3048 0.0238
vn 0.2034 0.6649 -0.7187
vn -0.5709 0.4049 0.7143
vn 0.8674 0.2933 0.4021
vn 0.6732 0.6727 -0.3072
vn -0.2248 0.9322 0.2838
vn -0.3684 0.9294 -0.0209
vn -0.9057 0.3602 -0.2236
vn 0.0130 0.6623 -0.7491
vn -0.1546 0.6149 -0.7733
vn 0.4040 0.7515 -0.5215
vn 0.5419 0.8205 -0.1819
vn -0.9265 0.3274 0.1855
vn -0.8455 0.5325 -0.0401
vn -0.9022 0.4092 0.1364
vn 0.8899 0.3304 0.3144
vn 0.5744 0.8153 0.0732
vn -0.4595 0.8414 0.2845
vn -0.2265 0.8252 -0.5174
vn -0.8739 0.4280 -0.2304
vn 0.1565 0.7751 0.6121
vn -0.7778 0.5070 -0.3713
vn 0.7371 0.4393 -0.5135
vn 0.4630 0.8053 -0.3704
vn -0.8639 0.4992 -0.0677
vn -0.9073 0.4019 0.1236
vn -0.5307 0.8115 0.2447
vn -0.8852 0.3992 -0.2389
vn 0.8726 0.3487 -0.3420
vn 0.7141 0.6348 0.2951
vn 0.9335 0.2066 0.2932
vn 0.5173 0.8492 -0.1058
vn -0.6786 0.3658 -0.6369
vn -0.6455 0.2036 0.7361
vn -0.7144 0.3967 -0.5765
vn -0.9488 0.2379 -0.2080
vn 0.2458 0.9598 0.1355
vn -0.8197 0.5392 0.1933
vn -0.6289 0.7738 -0.0752
vn -0.8486 0.4562 0.2679
vn -0.3043 0.1701 -0.9373
vn -0.6132 0.5597 -0.5574
vn -0.8700 0.4334 0.2351
vn -0.7664 0.5279 0.3659
vn 0.8304 0.4737 -0.2933
vn -0.6258 0.2548 -0.7372
vn -0.7747 0.2869 -0.5635
vn -0.2560 0.8245 -0.5046
vn 0.2895 0.9361 0.2000
vn -0.2317 0.5907 -0.7729
vn -0.4657 0.3638 -0.8067
vn 0.8012 0.5062 -0.3191
vn -0.5664 0.7179 -0.4047
vn -0.6779 0.4651 -0.5693
vn -0.8612 0.4352 -0.2626
vn -0.5395 0.8226 -0.1797
vn -0.3792 0.4444 -0.8116
vn -0.8861 0.3161 -0.3391
vn -0.3820 0.4575 -0.8030
vn -0.7779 0.3747 -0.5045
vn 0.5194 0.3428 -0.7828
vn -0.8468 0.5230 -0.0970
vn -0.5896 0.3570 -0.7245
vn 0.4261 0.5170 -0.7424
vn 0.2163 0.9586 -0.1852
vn 0.6432 0.5951 -0.4819
vn -0.7443 0.6302 -0.2211
vn -0.6976 0.6995 -0.1548
vn -0.7171 0.4084 -0.5648
vn -0.4101 0.6868 -0.6001
vn -0.3066 0.8870 -0.3452
vn -0.5991 0.2530 -0.7596
vn -0.2592 0.8535 -0.4520
vn 0.6582 0.2933 -0.6934
vn -0.7370 0.5819 -0.3438
vn -0.4890 0.6574 -0.5733
vn 0.0775 0.8489 -0.5228
vn 0.3850 0.6560 -0.6492
vn 0.5987 0.4565 -0.6582
vn 0.4414 0.5995 -0.6676
vn 0.7969 0.3114 -0.5177
vn -0.4961 0.6997 0.5141
vn 0.2578 0.6485 0.7162
vn -0.3046 0.6858 0.6610
vn -0.0715 0.6394 0.7656
vn 0.4237 0.5482 0.7211
vn 0.3147 0.7549 -0.5754
vn 0.7276 0.5696 -0.3823
vn -0.7137 0.4581 0.5299
vn -0.5271 0.6883 0.4984
vn -0.5631 0.5057 0.6536
vn -0.2635 0.7079 0.6553
vn -0.2237 0.3584 0.9064
vn 0.0067 0.8894 0.4571
vn 0.5981 0.5191 0.6106
vn -0.4629 0.8686 -0.1767
vn 0.6837 0.4347 0.5862
vn 0.5859 0.8051 0.0922
vn 0.4302 0.8741 0.2256
vn 0.7844 0.6200 0.0209
vn 0.7336 0.5485 -0.4012
vn -0.1912 0.8696 0.4552
vn -0.6240 0.6685 0.4047
vn -0.1357 0.9171 0.3747
vn -0.7301 0.5610 0.3902
vn -0.1475 0.5681 0.8096
vn 0.4405 0.6822 0.5836
vn -0.0590 0.4549 0.8886
vn 0.4983 0.6403 0.5846
vn 0.4328 0.6974 0.5713
vn 0.4533 0.4881 0.7458
vn 0.8064 0.5828 -0.1006
vn 0.4637 0.8822 0.0819
vn -0.4607 0.8582 0.2264
vn -0.7726 0.4823 0.4129
vn 0.8886 0.4560 0.0495
vn 0.6670 0.6779 0.3090
vn 0.2659 0.9573 -0.1131
vn -0.2243 0.9567 -0.1857
vn 0.1768 0.9216 0.3454
vn 0.0896 0.9730 0.2128
vn -0.0039 0.9976 0.0686
vn 0.4056 0.4684 0.7849
vn -0.6859 0.6409 0.3446
vn -0.6669 0.7284 -0.1572
vn 0.4695 0.8813 -0.0538
vn 0.1670 0.9825 0.0830
vn 0.3961 0.9181 0.0124
vn 0.4415 0.4731 0.7624
vn -0.5590 0.8254 0.0792
vn 0.7563 0.5322 0.3805
vn 0.6901 0.5659 0.4511
vn 0.7646 0.4530 0.4585
vn 0.3616 0.9323 0.0040
vn 0.5405 0.4942 0.6809
vn 0.5273 0.5395 0.6564
vn 0.7850 0.4079 0.4662
vn -0.4491 0.8935 0.0017
vn -0.7735 0.4924 0.3992
vn -0.6852 0.5577 0.4685
vn 0.2590 0.4906 0.8320
vn -0.3171 0.6590 0.6821
vn 0.1147 0.7878 0.6051
vn -0.0818 0.8327 0.5477
vn 0.4322 0.5554 0.7104
vn 0.3105 0.4787 0.8212
vn -0.4321 0.9017 -0.0175
vn -0.5429 0.5577 0.6278
vn 0.5461 0.6222 0.5610
vn 0.5935 0.3161 0.7401
vn 0.4238 0.3948 0.8151
vn 0.5958 0.2148 0.7739
vn 0.9525 0.1555 0.2617
vn -0.6404 0.4371 0.6315
vn -0.1133 0.9876 -0.1085
vn 0.2948 0.6601 0.6909
vn 0.2869 0.4398 0.8510
vn 0.2804 0.8627 0.4208
vn 0.3358 0.4664 0.8183
vn -0.2895 0.4314 0.8545
vn -0.3375 0.9402 -0.0468
vn -0.5312 0.7666 0.3609
vn -0.5651 0.6029 0.5632
vn -0.1209 0.9850 -0.1229
vn 0.5176 0.7922 0.3234
vn 0.2511 0.9618 0.1088
vn 0.5828 0.7950 0.1682
vn 0.3659 0.8427 0.3949
vn 0.9464 0.2258 -0.2310
vn -0.7170 0.6931 -0.0743
vn -0.6732 0.7393 -0.0155
vn -0.7419 0.5354 -0.4036
vn -0.6048 0.7958 -0.0301
vn -0.2786 0.9537 0.1134
vn 0.4176 0.6567 0.6280
vn 0.1077 0.4665 -0.8779
vn 0.2518 0.4883 -0.8356
vn -0.6683 0.7429 -0.0392
vn 0.6497 0.6898 -0.3195
vn 0.3384 0.7877 -0.5148
vn -0.2025 0.9752 -0.0896
vn 0.4713 0.6154 -0.6318
vn 0.2616 0.8808 -0.3948
vn 0.2443 0.3817 -0.8914
vn -0.4601 0.5615 -0.6877
vn -0.4204 0.7274 -0.5424
vn 0.2745 0.4404 -0.8548
vn 0.4046 0.5253 -0.7486
vn 0.2144 0.5262 -0.8229
vn 0.4815 0.5869 -0.6510
vn 0.2872 0.3824 -0.8782
vn 0.2556 0.3693 -0.8935
vn -0.3687 0.4973 -0.7854
vn -0.2613 0.3689 -0.8920
vn -0.2600 0.3693 -0.8922
vn -0.2621 0.3686 -0.8918
vn 0.0120 0.5082 -0.8612
vn 0.3014 0.4445 -0.8436
vn 0.2614 0.3723 -0.8905
vn 0.4654 0.8827 -0.0643
vn -0.1892 0.3970 -0.8981
vn -0.2595 0.3695 -0.8923
vn -0.2145 0.3691 -0.9043
vn -0.1219 0.3895 -0.9129
vn 0.1211 0.4911 -0.8626
vn 0.3968 0.6799 -0.6166
vn 0.5817 0.4799 -0.6567
vn 0.1858 0.4997 -0.8460
vn 0.4839 0.3649 -0.7955
vn 0.1733 0.7799 -0.6014
vn 0.1069 0.4816 -0.8699
vn 0.1076 0.4817 -0.8697
vn 0.1082 0.4815 -0.8697
vn 0.1187 0.4805 -0.8689
vn 0.6494 0.4745 -0.5943
vn 0.4543 0.6964 -0.5556
vn 0.0487 0.8752 -0.4814
vn -0.0662 0.5698 -0.8191
vn 0.0366 0.8708 -0.4902
vn 0.0030 0.8558 -0.5173
vn 0.4092 0.4696 -0.7823
vn -0.4356 0.6161 -0.6563
vn -0.1887 0.7504 -0.6335
vn 0.2274 0.8569 -0.4627
vn 0.0496 0.8765 -0.4788
vn 0.3481 0.8132 -0.4664
vn 0.2527 0.9147 -0.3153
vn -0.5773 0.6427 0.5036
vn -0.1226 0.8243 0.5527
vn 0.7922 0.6009 -0.1066
vn 0.6966 0.7116 -0.0915
vn -0.1980 0.6832 -0.7029
vn -0.2198 0.7239 -0.6539
vn -0.3088 0.7827 -0.5404
vn 0.0337 0.8523 -0.5220
vn 0.8015 0.5324 -0.2723
vn -0.2415 0.8275 0.5069
vn -0.7616 0.5660 0.3156
vn 0.0238 0.5564 0.8306
vn 0.3340 0.5982 0.7284
vn 0.4261 0.6314 0.6479
vn 0.7528 0.4682 0.4627
vn 0.2097 0.6425 0.7371
vn -0.1346 0.6299 0.7649
vn -0.3590 0.8981 -0.2540
vn -0.2759 0.9466 -0.1667
vn -0.8103 0.5850 -0.0356
vn 0.1507 0.7886 -0.5961
vn -0.2649 0.8171 -0.5120
vn -0.0174 0.5226 0.8524
vn -0.3180 0.9477 0.0269
vn -0.4621 0.8868 -0.0068
vn 0.4338 0.7945 -0.4249
vn -0.5630 0.7742 0.2893
vn 0.5287 0.6257 0.5735
vn -0.2291 0.4047 0.8853
vn -0.4538 0.8161 -0.3579
vn -0.2956 0.8989 0.3235
vn 0.3335 0.9291 0.1596
vn -0.4937 0.6383 0.5906
vn -0.4146 0.6418 0.6451
vn -0.4619 0.6389 0.6152
vn 0.3375 0.9407 -0.0344
vn -0.8015 0.5704 0.1797
vn -0.6702 0.7385 -0.0732
vn -0.2515 0.9600 -0.1228
vn -0.5074 0.8588 0.0716
vn -0.3386 0.8597 -0.3825
vn 0.0616 0.9578 -0.2808
vn -0.1241 0.6734 -0.7288
vn 0.2027 0.8315 -0.5173
vn -0.1877 0.6515 -0.7351
vn 0.2433 0.7658 -0.5953
vn -0.1519 0.7201 -0.6771
vn -0.3158 0.7470 -0.5850
vn 0.6612 0.4747 -0.5809
vn 0.1278 0.9229 -0.3633
vn -0.3153 0.8871 -0.3372
vn -0.3467 0.7550 -0.5566
vn -0.7580 0.5307 -0.3791
vn -0.0236 0.7933 0.6083
vn -0.0522 0.8225 0.5664
vn 0.3703 0.9195 -0.1320
vn -0.2386 0.6851 -0.6882
vn -0.4097 0.6316 -0.6582
vn 0.1861 0.9781 -0.0935
vn 0.4008 0.8370 -0.3726
vn 0.1352 0.9746 -0.1786
vn 0.6813 0.6507 0.3352
vn -0.8993 0.3904 -0.1970
vn -0.0516 0.6275 0.7769
vn -0.1164 0.6387 0.7606
vn 0.8720 0.3654 0.3257
vn -0.5136 0.8376 -0.1860
vn -0.3116 0.9502 0.0074
vn -0.2824 0.6816 0.6750
vn -0.1121 0.6443 0.7565
vn -0.4875 0.5102 0.7085
vn -0.1576 0.9779 0.1372
vn -0.9208 0.2163 -0.3246
vn -0.7672 0.6413 0.0122
vn 0.2947 0.8395 0.4565
vn -0.5515 0.6301 0.5466
vn -0.5566 0.7647 -0.3245
vn -0.0411 0.9439 0.3278
vn -0.5959 0.8026 -0.0275
vn -0.6899 0.7225 0.0452
vn -0.7128 0.7013 -0.0120
vn -0.7055 0.5884 0.3951
vt 0.160334 0.781162
vt 0.158546 0.770873
vt 0.167137 0.773665
vt 0.165522 0.724848
vt 0.155053 0.706958
vt 0.161503 0.709026
vt 0.147223 0.699217
vt 0.159308 0.700626
vt 0.150001 0.692327
vt 0.164424 0.697071
vt 0.156942 0.679691
vt 0.145727 0.671775
vt 0.147140 0.665539
vt 0.145931 0.660161
vt 0.159339 0.652417
vt 0.139961 0.648140
vt 0.152854 0.647100
vt 0.141656 0.654706
vt 0.135810 0.632687
vt 0.144378 0.631251
vt 0.132897 0.626965
vt 0.146087 0.621300
vt 0.131532 0.620823
vt 0.137831 0.610227
vt 0.129264 0.615306
vt 0.126513 0.603491
vt 0.141002 0.598253
vt 0.127042 0.596638
vt 0.134567 0.590088
vt 0.122695 0.591362
vt 0.120729 0.585950
vt 0.141035 0.578040
vt 0.121023 0.579206
vt 0.119091 0.573582
vt 0.116762 0.561238
vt 0.131163 0.564344
vt 0.137169 0.570866
vt 0.115401 0.548239
vt 0.129328 0.529943
vt 0.117837 0.553825
vt 0.113938 0.541148
vt 0.110486 0.529936
vt 0.130704 0.516350
vt 0.107637 0.524300
vt 0.109954 0.516059
vt 0.126359 0.509786
vt 0.104379 0.503912
vt 0.115974 0.496076
vt 0.104433 0.510616
vt 0.098539 0.498176
vt 0.113944 0.480336
vt 0.090484 0.472387
vt 0.086402 0.465077
vt 0.110531 0.453342
vt 0.084884 0.458378
vt 0.097584 0.448061
vt 0.078894 0.451727
vt 0.057546 0.387412
vt 0.052326 0.371983
vt 0.075431 0.388387
vt 0.045541 0.334757
vt 0.045434 0.318696
vt 0.048197 0.343820
vt 0.037833 0.277953
vt 0.069160 0.269957
vt 0.043419 0.309239
vt 0.032444 0.261240
vt 0.050067 0.246405
vt 0.025130 0.247263
vt 0.016705 0.234256
vt 0.000096 0.215025
vt 0.018337 0.206967
vt 0.169248 0.756927
vt 0.164362 0.751222
vt 0.177090 0.757055
vt 0.185639 0.722595
vt 0.176745 0.706368
vt 0.162955 0.663250
vt 0.163313 0.671714
vt 0.154521 0.634529
vt 0.144770 0.542295
vt 0.143422 0.550087
vt 0.135664 0.539149
vt 0.132663 0.466287
vt 0.074993 0.442518
vt 0.072042 0.427162
vt 0.105561 0.422941
vt 0.066344 0.418238
vt 0.084630 0.403307
vt 0.064704 0.408641
vt 0.087208 0.389210
vt 0.077489 0.366242
vt 0.048111 0.353559
vt 0.077953 0.350376
vt 0.075801 0.318144
vt 0.078959 0.302128
vt 0.053837 0.229486
vt 0.162913 0.739930
vt 0.185747 0.736092
vt 0.185807 0.751477
vt 0.165486 0.690198
vt 0.168221 0.684186
vt 0.175676 0.672326
vt 0.169428 0.653199
vt 0.169262 0.639098
vt 0.157673 0.621834
vt 0.155663 0.600032
vt 0.151121 0.603887
vt 0.144941 0.585355
vt 0.153637 0.568603
vt 0.148761 0.555775
vt 0.155894 0.535233
vt 0.149288 0.521445
vt 0.144430 0.496367
vt 0.139595 0.487024
vt 0.119991 0.447438
vt 0.100133 0.415233
vt 0.091397 0.365943
vt 0.084329 0.332407
vt 0.034569 0.209152
vt 0.028099 0.201707
vt 0.178979 0.784923
vt 0.176173 0.771196
vt 0.191602 0.771908
vt 0.193245 0.757820
vt 0.181930 0.697765
vt 0.181110 0.676487
vt 0.175897 0.659795
vt 0.169446 0.666960
vt 0.174036 0.646087
vt 0.166698 0.623814
vt 0.159855 0.607496
vt 0.159059 0.560163
vt 0.161859 0.550019
vt 0.109463 0.431932
vt 0.124252 0.432426
vt 0.100366 0.391991
vt 0.105931 0.404876
vt 0.069859 0.242323
vt 0.092110 0.246121
vt 0.186524 0.668881
vt 0.182324 0.655369
vt 0.185108 0.644311
vt 0.186967 0.635462
vt 0.089798 0.285395
vt 0.093172 0.300789
vt 0.084998 0.259657
vt 0.074791 0.220644
vt 0.041137 0.223988
vt 0.063197 0.210557
vt 0.043698 0.195581
vt 0.206336 0.743676
vt 0.189639 0.660800
vt 0.080323 0.231423
vt 0.056068 0.189930
vt 0.213487 0.761900
vt 0.198359 0.660622
vt 0.194588 0.645858
vt 0.094224 0.269212
vt 0.111235 0.267918
vt 0.076547 0.201245
vt 0.230178 0.756644
vt 0.212536 0.730059
vt 0.198321 0.675437
vt 0.209242 0.663823
vt 0.124087 0.286227
vt 0.121057 0.305527
vt 0.103290 0.252862
vt 0.103089 0.236783
vt 0.088507 0.218919
vt 0.209420 0.774191
vt 0.226682 0.766536
vt 0.207383 0.634374
vt 0.212755 0.648201
vt 0.090245 0.185621
vt 0.090294 0.207964
vt 0.225066 0.729840
vt 0.241256 0.744173
vt 0.234471 0.728505
vt 0.213496 0.674880
vt 0.224280 0.659693
vt 0.098444 0.222659
vt 0.108385 0.218595
vt 0.072634 0.180156
vt 0.079820 0.173353
vt 0.241493 0.761794
vt 0.231398 0.644652
vt 0.225286 0.628908
vt 0.247573 0.774760
vt 0.245200 0.785429
vt 0.226566 0.669654
vt 0.239296 0.665525
vt 0.242469 0.644907
vt 0.240115 0.653760
vt 0.245356 0.634594
vt 0.260737 0.762764
vt 0.254320 0.744694
vt 0.253833 0.647939
vt 0.250935 0.662167
vt 0.244009 0.619466
vt 0.184034 0.409344
vt 0.197061 0.411308
vt 0.209478 0.419044
vt 0.254586 0.785745
vt 0.263613 0.754861
vt 0.275488 0.766541
vt 0.281490 0.780341
vt 0.264007 0.738678
vt 0.274427 0.647487
vt 0.263273 0.659730
vt 0.261293 0.636132
vt 0.260079 0.622572
vt 0.273074 0.629830
vt 0.288916 0.763202
vt 0.284307 0.749184
vt 0.276140 0.663886
vt 0.266549 0.664847
vt 0.296448 0.764979
vt 0.292543 0.649744
vt 0.288692 0.661755
vt 0.286876 0.633714
vt 0.280844 0.624446
vt 0.287988 0.618955
vt 0.303796 0.779412
vt 0.292080 0.788977
vt 0.310036 0.767312
vt 0.299853 0.748544
vt 0.301583 0.641461
vt 0.298719 0.626125
vt 0.312106 0.757271
vt 0.304343 0.654651
vt 0.299133 0.660524
vt 0.316946 0.787915
vt 0.316386 0.743865
vt 0.310343 0.618262
vt 0.310232 0.634142
vt 0.317078 0.767901
vt 0.326827 0.757006
vt 0.317358 0.651489
vt 0.323771 0.634032
vt 0.323220 0.619731
vt 0.285978 0.380198
vt 0.286856 0.365937
vt 0.294083 0.375229
vt 0.316088 0.608412
vt 0.328291 0.610745
vt 0.324811 0.585787
vt 0.330280 0.585061
vt 0.324296 0.597241
vt 0.324908 0.533211
vt 0.310847 0.519398
vt 0.321817 0.519112
vt 0.298773 0.507671
vt 0.322073 0.500289
vt 0.299267 0.366562
vt 0.291406 0.354542
vt 0.330341 0.769632
vt 0.337834 0.777309
vt 0.332476 0.782958
vt 0.325075 0.766682
vt 0.331762 0.757507
vt 0.332597 0.648047
vt 0.332723 0.662167
vt 0.334776 0.639845
vt 0.338136 0.627501
vt 0.337218 0.579111
vt 0.348986 0.590520
vt 0.332166 0.566685
vt 0.339871 0.569261
vt 0.319970 0.559389
vt 0.337827 0.557918
vt 0.323610 0.542096
vt 0.337506 0.538590
vt 0.340036 0.545779
vt 0.334734 0.515256
vt 0.330430 0.504923
vt 0.313416 0.485634
vt 0.328359 0.482598
vt 0.328956 0.494326
vt 0.311074 0.469086
vt 0.323887 0.472114
vt 0.324976 0.459320
vt 0.297732 0.464289
vt 0.303344 0.449695
vt 0.320325 0.438095
vt 0.299290 0.437730
vt 0.299118 0.428297
vt 0.315824 0.423264
vt 0.292102 0.419630
vt 0.294093 0.394114
vt 0.308067 0.386597
vt 0.314179 0.413364
vt 0.300328 0.351160
vt 0.277905 0.330771
vt 0.295937 0.331802
vt 0.217201 0.193510
vt 0.225349 0.186159
vt 0.233472 0.187191
vt 0.340489 0.765857
vt 0.338270 0.737203
vt 0.336717 0.644406
vt 0.342508 0.609182
vt 0.351248 0.589866
vt 0.349762 0.589933
vt 0.355051 0.584077
vt 0.349350 0.560852
vt 0.356371 0.551432
vt 0.348846 0.526280
vt 0.345621 0.518471
vt 0.335724 0.448017
vt 0.303324 0.413281
vt 0.312084 0.362036
vt 0.342803 0.774414
vt 0.348761 0.782884
vt 0.342943 0.645602
vt 0.340590 0.659324
vt 0.354241 0.574065
vt 0.355930 0.537762
vt 0.345708 0.500259
vt 0.342312 0.462427
vt 0.339815 0.756194
vt 0.353360 0.746908
vt 0.346081 0.761645
vt 0.352171 0.659412
vt 0.354824 0.622844
vt 0.354238 0.637695
vt 0.359104 0.609168
vt 0.360201 0.595228
vt 0.367490 0.567350
vt 0.364975 0.519486
vt 0.365808 0.494033
vt 0.345905 0.479610
vt 0.355776 0.486391
vt 0.347134 0.446495
vt 0.346372 0.434901
vt 0.329696 0.418504
vt 0.340160 0.406756
vt 0.324037 0.391489
vt 0.314716 0.379936
vt 0.338275 0.380717
vt 0.325150 0.357974
vt 0.341276 0.822027
vt 0.348273 0.832380
vt 0.344355 0.844977
vt 0.353626 0.734647
vt 0.358057 0.655352
vt 0.360120 0.663201
vt 0.367173 0.583005
vt 0.362810 0.574854
vt 0.366238 0.470990
vt 0.354501 0.457007
vt 0.353353 0.421012
vt 0.319140 0.335156
vt 0.314494 0.321122
vt 0.328256 0.321733
vt 0.342643 0.868637
vt 0.336749 0.853709
vt 0.349622 0.861973
vt 0.352862 0.823715
vt 0.345214 0.809486
vt 0.351411 0.771223
vt 0.361038 0.766949
vt 0.356161 0.761819
vt 0.365526 0.649313
vt 0.354545 0.649339
vt 0.368598 0.632193
vt 0.366208 0.620864
vt 0.374089 0.616225
vt 0.373313 0.603354
vt 0.372622 0.593869
vt 0.382042 0.519663
vt 0.385645 0.537241
vt 0.356165 0.437985
vt 0.357339 0.401947
vt 0.326230 0.340643
vt 0.338661 0.328349
vt 0.344621 0.348895
vt 0.353385 0.845465
vt 0.363170 0.834306
vt 0.361694 0.780213
vt 0.354045 0.798352
vt 0.364251 0.762517
vt 0.368249 0.754960
vt 0.376791 0.653115
vt 0.370358 0.661635
vt 0.380081 0.642632
vt 0.373729 0.624262
vt 0.377108 0.580543
vt 0.387112 0.594843
vt 0.369097 0.545330
vt 0.383672 0.558556
vt 0.376935 0.512284
vt 0.385378 0.506054
vt 0.375839 0.503240
vt 0.369013 0.444909
vt 0.366268 0.423598
vt 0.355587 0.386956
vt 0.352831 0.365993
vt 0.357364 0.377160
vt 0.358635 0.855582
vt 0.365706 0.846848
vt 0.351899 0.804326
vt 0.366867 0.795047
vt 0.375073 0.778195
vt 0.368977 0.767538
vt 0.385723 0.627989
vt 0.385618 0.612634
vt 0.386218 0.576803
vt 0.395701 0.553196
vt 0.397736 0.522750
vt 0.386358 0.483116
vt 0.383845 0.428193
vt 0.386767 0.451555
vt 0.377503 0.407402
vt 0.370063 0.387195
vt 0.356722 0.350888
vt 0.336810 0.315750
vt 0.371510 0.837924
vt 0.381683 0.804110
vt 0.375349 0.766907
vt 0.379666 0.760500
vt 0.392786 0.653134
vt 0.385098 0.664127
vt 0.397689 0.570636
vt 0.403869 0.588766
vt 0.393326 0.494561
vt 0.371018 0.363550
vt 0.359888 0.345292
vt 0.348497 0.317402
vt 0.365333 0.872569
vt 0.371144 0.865559
vt 0.392086 0.636921
vt 0.403509 0.630927
vt 0.401132 0.618169
vt 0.405550 0.541932
vt 0.406117 0.534716
vt 0.411674 0.512717
vt 0.401741 0.430706
vt 0.400097 0.407962
vt 0.368082 0.852773
vt 0.381552 0.856943
vt 0.382766 0.875824
vt 0.386261 0.850467
vt 0.382223 0.841215
vt 0.390728 0.834404
vt 0.390852 0.821164
vt 0.386155 0.776988
vt 0.401971 0.640511
vt 0.407160 0.655841
vt 0.411382 0.618126
vt 0.395794 0.601643
vt 0.408314 0.600704
vt 0.406044 0.556921
vt 0.412897 0.554877
vt 0.411508 0.571701
vt 0.415784 0.529657
vt 0.407588 0.491516
vt 0.401124 0.473092
vt 0.394003 0.460097
vt 0.404812 0.442529
vt 0.385577 0.377148
vt 0.387292 0.393566
vt 0.385222 0.365496
vt 0.347862 0.307293
vt 0.363400 0.299346
vt 0.359601 0.318767
vt 0.386368 0.759389
vt 0.394719 0.760058
vt 0.396492 0.751195
vt 0.384023 0.726183
vt 0.387384 0.731961
vt 0.421170 0.644972
vt 0.416801 0.632424
vt 0.426215 0.594492
vt 0.425099 0.607067
vt 0.424677 0.583258
vt 0.422568 0.572380
vt 0.427508 0.560446
vt 0.421997 0.546939
vt 0.416564 0.473666
vt 0.387871 0.354655
vt 0.367903 0.323680
vt 0.394705 0.865976
vt 0.405386 0.809414
vt 0.389050 0.789461
vt 0.398325 0.779899
vt 0.399531 0.801651
vt 0.399846 0.769670
vt 0.392414 0.732232
vt 0.432582 0.572132
vt 0.417692 0.453667
vt 0.416160 0.434162
vt 0.381203 0.326506
vt 0.383642 0.346355
vt 0.379841 0.317234
vt 0.374830 0.311400
vt 0.374691 0.299149
vt 0.392447 0.878388
vt 0.400256 0.852339
vt 0.405249 0.796001
vt 0.403357 0.758709
vt 0.429358 0.448004
vt 0.429020 0.392953
vt 0.416917 0.417510
vt 0.398928 0.364641
vt 0.395838 0.349744
vt 0.375433 0.287242
vt 0.412932 0.821930
vt 0.417631 0.807189
vt 0.411222 0.780009
vt 0.403813 0.729945
vt 0.435309 0.434408
vt 0.437955 0.421086
vt 0.420508 0.369104
vt 0.403638 0.384384
vt 0.414623 0.352063
vt 0.390699 0.311147
vt 0.389636 0.302995
vt 0.392377 0.280295
vt 0.415831 0.840570
vt 0.419805 0.788947
vt 0.395725 0.721367
vt 0.409859 0.718113
vt 0.440158 0.410593
vt 0.416385 0.333584
vt 0.394892 0.333594
vt 0.411852 0.316206
vt 0.401011 0.313927
vt 0.417125 0.863626
vt 0.398931 0.879698
vt 0.412309 0.759788
vt 0.431635 0.762130
vt 0.423091 0.771095
vt 0.417068 0.745413
vt 0.430395 0.744730
vt 0.429157 0.733875
vt 0.410548 0.300843
vt 0.407852 0.288290
vt 0.402286 0.273089
vt 0.420204 0.876081
vt 0.432395 0.848363
vt 0.426679 0.823670
vt 0.436266 0.812900
vt 0.434322 0.794346
vt 0.443519 0.744724
vt 0.435741 0.719675
vt 0.451162 0.431678
vt 0.449088 0.385146
vt 0.444925 0.367141
vt 0.424483 0.342958
vt 0.431474 0.351664
vt 0.425449 0.317183
vt 0.432793 0.859394
vt 0.425395 0.839346
vt 0.433945 0.834098
vt 0.442290 0.777936
vt 0.442217 0.770191
vt 0.454290 0.398733
vt 0.460940 0.419498
vt 0.447213 0.341459
vt 0.436327 0.335579
vt 0.425558 0.304168
vt 0.424703 0.297521
vt 0.418338 0.274796
vt 0.439886 0.862445
vt 0.441229 0.841769
vt 0.448876 0.822637
vt 0.454083 0.804911
vt 0.423679 0.266925
vt 0.433129 0.882922
vt 0.420062 0.885840
vt 0.441184 0.872148
vt 0.464305 0.757758
vt 0.455178 0.748598
vt 0.474615 0.647378
vt 0.484817 0.645074
vt 0.478106 0.658809
vt 0.476173 0.638322
vt 0.465842 0.379058
vt 0.443266 0.316662
vt 0.440385 0.296976
vt 0.433595 0.275269
vt 0.435379 0.267260
vt 0.458198 0.856060
vt 0.465317 0.844855
vt 0.459566 0.834880
vt 0.460330 0.817926
vt 0.464899 0.807882
vt 0.449300 0.787894
vt 0.466455 0.795005
vt 0.468657 0.781079
vt 0.474283 0.689763
vt 0.496874 0.699488
vt 0.488919 0.715006
vt 0.495962 0.689436
vt 0.477361 0.675824
vt 0.479533 0.401958
vt 0.458295 0.330002
vt 0.468933 0.346635
vt 0.442655 0.273844
vt 0.453229 0.871900
vt 0.453074 0.886092
vt 0.476834 0.757690
vt 0.488286 0.629410
vt 0.463313 0.322950
vt 0.460852 0.310226
vt 0.454428 0.271314
vt 0.453713 0.297997
vt 0.445080 0.258046
vt 0.472342 0.812490
vt 0.478843 0.819426
vt 0.481642 0.790901
vt 0.484575 0.773499
vt 0.467867 0.744247
vt 0.488945 0.751378
vt 0.485077 0.738520
vt 0.495261 0.744595
vt 0.489091 0.728751
vt 0.501767 0.736251
vt 0.499444 0.718613
vt 0.505595 0.705009
vt 0.507580 0.695581
vt 0.471636 0.308446
vt 0.465517 0.300509
vt 0.470872 0.275424
vt 0.461139 0.889136
vt 0.461765 0.900561
vt 0.466162 0.878339
vt 0.468229 0.864068
vt 0.483642 0.802454
vt 0.493481 0.761822
vt 0.499791 0.413940
vt 0.505558 0.397142
vt 0.494856 0.371008
vt 0.492768 0.341962
vt 0.484120 0.316577
vt 0.471404 0.295329
vt 0.469300 0.893234
vt 0.493057 0.816424
vt 0.498610 0.790578
vt 0.504143 0.775838
vt 0.509558 0.765349
vt 0.517971 0.718521
vt 0.516009 0.725542
vt 0.520757 0.417634
vt 0.512159 0.382737
vt 0.483132 0.302662
vt 0.478108 0.286332
vt 0.420488 0.040176
vt 0.427640 0.036585
vt 0.435244 0.047890
vt 0.476723 0.891218
vt 0.482464 0.877213
vt 0.477094 0.859692
vt 0.489628 0.856843
vt 0.489872 0.288535
vt 0.483081 0.266473
vt 0.471070 0.903404
vt 0.503359 0.821533
vt 0.494583 0.838193
vt 0.515515 0.806320
vt 0.520060 0.779762
vt 0.513086 0.789550
vt 0.510668 0.730405
vt 0.527498 0.749212
vt 0.519053 0.750228
vt 0.530999 0.727203
vt 0.523372 0.396025
vt 0.522402 0.368516
vt 0.507442 0.305427
vt 0.501136 0.289830
vt 0.501775 0.283276
vt 0.496020 0.268890
vt 0.434702 0.026653
vt 0.443351 0.037788
vt 0.492387 0.882376
vt 0.520518 0.765606
vt 0.507748 0.349794
vt 0.519354 0.344162
vt 0.487359 0.256446
vt 0.503665 0.250851
vt 0.483710 0.241025
vt 0.501598 0.895046
vt 0.491652 0.895046
vt 0.507413 0.864243
vt 0.495974 0.847101
vt 0.518828 0.849903
vt 0.513702 0.821940
vt 0.521689 0.791634
vt 0.531700 0.775446
vt 0.529541 0.760029
vt 0.540895 0.735114
vt 0.534279 0.740025
vt 0.540196 0.723399
vt 0.518384 0.290046
vt 0.514961 0.278099
vt 0.513377 0.269770
vt 0.510466 0.254320
vt 0.491674 0.909552
vt 0.510291 0.880501
vt 0.524626 0.840184
vt 0.524970 0.817089
vt 0.534080 0.798556
vt 0.536207 0.789039
vt 0.537742 0.764185
vt 0.541008 0.752098
vt 0.552304 0.727332
vt 0.532528 0.343320
vt 0.533907 0.301898
vt 0.513407 0.236575
vt 0.505211 0.913637
vt 0.515375 0.900368
vt 0.525825 0.886553
vt 0.538613 0.814819
vt 0.546915 0.808568
vt 0.550424 0.768166
vt 0.554675 0.736356
vt 0.551937 0.752530
vt 0.507826 0.324914
vt 0.540296 0.315950
vt 0.527597 0.277306
vt 0.524855 0.262389
vt 0.528504 0.251682
vt 0.534102 0.849649
vt 0.548794 0.789937
vt 0.549182 0.778165
vt 0.558596 0.744723
vt 0.556415 0.339387
vt 0.542462 0.300805
vt 0.534723 0.266348
vt 0.514603 0.908523
vt 0.528005 0.874396
vt 0.559576 0.810512
vt 0.557726 0.763666
vt 0.571697 0.741890
vt 0.559956 0.311004
vt 0.553950 0.296222
vt 0.542439 0.258264
vt 0.533610 0.906935
vt 0.533480 0.922527
vt 0.536385 0.895934
vt 0.535993 0.883750
vt 0.548504 0.841443
vt 0.560271 0.827385
vt 0.565640 0.792567
vt 0.561804 0.779056
vt 0.571192 0.749815
vt 0.570643 0.759937
vt 0.568613 0.728257
vt 0.572712 0.733801
vt 0.580371 0.331882
vt 0.536383 0.280077
vt 0.556235 0.281886
vt 0.559209 0.265058
vt 0.551419 0.238941
vt 0.549353 0.899034
vt 0.547005 0.869688
vt 0.573318 0.775465
vt 0.585220 0.736663
vt 0.571198 0.295161
vt 0.558884 0.248134
vt 0.551408 0.913720
vt 0.569623 0.841354
vt 0.573121 0.832279
vt 0.570890 0.813747
vt 0.571401 0.803565
vt 0.572724 0.791799
vt 0.588726 0.767295
vt 0.582422 0.751595
vt 0.584858 0.741723
vt 0.582826 0.303082
vt 0.574705 0.253903
vt 0.569685 0.241199
vt 0.567727 0.899325
vt 0.577259 0.863534
vt 0.586559 0.830686
vt 0.591812 0.791371
vt 0.594508 0.780666
vt 0.597082 0.339290
vt 0.586056 0.275348
vt 0.573438 0.273257
vt 0.588374 0.253745
vt 0.554402 0.929002
vt 0.565810 0.921754
vt 0.581783 0.840540
vt 0.585825 0.819675
vt 0.583544 0.811948
vt 0.591148 0.800036
vt 0.595146 0.298635
vt 0.596573 0.312835
vt 0.585032 0.286649
vt 0.594547 0.285957
vt 0.534484 0.023289
vt 0.553719 0.023913
vt 0.550300 0.029931
vt 0.576417 0.911746
vt 0.578627 0.894678
vt 0.578579 0.880624
vt 0.594702 0.871468
vt 0.596354 0.820054
vt 0.603179 0.769601
vt 0.605313 0.781061
vt 0.593961 0.260973
vt 0.588497 0.246064
vt 0.576078 0.230523
vt 0.584634 0.194183
vt 0.587337 0.214662
vt 0.551233 0.132375
vt 0.562332 0.121456
vt 0.557528 0.141284
vt 0.540796 0.115837
vt 0.537747 0.101758
vt 0.530232 0.094783
vt 0.561826 0.088585
vt 0.527953 0.083837
vt 0.549636 0.077410
vt 0.530332 0.070312
vt 0.550479 0.065882
vt 0.554381 0.042114
vt 0.587266 0.857641
vt 0.602848 0.835531
vt 0.603340 0.827866
vt 0.607072 0.807052
vt 0.604665 0.795439
vt 0.619607 0.764878
vt 0.606741 0.292567
vt 0.605146 0.277152
vt 0.602339 0.267295
vt 0.591194 0.201236
vt 0.574849 0.168386
vt 0.576446 0.151802
vt 0.582575 0.156711
vt 0.566199 0.106192
vt 0.545135 0.054086
vt 0.559498 0.056528
vt 0.574533 0.036298
vt 0.567950 0.015526
vt 0.577971 0.012020
vt 0.604591 0.897394
vt 0.603980 0.878244
vt 0.624738 0.804733
vt 0.620557 0.794171
vt 0.620464 0.302006
vt 0.603047 0.260211
vt 0.600658 0.249223
vt 0.594139 0.228596
vt 0.589439 0.175958
vt 0.588065 0.148268
vt 0.582542 0.130475
vt 0.573800 0.108969
vt 0.573028 0.089095
vt 0.576831 0.067625
vt 0.586065 0.050796
vt 0.584248 0.015540
vt 0.604047 0.862797
vt 0.623869 0.849335
vt 0.626334 0.822649
vt 0.634492 0.331505
vt 0.622562 0.289722
vt 0.617872 0.279800
vt 0.615409 0.262964
vt 0.609078 0.247642
vt 0.601206 0.231393
vt 0.614355 0.227894
vt 0.605158 0.219615
vt 0.607335 0.178963
vt 0.608062 0.196439
vt 0.608749 0.165494
vt 0.600117 0.143800
vt 0.600335 0.133318
vt 0.600371 0.098290
vt 0.590066 0.076152
vt 0.592144 0.044743
vt 0.595386 0.033940
vt 0.594553 0.011560
vt 0.621523 0.889967
vt 0.619194 0.877155
vt 0.627391 0.786138
vt 0.641778 0.773052
vt 0.642757 0.308096
vt 0.635380 0.293647
vt 0.632686 0.259971
vt 0.614363 0.204323
vt 0.615584 0.225327
vt 0.611999 0.143143
vt 0.589489 0.120332
vt 0.603886 0.117460
vt 0.599786 0.060713
vt 0.602416 0.011052
vt 0.600627 0.926222
vt 0.612499 0.924952
vt 0.606960 0.949006
vt 0.624778 0.898236
vt 0.631107 0.857410
vt 0.635776 0.822640
vt 0.643475 0.802685
vt 0.631946 0.278615
vt 0.624036 0.205263
vt 0.625858 0.224979
vt 0.620229 0.187000
vt 0.615320 0.124913
vt 0.619929 0.110429
vt 0.617914 0.097450
vt 0.602756 0.081093
vt 0.616999 0.083209
vt 0.611352 0.039106
vt 0.614101 0.005910
vt 0.632061 0.919026
vt 0.627319 0.944686
vt 0.632139 0.877011
vt 0.640341 0.856861
vt 0.636982 0.834309
vt 0.642536 0.835631
vt 0.652189 0.824825
vt 0.650366 0.773229
vt 0.670171 0.764068
vt 0.670625 0.784933
vt 0.640765 0.207237
vt 0.638509 0.214458
vt 0.642484 0.193248
vt 0.630233 0.170259
vt 0.636480 0.152384
vt 0.622922 0.143065
vt 0.633791 0.128002
vt 0.632765 0.141722
vt 0.627610 0.038501
vt 0.620751 0.056078
vt 0.621499 0.006413
vt 0.620623 0.032108
vt 0.639762 0.886604
vt 0.663776 0.819674
vt 0.664808 0.792750
vt 0.661362 0.804749
vt 0.640563 0.287240
vt 0.658340 0.292234
vt 0.661289 0.278526
vt 0.648490 0.265807
vt 0.645930 0.235121
vt 0.649421 0.109006
vt 0.627631 0.114603
vt 0.630934 0.092275
vt 0.612576 0.073836
vt 0.635773 0.070769
vt 0.629210 0.055011
vt 0.629215 0.026374
vt 0.630985 0.003095
vt 0.650932 0.893137
vt 0.647697 0.905462
vt 0.655006 0.879374
vt 0.650834 0.862253
vt 0.666172 0.859518
vt 0.664331 0.828617
vt 0.692480 0.772958
vt 0.682383 0.787075
vt 0.663376 0.327627
vt 0.667300 0.308542
vt 0.655123 0.265620
vt 0.658268 0.249650
vt 0.657631 0.225072
vt 0.659618 0.216107
vt 0.659259 0.199996
vt 0.658331 0.177694
vt 0.649454 0.139716
vt 0.646556 0.124159
vt 0.644890 0.084494
vt 0.644921 0.055497
vt 0.639241 0.019639
vt 0.642347 0.036389
vt 0.640079 0.001250
vt 0.641214 0.951758
vt 0.638056 0.960409
vt 0.635825 0.939189
vt 0.651187 0.928285
vt 0.654535 0.910424
vt 0.679420 0.861372
vt 0.675256 0.811377
vt 0.686080 0.803903
vt 0.672616 0.258998
vt 0.672339 0.226493
vt 0.674614 0.234150
vt 0.668126 0.888562
vt 0.677815 0.870823
vt 0.681906 0.822946
vt 0.697936 0.817174
vt 0.706194 0.781585
vt 0.680949 0.328303
vt 0.684850 0.302324
vt 0.676842 0.289942
vt 0.658259 0.951080
vt 0.663153 0.934494
vt 0.666834 0.922902
vt 0.672387 0.899284
vt 0.677938 0.882433
vt 0.693354 0.830641
vt 0.676840 0.923953
vt 0.682754 0.910827
vt 0.679653 0.894725
vt 0.695230 0.862901
vt 0.699540 0.825601
vt 0.711541 0.806565
vt 0.694919 0.798121
vt 0.706268 0.801436
vt 0.723953 0.033116
vt 0.707049 0.014920
vt 0.733540 0.028488
vt 0.745845 0.035465
vt 0.748671 0.248264
vt 0.748780 0.230931
vt 0.764733 0.241588
vt 0.818397 0.236016
vt 0.782388 0.262507
vt 0.757572 0.221336
vt 0.786460 0.226946
vt 0.761443 0.034372
vt 0.782364 0.030885
vt 0.797053 0.048703
vt 0.797712 0.779901
vt 0.803853 0.779467
vt 0.822271 0.247287
vt 0.805130 0.275746
vt 0.819827 0.898520
vt 0.819044 0.871835
vt 0.832390 0.901894
vt 0.814655 0.815376
vt 0.824463 0.808511
vt 0.824711 0.824888
vt 0.800227 0.798732
vt 0.812991 0.782854
vt 0.814476 0.276613
vt 0.791095 0.295429
vt 0.830444 0.228839
vt 0.810256 0.206360
vt 0.834004 0.213301
vt 0.805475 0.176060
vt 0.821751 0.189367
vt 0.796607 0.120510
vt 0.812556 0.128027
vt 0.806520 0.146492
vt 0.802222 0.091324
vt 0.814296 0.087897
vt 0.811362 0.115642
vt 0.793190 0.079447
vt 0.815306 0.074283
vt 0.804478 0.066258
vt 0.816663 0.057536
vt 0.802165 0.026542
vt 0.814972 0.038976
vt 0.817001 0.024480
vt 0.827351 0.977804
vt 0.816498 0.959801
vt 0.832679 0.959133
vt 0.823186 0.944360
vt 0.842049 0.950051
vt 0.824785 0.921586
vt 0.840697 0.889677
vt 0.815874 0.854003
vt 0.829650 0.855511
vt 0.837559 0.824810
vt 0.822090 0.843905
vt 0.812373 0.805344
vt 0.821830 0.780574
vt 0.837535 0.221266
vt 0.824964 0.205882
vt 0.846373 0.183495
vt 0.830697 0.171181
vt 0.813797 0.162124
vt 0.832264 0.150117
vt 0.830832 0.144351
vt 0.827472 0.115664
vt 0.844698 0.974793
vt 0.843039 0.911364
vt 0.853213 0.839277
vt 0.847619 0.853840
vt 0.806333 0.287077
vt 0.841058 0.257243
vt 0.831025 0.240449
vt 0.845371 0.241294
vt 0.845581 0.201849
vt 0.851832 0.187608
vt 0.835738 0.178562
vt 0.847714 0.174031
vt 0.838316 0.159673
vt 0.831698 0.097333
vt 0.822898 0.096283
vt 0.847243 0.085030
vt 0.829004 0.062682
vt 0.831407 0.025661
vt 0.830898 0.048619
vt 0.864784 0.954327
vt 0.855964 0.926764
vt 0.829419 0.778873
vt 0.836030 0.787138
vt 0.828803 0.769218
vt 0.853997 0.229130
vt 0.854271 0.216640
vt 0.855689 0.200641
vt 0.847469 0.150060
vt 0.848398 0.130552
vt 0.828537 0.127247
vt 0.838908 0.130377
vt 0.837258 0.117573
vt 0.840473 0.100751
vt 0.841421 0.067820
vt 0.850047 0.058092
vt 0.844260 0.043645
vt 0.855909 0.890122
vt 0.841022 0.805994
vt 0.857242 0.815332
vt 0.844302 0.773313
vt 0.862228 0.239709
vt 0.852782 0.157047
vt 0.846341 0.114597
vt 0.876106 0.962932
vt 0.865829 0.973113
vt 0.879832 0.930812
vt 0.861303 0.904748
vt 0.866679 0.924603
vt 0.855671 0.786889
vt 0.841381 0.761657
vt 0.863934 0.224814
vt 0.873976 0.212694
vt 0.867025 0.205808
vt 0.868663 0.198956
vt 0.865281 0.184528
vt 0.868031 0.171014
vt 0.865985 0.158946
vt 0.859720 0.142350
vt 0.857010 0.115631
vt 0.852203 0.105579
vt 0.855877 0.093890
vt 0.861647 0.027386
vt 0.874106 0.040622
vt 0.873712 0.909594
vt 0.872991 0.877533
vt 0.865928 0.812617
vt 0.870843 0.828596
vt 0.853575 0.771444
vt 0.854726 0.760109
vt 0.871351 0.222785
vt 0.873852 0.232306
vt 0.877003 0.162641
vt 0.867198 0.112069
vt 0.866910 0.078560
vt 0.890468 0.958364
vt 0.890441 0.938886
vt 0.891439 0.880224
vt 0.890344 0.856419
vt 0.872456 0.780224
vt 0.877628 0.797814
vt 0.864515 0.281539
vt 0.884713 0.246491
vt 0.881391 0.237388
vt 0.882072 0.220161
vt 0.880577 0.205863
vt 0.879230 0.189142
vt 0.872184 0.182121
vt 0.878271 0.174836
vt 0.876027 0.149350
vt 0.873028 0.142947
vt 0.859611 0.131092
vt 0.879045 0.135635
vt 0.869886 0.125905
vt 0.869631 0.097219
vt 0.896861 0.930985
vt 0.891578 0.895772
vt 0.907370 0.819267
vt 0.887291 0.809586
vt 0.888194 0.257337
vt 0.889257 0.235086
vt 0.887670 0.193200
vt 0.884399 0.147717
vt 0.887254 0.121849
vt 0.881535 0.130613
vt 0.880665 0.114734
vt 0.881588 0.093871
vt 0.881104 0.105849
vt 0.885680 0.074777
vt 0.884131 0.085037
vt 0.882114 0.064432
vt 0.884187 0.870170
vt 0.900916 0.865650
vt 0.865691 0.765219
vt 0.895539 0.220731
vt 0.894960 0.183822
vt 0.886820 0.168200
vt 0.897280 0.166332
vt 0.894614 0.150205
vt 0.891055 0.139910
vt 0.893239 0.133638
vt 0.898212 0.027043
vt 0.919598 0.969283
vt 0.918700 0.956858
vt 0.916925 0.921890
vt 0.910478 0.844709
vt 0.902522 0.796086
vt 0.894971 0.770345
vt 0.891365 0.757921
vt 0.899692 0.234197
vt 0.898489 0.244252
vt 0.900074 0.196895
vt 0.902630 0.217978
vt 0.903651 0.181661
vt 0.904420 0.167295
vt 0.900547 0.145777
vt 0.902042 0.139589
vt 0.899302 0.113735
vt 0.892533 0.104080
vt 0.893328 0.092914
vt 0.889152 0.749369
vt 0.909760 0.289665
vt 0.909309 0.250652
vt 0.909204 0.231474
vt 0.910893 0.218498
vt 0.911620 0.195674
vt 0.911558 0.186942
vt 0.914219 0.171530
vt 0.908711 0.160077
vt 0.908156 0.148931
vt 0.919598 0.142379
vt 0.906552 0.131384
vt 0.902725 0.123478
vt 0.900397 0.100625
vt 0.898707 0.087313
vt 0.898989 0.075365
vt 0.898364 0.047131
vt 0.157064 0.755673
vt 0.147315 0.678978
vt 0.128281 0.609266
vt 0.166264 0.732243
vt 0.050803 0.360607
vt 0.149949 0.501553
vt 0.134468 0.480894
vt 0.185292 0.790309
vt 0.195576 0.786991
vt 0.220691 0.798333
vt 0.229234 0.782771
vt 0.228940 0.794510
vt 0.129333 0.280914
vt 0.130163 0.258204
vt 0.116917 0.233629
vt 0.095988 0.194739
vt 0.236195 0.799441
vt 0.241726 0.676000
vt 0.327535 0.573628
vt 0.281309 0.348764
vt 0.310863 0.304235
vt 0.302140 0.295915
vt 0.318971 0.304036
vt 0.363522 0.730720
vt 0.271138 0.039879
vt 0.249052 0.042980
vt 0.252758 0.035748
vt 0.422613 0.655720
vt 0.414847 0.707213
vt 0.339463 0.041457
vt 0.302947 0.032267
vt 0.311514 0.026851
vt 0.437359 0.892355
vt 0.444542 0.895089
vt 0.465776 0.252582
vt 0.511622 0.421742
vt 0.489679 0.231890
vt 0.485955 0.041881
vt 0.499429 0.041207
vt 0.506379 0.048821
vt 0.568834 0.201763
vt 0.574662 0.192912
vt 0.572713 0.936066
vt 0.593036 0.944071
vt 0.641013 0.320140
vt 0.647721 0.155547
vt 0.692386 0.882364
vt 0.714194 0.795870
vt 0.765958 0.199958
vt 0.762744 0.273700
vt 0.775274 0.271285
vt 0.759874 0.146040
vt 0.761020 0.127882
vt 0.814667 0.980677
vt 0.838854 0.027180
vt 0.860512 0.831812
vt 0.854763 0.795295
vt 0.914862 0.887708
vt 0.165622 0.851614
vt 0.183478 0.863094
vt 0.162662 0.861737
vt 0.166672 0.841002
vt 0.189536 0.853461
vt 0.199473 0.836420
vt 0.203266 0.859317
vt 0.193549 0.873001
vt 0.214128 0.829491
vt 0.213448 0.719011
vt 0.210736 0.710280
vt 0.226736 0.707968
vt 0.214632 0.854980
vt 0.231991 0.717614
vt 0.222315 0.835312
vt 0.227610 0.714739
vt 0.232419 0.713104
vt 0.218991 0.698963
vt 0.184697 0.545428
vt 0.196354 0.543267
vt 0.201995 0.555912
vt 0.171863 0.493551
vt 0.187720 0.491175
vt 0.191864 0.494494
vt 0.169113 0.459207
vt 0.166142 0.452588
vt 0.182232 0.455698
vt 0.160550 0.435315
vt 0.229774 0.843236
vt 0.222024 0.861061
vt 0.234263 0.714941
vt 0.232651 0.704298
vt 0.196779 0.537217
vt 0.185382 0.532863
vt 0.199606 0.532081
vt 0.194899 0.527422
vt 0.191008 0.521077
vt 0.196412 0.518534
vt 0.186846 0.515453
vt 0.197437 0.510060
vt 0.182716 0.475704
vt 0.174293 0.470074
vt 0.183879 0.466939
vt 0.175885 0.439537
vt 0.234999 0.859433
vt 0.237965 0.718360
vt 0.238414 0.714227
vt 0.237941 0.711609
vt 0.215309 0.540528
vt 0.207512 0.542352
vt 0.204447 0.524198
vt 0.194123 0.485963
vt 0.188352 0.461999
vt 0.191512 0.467253
vt 0.171303 0.426148
vt 0.183900 0.425054
vt 0.236870 0.878512
vt 0.238973 0.700145
vt 0.212201 0.531965
vt 0.205340 0.518361
vt 0.204782 0.508712
vt 0.189499 0.502396
vt 0.204202 0.500876
vt 0.199727 0.495078
vt 0.192617 0.454123
vt 0.244776 0.709099
vt 0.241967 0.716516
vt 0.244632 0.695207
vt 0.213017 0.514472
vt 0.212022 0.507906
vt 0.207773 0.494332
vt 0.209338 0.488568
vt 0.194111 0.479834
vt 0.195497 0.471317
vt 0.202387 0.465767
vt 0.200780 0.476842
vt 0.201070 0.442157
vt 0.249269 0.851461
vt 0.245259 0.877375
vt 0.245850 0.723528
vt 0.248641 0.713287
vt 0.248679 0.709225
vt 0.248633 0.700677
vt 0.219761 0.528541
vt 0.220410 0.518124
vt 0.215268 0.498482
vt 0.207860 0.469625
vt 0.211093 0.479490
vt 0.215008 0.429519
vt 0.257390 0.864741
vt 0.252026 0.719917
vt 0.233021 0.548641
vt 0.245971 0.528982
vt 0.226715 0.522774
vt 0.224887 0.512100
vt 0.222634 0.490393
vt 0.215635 0.465496
vt 0.208516 0.448438
vt 0.229495 0.457577
vt 0.259889 0.716132
vt 0.230874 0.498560
vt 0.226182 0.483532
vt 0.228551 0.474644
vt 0.226462 0.432076
vt 0.222392 0.437517
vt 0.234463 0.413607
vt 0.271765 0.859909
vt 0.266569 0.874505
vt 0.278338 0.850529
vt 0.265629 0.718666
vt 0.263786 0.710435
vt 0.259810 0.702787
vt 0.262385 0.699893
vt 0.254481 0.522301
vt 0.255756 0.508703
vt 0.252815 0.515694
vt 0.241777 0.459120
vt 0.261268 0.834169
vt 0.278252 0.815466
vt 0.285557 0.730212
vt 0.278882 0.720118
vt 0.272242 0.702480
vt 0.285507 0.702801
vt 0.285352 0.713199
vt 0.376867 0.102296
vt 0.368771 0.082159
vt 0.385518 0.090000
vt 0.387829 0.154214
vt 0.389084 0.129748
vt 0.403186 0.161904
vt 0.387125 0.114485
vt 0.394090 0.113088
vt 0.384483 0.100834
vt 0.401888 0.101961
vt 0.407476 0.134413
vt 0.404578 0.148139
vt 0.403426 0.120355
vt 0.406152 0.115862
vt 0.393016 0.094342
vt 0.409805 0.095741
vt 0.399994 0.079912
vt 0.413747 0.124219
vt 0.413827 0.112107
vt 0.411969 0.105148
vt 0.417516 0.130078
vt 0.412848 0.141258
vt 0.423729 0.109719
vt 0.417018 0.103141
vt 0.406298 0.091035
vt 0.415594 0.086648
vt 0.415848 0.093206
vt 0.408025 0.075207
vt 0.428461 0.132224
vt 0.423789 0.136988
vt 0.427164 0.101653
vt 0.421348 0.082148
vt 0.429025 0.096497
vt 0.429433 0.093796
vt 0.423373 0.086394
vt 0.435383 0.113375
vt 0.435666 0.120725
vt 0.429703 0.109216
vt 0.438458 0.109355
vt 0.433431 0.104788
vt 0.431660 0.084510
vt 0.426538 0.081314
vt 0.438296 0.142027
vt 0.441850 0.124545
vt 0.437311 0.102692
vt 0.432449 0.100141
vt 0.435580 0.100230
vt 0.434507 0.093199
vt 0.424976 0.076204
vt 0.433145 0.063372
vt 0.442855 0.149263
vt 0.449461 0.139457
vt 0.449013 0.122242
vt 0.443882 0.113937
vt 0.440259 0.101478
vt 0.438682 0.094514
vt 0.437891 0.086503
vt 0.449266 0.103202
vt 0.442661 0.091978
vt 0.441750 0.089727
vt 0.461872 0.154954
vt 0.459559 0.133991
vt 0.472497 0.159291
vt 0.450227 0.110577
vt 0.459013 0.120644
vt 0.453513 0.106493
vt 0.443052 0.099991
vt 0.449013 0.097354
vt 0.444377 0.079672
vt 0.437847 0.074607
vt 0.448870 0.066721
vt 0.462346 0.116054
vt 0.466198 0.125010
vt 0.452553 0.101366
vt 0.453124 0.096734
vt 0.451324 0.090255
vt 0.461437 0.080205
vt 0.464635 0.073458
vt 0.483813 0.151551
vt 0.473629 0.116217
vt 0.464688 0.102074
vt 0.457670 0.099616
vt 0.459909 0.092104
vt 0.472689 0.122450
vt 0.472212 0.086929
vt 0.469238 0.031637
vt 0.481459 0.025129
vt 0.471416 0.046779
vt 0.484447 0.135808
vt 0.482084 0.120820
vt 0.482423 0.113792
vt 0.477334 0.101878
vt 0.472578 0.062259
vt 0.475190 0.077167
vt 0.486466 0.052691
vt 0.483703 0.064894
vt 0.498198 0.150638
vt 0.508074 0.143977
vt 0.495416 0.128180
vt 0.490186 0.110340
vt 0.476713 0.094556
vt 0.484179 0.093000
vt 0.478053 0.085466
vt 0.490294 0.078302
vt 0.493252 0.100381
vt 0.491531 0.086367
vt 0.490777 0.072612
vt 0.506503 0.128488
vt 0.504673 0.111276
vt 0.498045 0.093376
vt 0.499368 0.087498
vt 0.501404 0.077216
vt 0.499289 0.071021
vt 0.509657 0.104043
vt 0.509017 0.073238
vt 0.516510 0.062583
vt 0.677547 0.157256
vt 0.691909 0.152773
vt 0.678683 0.165562
vt 0.666478 0.127457
vt 0.682923 0.130556
vt 0.686024 0.142269
vt 0.657574 0.102863
vt 0.660478 0.086244
vt 0.669258 0.084018
vt 0.687740 0.168306
vt 0.693181 0.162164
vt 0.670650 0.146195
vt 0.692362 0.147037
vt 0.691002 0.134255
vt 0.687958 0.086887
vt 0.703669 0.173381
vt 0.701524 0.143452
vt 0.694675 0.123674
vt 0.682381 0.116549
vt 0.673931 0.109393
vt 0.697468 0.101931
vt 0.673452 0.954135
vt 0.691702 0.969916
vt 0.672545 0.972354
vt 0.695212 0.916656
vt 0.692009 0.184964
vt 0.711318 0.184640
vt 0.706694 0.161041
vt 0.705290 0.147679
vt 0.702070 0.124767
vt 0.683313 0.071033
vt 0.699892 0.079238
vt 0.685447 0.952734
vt 0.687343 0.938067
vt 0.708526 0.938152
vt 0.709536 0.134900
vt 0.713525 0.105074
vt 0.705526 0.097451
vt 0.697309 0.982443
vt 0.715061 0.976962
vt 0.740924 0.948965
vt 0.696993 0.906164
vt 0.740928 0.916471
vt 0.719350 0.172662
vt 0.717427 0.190318
vt 0.715168 0.157969
vt 0.711532 0.152930
vt 0.714913 0.145714
vt 0.715946 0.136667
vt 0.714708 0.127273
vt 0.710795 0.112397
vt 0.718782 0.121055
vt 0.713874 0.085274
vt 0.739506 0.982925
vt 0.722033 0.164410
vt 0.721022 0.148334
vt 0.721636 0.130679
vt 0.721331 0.109639
vt 0.743645 0.935118
vt 0.736991 0.173202
vt 0.733820 0.142339
vt 0.727480 0.154606
vt 0.728414 0.138991
vt 0.726558 0.124077
vt 0.736552 0.120096
vt 0.738039 0.998464
vt 0.747775 0.983625
vt 0.738852 0.970984
vt 0.750015 0.950853
vt 0.759298 0.932236
vt 0.738055 0.185127
vt 0.742455 0.160241
vt 0.734843 0.164689
vt 0.736230 0.147161
vt 0.737360 0.130571
vt 0.739369 0.105091
vt 0.733264 0.097008
vt 0.766838 0.981040
vt 0.754240 0.999904
vt 0.755512 0.966938
vt 0.756091 0.956501
vt 0.747350 0.169383
vt 0.757494 0.175849
vt 0.755377 0.160315
vt 0.749048 0.137568
vt 0.776308 0.944932
vt 0.802859 0.919073
vt 0.206461 0.868101
vt 0.216376 0.878234
vt 0.179526 0.505357
vt 0.181306 0.484341
vt 0.209908 0.559228
vt 0.213452 0.549208
vt 0.106311 0.184404
vt 0.238215 0.830133
vt 0.221852 0.561060
vt 0.256105 0.845538
vt 0.236363 0.555411
vt 0.245625 0.542149
vt 0.255471 0.559284
vt 0.235677 0.504768
vt 0.269875 0.550238
vt 0.281284 0.530407
vt 0.292230 0.844646
vt 0.300979 0.868896
vt 0.357448 0.068661
vt 0.375421 0.061850
vt 0.395288 0.075106
vt 0.450582 0.145121
vt 0.452814 0.051162
vt 0.459481 0.061109
vt 0.461424 0.030536
vt 0.488710 0.030013
vt 0.659023 0.113182
vt 0.667697 0.075624
vt 0.692852 0.202937
vt 0.733984 0.082765
vt 0.742631 0.115027
vt 0.758607 0.109876
vt 0.803044 0.966239
vt 0.753516 0.916255
vt 0.165855 0.822981
vt 0.164514 0.809966
vt 0.176409 0.805870
vt 0.165026 0.802781
vt 0.165943 0.835102
vt 0.185155 0.836912
vt 0.187157 0.822401
vt 0.197719 0.807813
vt 0.198351 0.825166
vt 0.203051 0.724141
vt 0.185178 0.691036
vt 0.171959 0.593867
vt 0.165016 0.595592
vt 0.140934 0.454917
vt 0.107066 0.370422
vt 0.202159 0.700048
vt 0.177717 0.621731
vt 0.169528 0.612385
vt 0.175883 0.568042
vt 0.164331 0.537915
vt 0.158786 0.498040
vt 0.167082 0.504759
vt 0.155155 0.473541
vt 0.149762 0.467494
vt 0.123977 0.405471
vt 0.121763 0.389993
vt 0.099778 0.343551
vt 0.096372 0.324536
vt 0.208113 0.805847
vt 0.207213 0.702691
vt 0.205260 0.693761
vt 0.176069 0.612507
vt 0.163732 0.511076
vt 0.181664 0.525342
vt 0.166849 0.484936
vt 0.151306 0.453236
vt 0.148117 0.432318
vt 0.137262 0.417823
vt 0.216396 0.809938
vt 0.200821 0.683940
vt 0.189024 0.616679
vt 0.194363 0.628078
vt 0.185960 0.605901
vt 0.190253 0.598575
vt 0.178133 0.583316
vt 0.187417 0.578727
vt 0.182476 0.511564
vt 0.126867 0.368860
vt 0.130456 0.355508
vt 0.126529 0.335692
vt 0.119253 0.328378
vt 0.191970 0.591369
vt 0.192062 0.564352
vt 0.171319 0.478917
vt 0.177778 0.480137
vt 0.150239 0.411138
vt 0.144802 0.401774
vt 0.139140 0.390422
vt 0.225163 0.691629
vt 0.210255 0.620606
vt 0.205625 0.596807
vt 0.198904 0.609988
vt 0.199689 0.581617
vt 0.201383 0.570589
vt 0.185835 0.556686
vt 0.150737 0.382034
vt 0.153891 0.371285
vt 0.153949 0.355171
vt 0.127622 0.316271
vt 0.130043 0.239981
vt 0.226121 0.682722
vt 0.216235 0.611723
vt 0.208515 0.587754
vt 0.172276 0.415469
vt 0.174734 0.404161
vt 0.165368 0.377295
vt 0.149104 0.323314
vt 0.155581 0.343761
vt 0.238088 0.814219
vt 0.233412 0.678618
vt 0.218359 0.600700
vt 0.218471 0.583501
vt 0.217441 0.572505
vt 0.172238 0.390366
vt 0.172951 0.367132
vt 0.168026 0.355602
vt 0.143403 0.310225
vt 0.142495 0.290671
vt 0.119087 0.212528
vt 0.126687 0.227911
vt 0.225272 0.601604
vt 0.233759 0.617952
vt 0.179490 0.399950
vt 0.172547 0.319905
vt 0.170022 0.337319
vt 0.183997 0.303059
vt 0.164114 0.298160
vt 0.152771 0.289579
vt 0.146978 0.269994
vt 0.138997 0.248280
vt 0.097478 0.158080
vt 0.245414 0.797809
vt 0.251092 0.809322
vt 0.238338 0.691757
vt 0.243076 0.686934
vt 0.251062 0.673284
vt 0.237351 0.608799
vt 0.244443 0.600792
vt 0.227102 0.583609
vt 0.226387 0.573470
vt 0.187665 0.402162
vt 0.185124 0.377994
vt 0.198130 0.363923
vt 0.188316 0.351862
vt 0.183390 0.336392
vt 0.156784 0.263291
vt 0.145612 0.237788
vt 0.139316 0.225502
vt 0.133125 0.206244
vt 0.112369 0.205403
vt 0.127545 0.180092
vt 0.128176 0.188080
vt 0.259882 0.801352
vt 0.250042 0.691347
vt 0.243436 0.591888
vt 0.234861 0.585636
vt 0.233414 0.571192
vt 0.204792 0.395140
vt 0.177796 0.294540
vt 0.170883 0.273120
vt 0.113295 0.158639
vt 0.103155 0.150776
vt 0.262721 0.819847
vt 0.265481 0.692475
vt 0.260931 0.682537
vt 0.257866 0.673099
vt 0.261073 0.600115
vt 0.240365 0.582263
vt 0.241018 0.570913
vt 0.222356 0.379298
vt 0.212475 0.334887
vt 0.201771 0.319128
vt 0.191727 0.284830
vt 0.169589 0.250549
vt 0.152240 0.223983
vt 0.134300 0.218586
vt 0.146782 0.213408
vt 0.149360 0.205241
vt 0.109750 0.146003
vt 0.283865 0.809967
vt 0.258189 0.580775
vt 0.218505 0.398223
vt 0.231753 0.401024
vt 0.235772 0.361494
vt 0.221549 0.347838
vt 0.214673 0.316819
vt 0.194610 0.295493
vt 0.165364 0.234997
vt 0.170345 0.218908
vt 0.153415 0.191569
vt 0.143182 0.179024
vt 0.136234 0.163255
vt 0.265637 0.676034
vt 0.275624 0.616375
vt 0.264808 0.570995
vt 0.239237 0.493958
vt 0.241600 0.483914
vt 0.244353 0.389408
vt 0.244964 0.378675
vt 0.237664 0.337473
vt 0.223189 0.297343
vt 0.202323 0.275970
vt 0.176780 0.235963
vt 0.295661 0.799979
vt 0.271950 0.691505
vt 0.278582 0.678835
vt 0.290292 0.603445
vt 0.288672 0.575224
vt 0.264435 0.525637
vt 0.264883 0.503656
vt 0.260951 0.495426
vt 0.250639 0.471117
vt 0.251226 0.402718
vt 0.242673 0.348107
vt 0.254164 0.359274
vt 0.231491 0.328752
vt 0.230657 0.313052
vt 0.187920 0.224526
vt 0.193105 0.250378
vt 0.170401 0.201478
vt 0.157486 0.174729
vt 0.150314 0.154138
vt 0.294440 0.829181
vt 0.293864 0.816253
vt 0.284579 0.694242
vt 0.293162 0.687891
vt 0.285404 0.671071
vt 0.305529 0.596105
vt 0.295951 0.611346
vt 0.280173 0.557356
vt 0.295087 0.557277
vt 0.297248 0.562181
vt 0.292696 0.545148
vt 0.280788 0.514544
vt 0.282197 0.478597
vt 0.264007 0.459340
vt 0.247297 0.447779
vt 0.268131 0.429742
vt 0.248237 0.424558
vt 0.252270 0.335335
vt 0.250576 0.317675
vt 0.217071 0.247838
vt 0.194297 0.233323
vt 0.181399 0.194871
vt 0.175089 0.184050
vt 0.175686 0.175326
vt 0.115257 0.135758
vt 0.140464 0.112071
vt 0.148159 0.126118
vt 0.308704 0.568613
vt 0.309471 0.545221
vt 0.299351 0.550235
vt 0.293682 0.535171
vt 0.290284 0.521202
vt 0.287047 0.489280
vt 0.270857 0.414062
vt 0.282596 0.406835
vt 0.276970 0.398604
vt 0.265245 0.381056
vt 0.276962 0.361216
vt 0.265648 0.338567
vt 0.241023 0.290553
vt 0.217825 0.289728
vt 0.231474 0.274475
vt 0.206100 0.232322
vt 0.209410 0.216751
vt 0.206735 0.197549
vt 0.190967 0.191688
vt 0.181176 0.160604
vt 0.139735 0.140481
vt 0.162525 0.150926
vt 0.300571 0.857685
vt 0.317827 0.811412
vt 0.305469 0.727052
vt 0.302738 0.715589
vt 0.304349 0.677895
vt 0.307383 0.685785
vt 0.315959 0.591094
vt 0.313653 0.573915
vt 0.315549 0.551310
vt 0.285364 0.455944
vt 0.276953 0.445526
vt 0.289280 0.438934
vt 0.280929 0.425762
vt 0.261472 0.323262
vt 0.261708 0.300297
vt 0.228163 0.230945
vt 0.194843 0.176568
vt 0.160018 0.130453
vt 0.307702 0.828903
vt 0.317209 0.800230
vt 0.308712 0.697458
vt 0.310757 0.669339
vt 0.283529 0.499929
vt 0.226502 0.212952
vt 0.179561 0.145660
vt 0.161427 0.111972
vt 0.174150 0.125694
vt 0.144752 0.101365
vt 0.151169 0.095711
vt 0.317974 0.853705
vt 0.327022 0.790653
vt 0.310484 0.725706
vt 0.320591 0.727998
vt 0.316207 0.710299
vt 0.320998 0.686031
vt 0.327237 0.695907
vt 0.314688 0.676189
vt 0.285682 0.306674
vt 0.273920 0.289964
vt 0.269434 0.311996
vt 0.260540 0.271530
vt 0.190727 0.141427
vt 0.202533 0.158254
vt 0.329217 0.867133
vt 0.322588 0.841087
vt 0.324872 0.821265
vt 0.331500 0.809903
vt 0.322541 0.713807
vt 0.324887 0.706472
vt 0.324904 0.674912
vt 0.322963 0.666815
vt 0.288122 0.323379
vt 0.242708 0.225539
vt 0.253825 0.246449
vt 0.206985 0.180031
vt 0.220654 0.176961
vt 0.216797 0.156958
vt 0.190221 0.116194
vt 0.179922 0.101816
vt 0.332887 0.684889
vt 0.336393 0.673570
vt 0.279371 0.274968
vt 0.258409 0.224140
vt 0.225544 0.162641
vt 0.197787 0.132718
vt 0.164560 0.082016
vt 0.169587 0.069714
vt 0.181869 0.079770
vt 0.328826 0.855395
vt 0.331194 0.838816
vt 0.343925 0.793787
vt 0.330287 0.728472
vt 0.333726 0.717711
vt 0.334589 0.707125
vt 0.336684 0.695796
vt 0.306783 0.318512
vt 0.269466 0.255273
vt 0.272060 0.233181
vt 0.246900 0.212850
vt 0.260622 0.209428
vt 0.240549 0.205522
vt 0.247322 0.188551
vt 0.243997 0.176221
vt 0.212869 0.123624
vt 0.205353 0.101240
vt 0.196261 0.089670
vt 0.342742 0.721259
vt 0.342410 0.707751
vt 0.346679 0.701852
vt 0.349945 0.686451
vt 0.343650 0.692608
vt 0.351214 0.677501
vt 0.347025 0.667161
vt 0.284685 0.245207
vt 0.296157 0.274418
vt 0.277097 0.224622
vt 0.261109 0.169372
vt 0.239518 0.136795
vt 0.240842 0.164810
vt 0.225271 0.145946
vt 0.229777 0.125989
vt 0.186342 0.065136
vt 0.350750 0.722125
vt 0.350524 0.710256
vt 0.361420 0.673276
vt 0.264874 0.182122
vt 0.248996 0.150810
vt 0.216585 0.080072
vt 0.201933 0.077331
vt 0.193488 0.060552
vt 0.358721 0.705916
vt 0.358034 0.686591
vt 0.315128 0.275829
vt 0.299315 0.245273
vt 0.276835 0.192893
vt 0.292690 0.226266
vt 0.261103 0.147501
vt 0.250313 0.127177
vt 0.236164 0.108468
vt 0.200654 0.049220
vt 0.368582 0.718977
vt 0.364448 0.713581
vt 0.368793 0.696447
vt 0.368160 0.675830
vt 0.329681 0.305190
vt 0.297279 0.214797
vt 0.287319 0.181547
vt 0.284392 0.166600
vt 0.270491 0.161168
vt 0.280490 0.153081
vt 0.276815 0.140568
vt 0.257930 0.123965
vt 0.235046 0.077515
vt 0.219717 0.059780
vt 0.374388 0.668202
vt 0.323429 0.248106
vt 0.317479 0.227302
vt 0.304204 0.195511
vt 0.286531 0.141216
vt 0.260885 0.104078
vt 0.245616 0.100221
vt 0.252941 0.086799
vt 0.225046 0.048392
vt 0.374089 0.726148
vt 0.377011 0.710145
vt 0.378910 0.699082
vt 0.376674 0.689077
vt 0.386257 0.680943
vt 0.303421 0.173669
vt 0.309280 0.187636
vt 0.293850 0.150423
vt 0.285219 0.130214
vt 0.239003 0.045511
vt 0.379925 0.719386
vt 0.330375 0.286168
vt 0.344395 0.277568
vt 0.332403 0.268913
vt 0.345948 0.249768
vt 0.321494 0.213691
vt 0.313762 0.177189
vt 0.310921 0.157265
vt 0.313272 0.140961
vt 0.295130 0.123321
vt 0.280509 0.122348
vt 0.280589 0.101956
vt 0.267660 0.073063
vt 0.384207 0.713621
vt 0.387820 0.698710
vt 0.403442 0.669932
vt 0.352064 0.287863
vt 0.328342 0.177976
vt 0.313536 0.117770
vt 0.299789 0.099011
vt 0.388285 0.720081
vt 0.434378 0.494909
vt 0.358572 0.284587
vt 0.354764 0.239443
vt 0.332376 0.205385
vt 0.326185 0.156951
vt 0.311458 0.097083
vt 0.281799 0.077682
vt 0.290359 0.061517
vt 0.391824 0.711133
vt 0.400093 0.689805
vt 0.403490 0.695323
vt 0.423227 0.667851
vt 0.431431 0.629327
vt 0.440310 0.541878
vt 0.432351 0.518494
vt 0.367922 0.277636
vt 0.361825 0.261114
vt 0.353518 0.211881
vt 0.354912 0.184556
vt 0.335252 0.172197
vt 0.343319 0.154325
vt 0.326213 0.145646
vt 0.343286 0.134358
vt 0.325338 0.109107
vt 0.328595 0.125297
vt 0.311718 0.087888
vt 0.280833 0.045049
vt 0.421345 0.685731
vt 0.433039 0.660705
vt 0.436353 0.649363
vt 0.435283 0.597528
vt 0.437534 0.616929
vt 0.443101 0.583022
vt 0.463310 0.568561
vt 0.431241 0.469750
vt 0.369328 0.207982
vt 0.374187 0.236830
vt 0.359430 0.168918
vt 0.366370 0.165874
vt 0.350636 0.148297
vt 0.349431 0.123321
vt 0.336069 0.107659
vt 0.323268 0.088253
vt 0.306719 0.066808
vt 0.304211 0.057879
vt 0.281704 0.032803
vt 0.379381 0.279572
vt 0.367139 0.183078
vt 0.381542 0.145117
vt 0.357521 0.131819
vt 0.363533 0.110339
vt 0.352154 0.103033
vt 0.347095 0.094710
vt 0.346188 0.071699
vt 0.313137 0.054811
vt 0.441453 0.668280
vt 0.446727 0.660668
vt 0.446942 0.448226
vt 0.386135 0.253852
vt 0.370955 0.129443
vt 0.365021 0.120435
vt 0.358760 0.085917
vt 0.450896 0.709391
vt 0.445251 0.695483
vt 0.403653 0.266963
vt 0.389429 0.220452
vt 0.394258 0.248963
vt 0.385524 0.195078
vt 0.393320 0.172041
vt 0.372673 0.122139
vt 0.340335 0.081321
vt 0.341162 0.050400
vt 0.345657 0.030960
vt 0.393252 0.191144
vt 0.399931 0.218476
vt 0.382707 0.127140
vt 0.448107 0.730252
vt 0.455098 0.724281
vt 0.465486 0.646174
vt 0.468454 0.654238
vt 0.473716 0.631325
vt 0.468466 0.442620
vt 0.412117 0.241699
vt 0.370542 0.037882
vt 0.356708 0.029517
vt 0.455150 0.733994
vt 0.462753 0.664553
vt 0.480632 0.430459
vt 0.418347 0.234526
vt 0.418227 0.209326
vt 0.415638 0.197527
vt 0.377793 0.044656
vt 0.466825 0.676897
vt 0.477614 0.622165
vt 0.479148 0.611663
vt 0.484177 0.602129
vt 0.431116 0.242913
vt 0.416471 0.170372
vt 0.412272 0.152347
vt 0.393169 0.057102
vt 0.387052 0.037380
vt 0.427710 0.184340
vt 0.428347 0.218595
vt 0.424207 0.157269
vt 0.418964 0.143315
vt 0.406997 0.068589
vt 0.398936 0.050317
vt 0.460114 0.729537
vt 0.468593 0.721537
vt 0.504461 0.430689
vt 0.447594 0.235573
vt 0.447010 0.223891
vt 0.435807 0.203656
vt 0.427332 0.164473
vt 0.410484 0.051872
vt 0.403269 0.038850
vt 0.436050 0.167127
vt 0.440532 0.188849
vt 0.431496 0.142949
vt 0.420367 0.056453
vt 0.410211 0.029637
vt 0.458193 0.228326
vt 0.445910 0.179967
vt 0.521198 0.435868
vt 0.459664 0.201882
vt 0.460675 0.171486
vt 0.452418 0.186326
vt 0.471062 0.226308
vt 0.464950 0.189494
vt 0.483673 0.223341
vt 0.474481 0.203433
vt 0.441009 0.049403
vt 0.490928 0.208363
vt 0.477432 0.182807
vt 0.474594 0.172866
vt 0.502260 0.228804
vt 0.496472 0.226458
vt 0.503981 0.201860
vt 0.491495 0.172776
vt 0.480068 0.158460
vt 0.561109 0.723372
vt 0.518677 0.207188
vt 0.495798 0.164090
vt 0.509001 0.189169
vt 0.541737 0.223901
vt 0.508175 0.170958
vt 0.534255 0.177710
vt 0.499880 0.029350
vt 0.530756 0.198799
vt 0.516655 0.153127
vt 0.513025 0.025672
vt 0.581453 0.726264
vt 0.543700 0.205213
vt 0.591469 0.731753
vt 0.562209 0.221762
vt 0.544875 0.193934
vt 0.555055 0.189358
vt 0.545924 0.162088
vt 0.536373 0.149957
vt 0.528673 0.116058
vt 0.530731 0.045906
vt 0.545107 0.136980
vt 0.520762 0.026232
vt 0.540821 0.041969
vt 0.548382 0.170640
vt 0.660387 0.163599
vt 0.662355 0.151139
vt 0.682621 0.205160
vt 0.659485 0.051049
vt 0.649764 0.013879
vt 0.649700 0.026160
vt 0.656745 0.000096
vt 0.658660 0.011229
vt 0.708725 0.305299
vt 0.688142 0.253698
vt 0.672179 0.192395
vt 0.677075 0.177671
vt 0.654731 0.063320
vt 0.661898 0.030291
vt 0.698617 0.290604
vt 0.690083 0.272785
vt 0.697329 0.230693
vt 0.671949 0.055250
vt 0.674916 0.040096
vt 0.670676 0.015354
vt 0.675249 0.000393
vt 0.706647 0.875250
vt 0.709486 0.859320
vt 0.716132 0.814082
vt 0.720222 0.787709
vt 0.707939 0.279098
vt 0.696749 0.262737
vt 0.702522 0.250086
vt 0.681933 0.021150
vt 0.728251 0.812109
vt 0.725831 0.798796
vt 0.728385 0.790425
vt 0.717372 0.228610
vt 0.711829 0.247353
vt 0.699989 0.220074
vt 0.690807 0.058231
vt 0.683492 0.003156
vt 0.731088 0.870058
vt 0.735805 0.855295
vt 0.722901 0.851996
vt 0.739016 0.804099
vt 0.720899 0.271996
vt 0.702374 0.888824
vt 0.730329 0.885285
vt 0.736055 0.876110
vt 0.756497 0.819511
vt 0.723768 0.300140
vt 0.724361 0.290553
vt 0.722565 0.068710
vt 0.695043 0.035289
vt 0.741825 0.872347
vt 0.747340 0.869260
vt 0.750210 0.800449
vt 0.756260 0.786046
vt 0.731149 0.242693
vt 0.741091 0.254625
vt 0.733517 0.213510
vt 0.734428 0.233885
vt 0.736589 0.910491
vt 0.726969 0.891957
vt 0.745633 0.901898
vt 0.744544 0.884713
vt 0.751796 0.871572
vt 0.760614 0.801673
vt 0.735852 0.305157
vt 0.741699 0.289569
vt 0.728114 0.050075
vt 0.736256 0.059286
vt 0.763730 0.899208
vt 0.751175 0.891683
vt 0.751690 0.879345
vt 0.768987 0.819261
vt 0.767876 0.802243
vt 0.744269 0.304234
vt 0.749816 0.289339
vt 0.737870 0.067152
vt 0.739757 0.050157
vt 0.759425 0.873456
vt 0.778623 0.823488
vt 0.778473 0.805709
vt 0.776496 0.795722
vt 0.758270 0.288892
vt 0.746537 0.071281
vt 0.746786 0.077589
vt 0.753763 0.056164
vt 0.753652 0.046794
vt 0.789449 0.802368
vt 0.806440 0.842179
vt 0.785859 0.881641
vt 0.808971 0.824035
vt 0.806805 0.887917
vt 0.169553 0.467140
vt 0.285989 0.567620
vt 0.155533 0.084947
vt 0.392974 0.679263
vt 0.441715 0.463158
vt 0.441362 0.679207
vt 0.466137 0.628698
vt 0.457264 0.687587
vt 0.465795 0.707611
vt 0.453980 0.524730
vt 0.450711 0.638867
vt 0.448704 0.599767
vt 0.469677 0.544555
vt 0.456375 0.511640
vt 0.457674 0.476197
vt 0.449354 0.650389
vt 0.462501 0.597094
vt 0.453081 0.654612
vt 0.448620 0.626892
vt 0.445303 0.617515
vt 0.469059 0.618922
vt 0.489592 0.543899
vt 0.463329 0.527950
vt 0.479742 0.530861
vt 0.469550 0.506456
vt 0.469006 0.486505
vt 0.452514 0.680195
vt 0.489764 0.590266
vt 0.477552 0.507005
vt 0.471315 0.469594
vt 0.452895 0.463579
vt 0.455016 0.699262
vt 0.475979 0.496099
vt 0.479140 0.474558
vt 0.480775 0.456421
vt 0.495217 0.491770
vt 0.487759 0.474317
vt 0.497066 0.477922
vt 0.498291 0.461556
vt 0.511895 0.465346
vt 0.514247 0.449945
s 1
f 1/1/1 2/2/1 3/3/1
f 4/4/2 5/5/2 6/6/2
f 5/5/3 7/7/3 8/8/3
f 9/9/4 10/10/4 8/8/4
f 9/9/5 11/11/5 10/10/5
f 12/12/6 13/13/6 11/11/6
f 14/14/7 15/15/7 13/13/7
f 16/16/8 17/17/8 18/18/8
f 19/19/9 20/20/9 16/16/9
f 21/21/10 22/22/10 20/20/10
f 21/21/11 23/23/11 24/24/11
f 23/23/12 25/25/12 24/24/12
f 26/26/13 27/27/13 24/24/13
f 28/28/14 29/29/14 27/27/14
f 28/28/15 30/30/15 29/29/15
f 31/31/16 32/32/16 29/29/16
f 33/33/17 34/34/17 32/32/17
f 35/35/18 36/36/18 37/37/18
f 38/38/19 39/39/20 40/40/21
f 41/41/22 42/42/22 43/43/22
f 42/42/23 44/44/23 43/43/23
f 45/45/24 46/46/24 43/43/24
f 47/47/25 48/48/25 49/49/25
f 47/47/26 50/50/26 48/48/26
f 50/50/27 51/51/27 48/48/27
f 50/50/28 52/52/28 51/51/28
f 52/52/29 53/53/29 54/54/29
f 53/53/30 55/55/30 56/56/30
f 55/55/31 57/57/31 56/56/31
f 58/58/32 59/59/32 60/60/32
f 61/61/33 62/62/33 63/63/33
f 64/64/34 65/65/34 66/66/34
f 67/67/35 68/68/35 64/64/35
f 67/67/36 69/69/36 68/68/36
f 70/70/37 71/71/37 72/72/37
f 3/3/38 2/2/38 73/73/38
f 2/2/39 74/74/39 73/73/39
f 74/74/40 75/75/40 73/73/40
f 76/76/41 6/6/41 77/77/41
f 6/6/42 8/8/42 10/10/42
f 13/13/43 78/78/43 79/79/43
f 17/17/44 16/16/44 80/80/44
f 34/34/45 37/37/45 32/32/45
f 40/40/46 81/81/46 82/82/46
f 40/40/47 39/39/47 83/83/47
f 52/52/48 54/54/48 84/84/48
f 85/85/49 86/86/49 87/87/49
f 86/86/50 88/88/50 89/89/50
f 90/90/51 91/91/52 89/89/53
f 60/60/54 59/59/54 92/92/54
f 93/93/55 94/94/55 92/92/55
f 63/63/56 62/62/56 94/94/56
f 66/66/57 95/95/57 62/62/57
f 66/66/58 65/65/58 96/96/58
f 68/68/59 69/69/59 97/97/59
f 98/98/60 99/99/60 100/100/60
f 4/4/61 76/76/61 99/99/61
f 101/101/62 11/11/62 102/102/62
f 79/79/63 103/103/63 102/102/63
f 15/15/64 104/104/64 78/78/64
f 15/15/65 17/17/65 105/105/65
f 80/80/66 20/20/66 106/106/66
f 27/27/67 107/107/68 108/108/69
f 29/29/70 109/109/70 107/107/70
f 37/37/71 110/110/71 32/32/71
f 36/36/72 111/111/72 110/110/72
f 83/83/73 112/112/73 81/81/73
f 83/83/74 113/113/74 112/112/74
f 39/39/75 43/43/75 113/113/75
f 43/43/76 46/46/76 114/114/76
f 46/46/77 48/48/77 115/115/77
f 84/84/78 54/54/78 116/116/78
f 86/86/79 117/117/79 87/87/79
f 86/86/80 89/89/80 117/117/80
f 60/60/81 118/118/82 91/91/83
f 62/62/84 95/95/84 119/119/84
f 120/120/85 72/72/85 121/121/85
f 122/122/86 123/123/86 124/124/86
f 123/123/87 75/75/87 125/125/87
f 77/77/88 10/10/88 126/126/88
f 101/101/89 102/102/89 127/127/89
f 78/78/90 128/128/90 129/129/90
f 104/104/91 105/105/91 130/130/91
f 17/17/92 80/80/92 131/131/92
f 106/106/93 132/132/93 131/131/93
f 111/111/94 133/133/94 110/110/94
f 82/82/95 81/81/95 134/134/95
f 54/54/96 135/135/96 136/136/96
f 117/117/97 137/137/97 138/138/97
f 60/60/81 92/92/98 118/118/82
f 92/92/99 94/94/99 118/118/99
f 68/68/100 139/139/100 140/140/100
f 103/103/101 141/141/101 127/127/101
f 103/103/102 129/129/102 141/141/102
f 128/128/103 142/142/103 141/141/103
f 128/128/104 104/104/104 142/142/104
f 130/130/105 143/143/105 142/142/105
f 105/105/106 144/144/107 130/130/108
f 96/96/109 145/145/109 146/146/109
f 65/65/110 147/147/110 145/145/110
f 139/139/111 97/97/111 148/148/111
f 97/97/112 149/149/112 150/150/112
f 149/149/113 151/151/113 150/150/113
f 120/120/114 121/121/114 151/151/114
f 100/100/115 152/152/115 125/125/115
f 141/141/116 142/142/116 153/153/116
f 143/143/117 130/130/117 144/144/117
f 139/139/118 148/148/118 154/154/118
f 150/150/119 151/151/119 155/155/119
f 124/124/120 125/125/121 156/156/122
f 141/141/123 153/153/123 157/157/123
f 153/153/124 142/142/124 158/158/124
f 159/159/125 160/160/125 145/145/125
f 159/159/126 147/147/126 160/160/126
f 148/148/127 150/150/127 161/161/127
f 152/152/128 162/162/128 156/156/128
f 152/152/129 163/163/129 162/162/129
f 164/164/130 157/157/130 165/165/130
f 145/145/131 166/166/132 167/167/133
f 147/147/134 168/168/134 160/160/134
f 140/140/135 154/154/135 169/169/135
f 154/154/136 170/170/136 169/169/136
f 154/154/137 148/148/137 170/170/137
f 171/171/138 156/156/138 172/172/138
f 158/158/139 173/173/139 174/174/139
f 168/168/140 140/140/140 169/169/140
f 161/161/141 175/175/141 176/176/141
f 177/177/142 178/178/142 162/162/142
f 177/177/143 179/179/143 178/178/143
f 180/180/144 165/165/144 181/181/144
f 169/169/145 182/182/145 183/183/145
f 184/184/146 185/185/146 175/175/146
f 172/172/147 162/162/148 186/186/149
f 181/181/150 174/174/150 187/187/150
f 174/174/151 173/173/151 188/188/151
f 172/172/152 189/189/152 190/190/152
f 191/191/153 181/181/153 192/192/153
f 187/187/154 193/193/154 194/194/154
f 187/187/155 195/195/155 193/193/155
f 186/186/156 196/196/156 189/189/156
f 186/186/157 178/178/157 197/197/157
f 194/194/158 198/198/158 199/199/158
f 188/188/159 200/200/159 195/195/159
f 201/201/160 202/202/160 203/203/160
f 189/189/161 196/196/161 204/204/161
f 196/196/162 197/197/162 205/205/162
f 196/196/163 206/206/163 207/207/163
f 205/205/164 197/197/164 208/208/164
f 198/198/165 209/209/165 210/210/165
f 198/198/166 211/211/167 209/209/168
f 198/198/166 195/195/169 211/211/167
f 211/211/170 212/212/170 213/213/170
f 206/206/171 214/214/171 207/207/171
f 206/206/172 205/205/172 215/215/172
f 205/205/173 208/208/173 215/215/173
f 210/210/174 216/216/174 217/217/174
f 214/214/175 218/218/175 207/207/175
f 209/209/176 219/219/177 220/220/176
f 209/209/178 221/221/178 219/219/178
f 222/222/179 223/223/179 221/221/179
f 207/207/180 224/224/180 225/225/180
f 218/218/181 226/226/181 224/224/181
f 214/214/182 215/215/182 227/227/182
f 221/221/183 228/228/183 219/219/183
f 221/221/184 229/229/184 228/228/184
f 226/226/185 218/218/185 230/230/185
f 218/218/186 227/227/186 230/230/186
f 219/219/187 231/231/187 232/232/187
f 224/224/188 226/226/188 233/233/188
f 230/230/189 227/227/189 234/234/189
f 229/229/190 235/235/190 236/236/190
f 226/226/191 237/237/191 233/233/191
f 237/237/192 230/230/192 238/238/192
f 228/228/193 236/236/193 239/239/193
f 235/235/194 240/240/195 236/236/196
f 235/235/194 241/241/197 240/240/195
f 242/242/198 243/243/198 244/244/198
f 239/239/199 236/236/199 240/240/199
f 245/245/200 246/246/200 241/241/200
f 247/247/201 248/248/201 249/249/201
f 250/250/202 251/251/202 252/252/202
f 251/251/203 253/253/203 254/254/203
f 243/243/204 255/255/205 244/244/206
f 243/243/204 256/256/207 255/255/205
f 257/257/208 258/258/208 259/259/208
f 260/260/209 238/238/209 261/261/209
f 239/239/210 262/262/210 263/263/210
f 240/240/211 264/264/212 262/262/213
f 240/240/214 265/265/214 264/264/214
f 248/248/215 266/266/215 267/267/215
f 268/268/216 269/269/216 266/266/216
f 268/268/217 270/270/217 271/271/217
f 272/272/218 273/273/218 274/274/218
f 250/250/219 252/252/219 275/275/219
f 252/252/220 254/254/220 276/276/220
f 277/277/221 278/278/221 279/279/221
f 280/280/222 281/281/222 277/277/222
f 280/280/223 282/282/223 281/281/223
f 280/280/224 283/283/224 282/282/224
f 284/284/225 285/285/225 282/282/225
f 284/284/226 286/286/226 285/285/226
f 287/287/227 288/288/227 285/285/227
f 287/287/228 289/289/228 288/288/228
f 290/290/229 291/291/229 292/292/229
f 291/291/230 244/244/230 255/255/230
f 256/256/231 293/293/231 255/255/231
f 256/256/232 294/294/232 295/295/232
f 296/296/233 297/297/233 298/298/233
f 257/257/234 299/299/234 258/258/234
f 257/257/235 261/261/235 299/299/235
f 261/261/236 238/238/236 300/300/236
f 262/262/237 264/264/238 301/301/239
f 246/246/240 302/302/240 265/265/240
f 249/249/241 267/267/241 302/302/241
f 266/266/242 303/303/242 304/304/242
f 266/266/243 305/305/243 303/303/243
f 271/271/244 306/306/244 269/269/244
f 274/274/245 307/307/245 306/306/245
f 273/273/246 308/308/246 274/274/246
f 273/273/247 309/309/248 308/308/249
f 285/285/250 310/310/250 282/282/250
f 288/288/251 311/311/251 292/292/251
f 291/291/252 255/255/252 312/312/252
f 258/258/253 313/313/253 314/314/253
f 262/262/254 315/315/254 316/316/254
f 304/304/255 303/303/255 267/267/255
f 266/266/256 317/317/256 305/305/256
f 307/307/257 274/274/257 318/318/257
f 275/275/258 319/319/258 309/309/258
f 275/275/259 276/276/259 319/319/259
f 276/276/260 279/279/260 319/319/260
f 278/278/261 281/281/261 320/320/261
f 282/282/262 310/310/262 320/320/262
f 321/321/263 322/322/263 323/323/263
f 316/316/264 315/315/264 324/324/264
f 265/265/265 325/325/266 326/326/267
f 302/302/268 327/327/269 325/325/270
f 303/303/271 328/328/271 267/267/271
f 307/307/272 329/329/273 306/306/274
f 318/318/275 308/308/275 330/330/275
f 319/319/276 331/331/276 330/330/276
f 319/319/277 332/332/277 333/333/277
f 310/310/278 334/334/278 320/320/278
f 310/310/279 285/285/279 335/335/279
f 336/336/280 337/337/280 335/335/280
f 336/336/281 292/292/281 337/337/281
f 292/292/282 338/338/282 337/337/282
f 339/339/283 340/340/283 338/338/283
f 339/339/284 341/341/284 340/340/284
f 342/342/285 343/343/285 344/344/285
f 322/322/286 300/300/286 345/345/286
f 324/324/287 346/346/287 347/347/287
f 328/328/288 305/305/288 348/348/288
f 317/317/289 349/349/290 348/348/291
f 317/317/289 306/306/292 329/329/293
f 332/332/294 350/350/294 333/333/294
f 332/332/295 320/320/295 351/351/295
f 320/320/296 334/334/296 351/351/296
f 335/335/297 337/337/298 352/352/299
f 353/353/300 354/354/300 355/355/300
f 356/356/301 357/357/301 358/358/301
f 357/357/302 344/344/302 358/358/302
f 343/343/303 342/342/304 359/359/305
f 342/342/306 360/360/306 359/359/306
f 314/314/307 361/361/308 362/362/309
f 323/323/310 363/363/310 362/362/310
f 346/346/311 364/364/311 347/347/311
f 346/346/312 365/365/312 364/364/312
f 326/326/313 366/366/313 364/364/313
f 367/367/314 327/327/314 368/368/314
f 327/327/315 369/369/315 368/368/315
f 328/328/316 370/370/317 369/369/318
f 348/348/291 349/349/290 329/329/293
f 330/330/319 371/371/319 372/372/319
f 333/333/320 350/350/320 331/331/320
f 351/351/321 334/334/322 373/373/323
f 334/334/324 335/335/324 373/373/324
f 352/352/299 337/337/298 374/374/325
f 337/337/326 340/340/326 374/374/326
f 375/375/327 376/376/328 377/377/329
f 378/378/330 343/343/330 379/379/330
f 314/314/331 380/380/331 381/381/331
f 363/363/332 382/382/332 362/362/332
f 322/322/333 345/345/333 383/383/333
f 364/364/334 384/384/334 385/385/334
f 364/364/335 386/386/335 384/384/335
f 366/366/336 367/367/337 387/387/338
f 348/348/339 388/388/339 389/389/339
f 390/390/340 372/372/341 391/391/342
f 371/371/343 392/392/344 393/393/345
f 392/392/346 394/394/347 393/393/348
f 350/350/349 351/351/349 395/395/349
f 351/351/321 373/373/323 395/395/350
f 373/373/351 396/396/352 395/395/353
f 373/373/354 352/352/354 396/396/354
f 340/340/355 397/397/355 374/374/355
f 340/340/356 398/398/356 399/399/356
f 344/344/357 400/400/357 358/358/357
f 378/378/358 401/401/358 400/400/358
f 402/402/359 403/403/359 379/379/359
f 380/380/360 404/404/360 403/403/360
f 380/380/361 362/362/361 405/405/361
f 366/366/362 387/387/362 406/406/362
f 368/368/363 407/407/363 406/406/363
f 369/369/364 370/370/364 389/389/364
f 389/389/365 388/388/366 408/408/367
f 329/329/368 391/391/369 408/408/370
f 372/372/371 409/409/371 391/391/371
f 372/372/372 371/371/372 410/410/372
f 394/394/373 411/411/373 393/393/373
f 394/394/374 331/331/374 411/411/374
f 331/331/375 350/350/375 411/411/375
f 395/395/376 412/412/376 413/413/376
f 396/396/377 374/374/378 414/414/379
f 374/374/378 415/415/380 414/414/379
f 377/377/381 416/416/381 398/398/381
f 355/355/382 417/417/382 376/376/382
f 379/379/383 418/418/383 401/401/383
f 379/379/384 403/403/384 419/419/384
f 405/405/385 420/420/385 404/404/385
f 405/405/386 382/382/386 421/421/386
f 384/384/387 422/422/387 423/423/387
f 408/408/388 424/424/388 425/425/388
f 408/408/389 391/391/389 424/424/389
f 393/393/390 426/426/390 410/410/390
f 396/396/391 414/414/391 412/412/391
f 399/399/392 398/398/392 427/427/392
f 416/416/393 377/377/393 428/428/393
f 377/377/394 376/376/394 428/428/394
f 376/376/395 417/417/395 429/429/395
f 430/430/396 400/400/396 431/431/396
f 403/403/397 404/404/397 419/419/397
f 386/386/398 432/432/398 422/422/398
f 406/406/399 433/433/399 432/432/399
f 407/407/400 434/434/400 433/433/400
f 409/409/401 372/372/401 435/435/401
f 410/410/402 436/436/402 435/435/402
f 410/410/403 426/426/404 437/437/405
f 412/412/406 438/438/407 413/413/408
f 412/412/409 414/414/410 439/439/411
f 415/415/412 399/399/412 427/427/412
f 427/427/413 416/416/413 428/428/413
f 440/440/414 441/441/414 442/442/414
f 440/440/415 443/443/415 441/441/415
f 418/418/416 444/444/416 443/443/416
f 418/418/417 445/445/417 444/444/417
f 418/418/418 446/446/418 445/445/418
f 418/418/419 379/379/419 419/419/419
f 420/420/420 421/421/420 447/447/420
f 432/432/421 448/448/421 449/449/421
f 433/433/422 434/434/422 450/450/422
f 434/434/423 451/451/423 452/452/423
f 453/453/424 454/454/424 455/455/424
f 436/436/425 410/410/425 456/456/425
f 426/426/404 457/457/426 437/437/405
f 411/411/427 458/458/427 457/457/427
f 459/459/428 413/413/428 460/460/428
f 415/415/429 461/461/430 462/462/431
f 427/427/432 463/463/432 461/461/432
f 464/464/433 465/465/434 466/466/435
f 421/421/436 467/467/436 468/468/436
f 467/467/437 469/469/437 468/468/437
f 467/467/438 470/470/438 471/471/438
f 449/449/439 448/448/440 472/472/441
f 448/448/442 473/473/442 472/472/442
f 452/452/443 474/474/443 475/475/443
f 452/452/444 425/425/444 476/476/444
f 455/455/445 477/477/446 476/476/447
f 455/455/448 454/454/448 478/478/448
f 435/435/449 456/456/449 479/479/449
f 457/457/450 458/458/450 480/480/450
f 427/427/451 481/481/451 463/463/451
f 466/466/452 465/465/452 482/482/452
f 441/441/453 443/443/453 483/483/453
f 443/443/454 444/444/454 445/445/454
f 446/446/455 419/419/455 484/484/455
f 485/485/456 486/486/457 487/487/458
f 485/485/456 447/447/459 486/486/457
f 421/421/460 488/488/460 486/486/460
f 471/471/461 489/489/461 469/469/461
f 476/476/462 477/477/462 490/490/462
f 459/459/463 491/491/463 480/480/463
f 460/460/464 492/492/464 491/491/464
f 428/428/465 493/493/465 494/494/465
f 482/482/466 495/495/466 493/493/466
f 482/482/467 496/496/467 495/495/467
f 465/465/468 497/497/468 496/496/468
f 442/442/469 483/483/469 498/498/469
f 443/443/470 445/445/470 499/499/470
f 487/487/471 486/486/471 500/500/471
f 488/488/472 468/468/472 501/501/472
f 491/491/473 492/492/473 502/502/473
f 439/439/474 503/503/475 504/504/476
f 505/505/477 481/481/477 506/506/477
f 481/481/478 494/494/478 506/506/478
f 465/465/479 507/507/479 497/497/479
f 445/445/480 508/508/480 499/499/480
f 445/445/481 484/484/481 509/509/481
f 500/500/482 486/486/482 510/510/482
f 501/501/483 469/469/483 511/511/483
f 469/469/484 489/489/484 511/511/484
f 492/492/485 512/512/485 502/502/485
f 492/492/486 504/504/486 513/513/486
f 505/505/487 514/514/488 515/515/489
f 505/505/490 506/506/490 516/516/490
f 495/495/491 517/517/491 493/493/491
f 495/495/492 496/496/492 518/518/492
f 497/497/493 519/519/493 518/518/493
f 499/499/494 508/508/494 520/520/494
f 500/500/495 510/510/495 521/521/495
f 511/511/496 522/522/496 523/523/496
f 504/504/497 524/524/497 513/513/497
f 506/506/498 525/525/498 516/516/498
f 526/526/499 527/527/499 525/525/499
f 526/526/500 493/493/500 528/528/500
f 483/483/501 529/529/501 530/530/501
f 531/531/502 532/532/502 533/533/502
f 534/534/503 535/535/503 532/532/503
f 534/534/504 511/511/504 536/536/504
f 528/528/505 537/537/505 527/527/505
f 519/519/506 538/538/506 518/518/506
f 519/519/507 539/539/507 538/538/507
f 530/530/508 529/529/508 540/540/508
f 529/529/509 520/520/509 541/541/509
f 542/542/510 508/508/510 543/543/510
f 508/508/511 509/509/511 544/544/511
f 509/509/512 521/521/512 544/544/512
f 521/521/513 533/533/513 544/544/513
f 535/535/514 545/545/514 532/532/514
f 536/536/515 523/523/515 546/546/515
f 512/512/516 513/513/516 547/547/516
f 548/548/517 503/503/518 549/549/519
f 503/503/520 514/514/520 549/549/520
f 516/516/521 550/550/521 551/551/521
f 527/527/522 552/552/522 525/525/522
f 518/518/523 538/538/523 537/537/523
f 529/529/524 553/553/524 540/540/524
f 554/554/525 555/555/525 541/541/525
f 554/554/526 542/542/526 555/555/526
f 544/544/527 532/532/527 556/556/527
f 532/532/528 557/557/528 556/556/528
f 524/524/529 558/558/529 559/559/529
f 549/549/530 551/551/530 560/560/530
f 551/551/531 550/550/531 561/561/531
f 525/525/532 552/552/532 561/561/532
f 527/527/533 562/562/533 552/552/533
f 527/527/534 537/537/534 563/563/534
f 538/538/535 564/564/535 563/563/535
f 540/540/536 553/553/536 565/565/536
f 541/541/537 555/555/537 566/566/537
f 555/555/538 543/543/538 567/567/538
f 543/543/539 544/544/539 568/568/539
f 564/564/540 569/569/540 563/563/540
f 570/570/541 571/571/541 572/572/541
f 571/571/542 565/565/542 572/572/542
f 566/566/543 555/555/543 567/567/543
f 567/567/544 543/543/544 568/568/544
f 556/556/545 557/557/545 573/573/545
f 557/557/546 574/574/546 573/573/546
f 575/575/547 576/576/547 577/577/547
f 575/575/547 578/578/547 576/576/547
f 558/558/548 548/548/549 579/579/550
f 548/548/549 549/549/551 579/579/550
f 561/561/552 552/552/552 580/580/552
f 562/562/553 581/581/553 580/580/553
f 563/563/554 582/582/554 581/581/554
f 569/569/555 583/583/555 582/582/555
f 565/565/556 584/584/556 572/572/556
f 565/565/557 541/541/557 585/585/557
f 566/566/558 567/567/558 586/586/558
f 567/567/559 587/587/559 586/586/559
f 567/567/560 568/568/560 588/588/560
f 568/568/561 589/589/561 590/590/561
f 589/589/562 573/573/562 591/591/562
f 592/592/563 593/593/563 594/594/563
f 592/592/564 595/595/564 593/593/564
f 558/558/565 579/579/565 597/597/565
f 560/560/566 598/598/566 599/599/566
f 581/581/567 582/582/567 600/600/567
f 572/572/568 601/601/568 602/602/568
f 591/591/569 573/573/569 603/603/569
f 598/598/570 605/605/570 599/599/570
f 598/598/571 606/606/571 605/605/571
f 600/600/572 607/607/572 608/608/572
f 583/583/573 609/609/573 600/600/573
f 586/586/574 610/610/574 611/611/574
f 587/587/575 588/588/575 610/610/575
f 588/588/576 590/590/576 610/610/576
f 590/590/577 591/591/577 612/612/577
f 591/591/578 613/613/578 612/612/578
f 603/603/579 614/614/580 615/615/581
f 614/614/580 616/616/582 615/615/581
f 616/616/583 617/617/583 615/615/583
f 618/618/547 619/619/547 617/617/547
f 618/618/547 594/594/547 620/620/547
f 593/593/547 621/621/547 620/620/547
f 593/593/547 622/622/547 621/621/547
f 605/605/584 606/606/584 623/623/584
f 608/608/585 624/624/585 623/623/585
f 608/608/586 607/607/587 625/625/587
f 602/602/588 626/626/588 627/627/588
f 602/602/589 601/601/589 628/628/589
f 601/601/590 584/584/590 629/629/590
f 610/610/591 630/630/591 611/611/591
f 613/613/592 603/603/592 631/631/592
f 615/615/593 617/617/593 631/631/593
f 632/632/594 597/597/594 633/633/594
f 579/579/595 599/599/596 634/634/597
f 599/599/598 635/635/598 634/634/598
f 635/635/599 599/599/599 636/636/599
f 599/599/600 605/605/600 636/636/600
f 623/623/601 624/624/601 637/637/601
f 624/624/602 608/608/602 637/637/602
f 627/627/603 626/626/603 638/638/603
f 585/585/604 611/611/604 639/639/604
f 611/611/605 630/630/605 639/639/605
f 630/630/606 612/612/606 640/640/606
f 613/613/607 641/641/607 612/612/607
f 613/613/608 631/631/608 641/641/608
f 631/631/609 642/642/609 641/641/609
f 617/617/610 619/619/610 642/642/610
f 621/621/547 643/643/547 644/644/547
f 632/632/611 633/633/611 645/645/611
f 633/633/612 634/634/613 646/646/614
f 623/623/615 647/647/615 636/636/615
f 637/637/616 648/648/616 647/647/616
f 649/649/617 650/650/617 651/651/617
f 638/638/618 626/626/618 652/652/618
f 628/628/619 653/653/619 652/652/619
f 654/654/620 585/585/620 655/655/620
f 647/647/621 648/648/621 656/656/621
f 625/625/622 657/657/622 656/656/622
f 638/638/623 652/652/623 658/658/623
f 653/653/624 654/654/624 655/655/624
f 639/639/625 659/659/625 660/660/625
f 639/639/626 661/661/626 659/659/626
f 641/641/627 662/662/627 663/663/627
f 664/664/547 665/665/547 666/666/547
f 644/644/547 667/667/547 664/664/547
f 644/644/547 643/643/547 667/667/547
f 645/645/628 633/633/628 668/668/628
f 646/646/614 669/669/629 668/668/630
f 646/646/614 634/634/613 669/669/629
f 636/636/631 647/647/631 670/670/631
f 656/656/632 671/671/632 670/670/632
f 656/656/633 672/672/633 671/671/633
f 656/656/634 657/657/634 673/673/634
f 651/651/635 674/674/635 675/675/635
f 652/652/636 653/653/636 676/676/636
f 640/640/637 663/663/637 661/661/637
f 641/641/638 677/677/638 662/662/638
f 641/641/639 642/642/639 677/677/639
f 642/642/640 666/666/640 677/677/640
f 678/678/641 679/679/641 669/669/641
f 673/673/642 680/680/643 681/681/644
f 680/680/645 682/682/645 681/681/645
f 676/676/646 683/683/646 684/684/646
f 676/676/647 655/655/648 685/685/649
f 686/686/650 687/687/650 685/685/650
f 659/659/651 688/688/651 687/687/651
f 659/659/652 661/661/652 688/688/652
f 661/661/653 663/663/653 689/689/653
f 662/662/654 677/677/654 690/690/654
f 677/677/655 691/691/655 690/690/655
f 667/667/547 692/692/547 693/693/547
f 667/667/547 694/694/547 692/692/547
f 670/670/656 671/671/656 695/695/656
f 672/672/657 696/696/657 695/695/657
f 672/672/658 673/673/658 697/697/658
f 673/673/659 681/681/659 698/698/659
f 699/699/660 684/684/660 683/683/660
f 676/676/661 700/700/661 683/683/661
f 688/688/662 701/701/662 687/687/662
f 688/688/663 702/702/663 701/701/663
f 689/689/664 703/703/664 702/702/664
f 689/689/665 704/704/665 703/703/665
f 690/690/666 691/691/666 705/705/666
f 691/691/667 665/665/667 706/706/667
f 694/694/547 707/707/547 692/692/547
f 679/679/668 708/708/668 669/669/668
f 709/709/669 670/670/669 695/695/669
f 681/681/670 710/710/670 698/698/670
f 711/711/671 683/683/671 712/712/671
f 685/685/672 713/713/672 700/700/672
f 685/685/673 687/687/673 713/713/673
f 702/702/674 714/714/674 701/701/674
f 702/702/675 715/715/676 714/714/677
f 690/690/678 705/705/679 716/716/680
f 692/692/681 717/717/682 718/718/683
f 708/708/684 719/719/685 720/720/684
f 719/719/686 709/709/686 720/720/686
f 695/695/687 696/696/687 721/721/687
f 697/697/688 722/722/689 721/721/690
f 698/698/691 723/723/691 722/722/691
f 700/700/692 713/713/693 712/712/694
f 701/701/695 724/724/695 687/687/695
f 704/704/547 725/725/547 703/703/547
f 704/704/696 690/690/696 726/726/696
f 705/705/547 706/706/547 718/718/547
f 718/718/697 717/717/697 727/727/697
f 708/708/684 720/720/684 728/728/698
f 720/720/699 709/709/699 729/729/699
f 721/721/700 722/722/700 730/730/700
f 731/731/701 712/712/701 713/713/701
f 732/732/702 687/687/702 724/724/702
f 703/703/703 733/733/703 715/715/703
f 716/716/704 718/718/547 734/734/705
f 727/727/547 717/717/547 735/735/547
f 728/728/706 720/720/706 736/736/706
f 720/720/707 729/729/707 737/737/707
f 730/730/708 722/722/708 738/738/708
f 713/713/709 739/739/709 740/740/709
f 713/713/710 741/741/710 739/739/710
f 713/713/711 742/742/711 741/741/711
f 724/724/712 743/743/712 742/742/712
f 714/714/713 744/744/713 743/743/713
f 714/714/714 733/733/714 744/744/714
f 725/725/715 745/745/716 733/733/717
f 725/725/718 726/726/718 746/746/718
f 726/726/719 716/716/719 746/746/719
f 734/734/720 747/747/720 748/748/720
f 749/749/547 750/750/547 735/735/547
f 737/737/721 752/752/721 753/753/721
f 752/752/722 730/730/722 754/754/722
f 738/738/723 723/723/723 755/755/723
f 742/742/724 756/756/724 741/741/724
f 742/742/725 743/743/725 757/757/725
f 746/746/726 758/758/726 745/745/726
f 735/735/547 750/750/547 759/759/547
f 736/736/727 737/737/727 760/760/727
f 754/754/728 738/738/728 761/761/728
f 738/738/729 755/755/729 761/761/729
f 739/739/730 762/762/730 740/740/730
f 739/739/731 741/741/731 756/756/731
f 757/757/732 763/763/732 756/756/732
f 744/744/733 764/764/733 763/763/733
f 744/744/734 765/765/734 764/764/734
f 766/766/735 745/745/735 767/767/735
f 745/745/736 758/758/736 767/767/736
f 758/758/737 746/746/737 768/768/737
f 748/748/547 747/747/547 769/769/547
f 747/747/547 735/735/547 770/770/547
f 736/736/738 771/771/738 751/751/738
f 754/754/739 761/761/739 772/772/739
f 761/761/740 755/755/740 773/773/740
f 756/756/741 774/774/741 762/762/741
f 756/756/742 763/763/742 774/774/742
f 763/763/743 775/775/743 774/774/743
f 764/764/547 765/765/547 776/776/547
f 766/766/744 767/767/744 777/777/744
f 758/758/745 778/778/745 777/777/745
f 760/760/746 753/753/746 780/780/746
f 781/781/747 754/754/747 782/782/747
f 783/783/748 762/762/748 784/784/748
f 763/763/749 785/785/749 775/775/749
f 763/763/750 764/764/750 776/776/750
f 776/776/547 765/765/547 786/786/547
f 787/787/751 766/766/751 788/788/751
f 766/766/752 777/777/752 788/788/752
f 771/771/753 789/789/753 790/790/753
f 791/791/754 792/792/754 771/771/754
f 793/793/755 794/794/755 795/795/755
f 774/774/756 796/796/756 784/784/756
f 774/774/757 797/797/757 796/796/757
f 798/798/758 775/775/759 799/799/760
f 786/786/761 800/800/761 776/776/761
f 768/768/762 801/801/762 802/802/762
f 781/781/763 782/782/763 803/803/763
f 772/772/764 773/773/764 804/804/764
f 805/805/765 806/806/765 807/807/765
f 808/808/766 809/809/766 810/810/766
f 808/808/767 811/811/767 809/809/767
f 812/812/768 813/813/768 814/814/768
f 815/815/769 816/816/769 813/813/769
f 817/817/770 818/818/770 816/816/770
f 795/795/771 794/794/771 819/819/771
f 820/820/772 785/785/773 821/821/774
f 785/785/775 776/776/775 822/822/775
f 786/786/776 788/788/776 823/823/776
f 788/788/547 824/824/547 823/823/547
f 778/778/547 802/802/547 824/824/547
f 790/790/777 789/789/777 826/826/777
f 792/792/778 827/827/778 826/826/778
f 792/792/779 780/780/779 828/828/779
f 782/782/780 804/804/780 803/803/780
f 807/807/781 806/806/781 829/829/781
f 830/830/782 831/831/782 832/832/782
f 812/812/783 833/833/783 809/809/783
f 818/818/784 834/834/784 835/835/784
f 819/819/785 836/836/785 835/835/785
f 837/837/786 838/838/786 836/836/786
f 796/796/787 797/797/787 839/839/787
f 797/797/788 799/799/788 840/840/788
f 800/800/547 823/823/547 841/841/547
f 823/823/789 824/824/789 842/842/789
f 802/802/790 825/825/790 842/842/790
f 790/790/791 826/826/791 843/843/791
f 828/828/792 803/803/792 844/844/792
f 803/803/793 804/804/793 845/845/793
f 807/807/794 829/829/794 846/846/794
f 806/806/795 830/830/795 847/847/795
f 832/832/796 831/831/796 848/848/796
f 831/831/797 809/809/797 849/849/797
f 809/809/798 833/833/798 850/850/798
f 833/833/799 851/851/799 850/850/799
f 814/814/800 816/816/800 852/852/800
f 835/835/801 853/853/801 852/852/801
f 835/835/802 836/836/802 853/853/802
f 838/838/803 854/854/803 836/836/803
f 855/855/804 821/821/804 856/856/804
f 821/821/805 822/822/805 857/857/805
f 826/826/806 859/859/806 843/843/806
f 826/826/807 827/827/807 860/860/807
f 827/827/808 861/861/808 860/860/808
f 845/845/809 862/862/809 861/861/809
f 845/845/810 863/863/810 862/862/810
f 863/863/811 864/864/811 862/862/811
f 863/863/812 846/846/812 865/865/812
f 829/829/813 866/866/814 867/867/815
f 832/832/816 868/868/816 866/866/816
f 848/848/817 869/869/817 868/868/817
f 848/848/818 849/849/818 870/870/818
f 850/850/819 851/851/819 871/871/819
f 851/851/820 872/872/820 871/871/820
f 853/853/821 836/836/821 873/873/821
f 836/836/822 874/874/822 873/873/822
f 854/854/823 875/875/823 874/874/823
f 839/839/824 840/840/824 876/876/824
f 840/840/825 855/855/825 877/877/825
f 842/842/826 878/878/826 841/841/826
f 825/825/827 879/879/827 878/878/827
f 880/880/828 843/843/828 881/881/828
f 862/862/829 864/864/830 882/882/831
f 865/865/832 883/883/832 884/884/832
f 868/868/833 869/869/833 885/885/833
f 886/886/834 887/887/834 870/870/834
f 872/872/835 852/852/835 888/888/835
f 853/853/836 873/873/836 888/888/836
f 875/875/837 889/889/837 874/874/837
f 890/890/838 891/891/838 892/892/838
f 890/890/839 839/839/839 893/893/839
f 877/877/840 856/856/841 894/894/842
f 856/856/843 857/857/843 895/895/843
f 857/857/547 841/841/547 896/896/547
f 878/878/844 879/879/844 896/896/844
f 859/859/845 860/860/845 897/897/845
f 861/861/846 882/882/846 897/897/846
f 884/884/847 898/898/847 899/899/847
f 884/884/848 883/883/848 898/898/848
f 867/867/849 900/900/849 898/898/849
f 885/885/850 870/870/850 901/901/850
f 870/870/851 887/887/851 901/901/851
f 887/887/852 902/902/852 901/901/852
f 871/871/853 903/903/853 902/902/853
f 871/871/854 904/904/854 905/905/854
f 873/873/855 906/906/855 888/888/855
f 874/874/856 907/907/856 906/906/856
f 891/891/857 908/908/857 909/909/857
f 876/876/858 877/877/858 910/910/858
f 894/894/859 911/911/859 910/910/859
f 894/894/860 912/912/861 913/913/862
f 912/912/547 895/895/547 914/914/547
f 895/895/547 896/896/547 914/914/547
f 915/915/863 916/916/863 917/917/863
f 898/898/864 918/918/864 919/919/864
f 898/898/865 920/920/865 918/918/865
f 900/900/866 921/921/866 920/920/866
f 885/885/867 922/922/867 921/921/867
f 885/885/868 923/923/868 922/922/868
f 901/901/869 924/924/869 925/925/869
f 906/906/870 926/926/870 927/927/870
f 907/907/871 928/928/871 929/929/871
f 893/893/872 910/910/872 930/930/872
f 910/910/873 911/911/873 930/930/873
f 896/896/547 931/931/547 914/914/547
f 879/879/874 932/932/874 933/933/874
f 880/880/875 934/934/875 935/935/875
f 934/934/876 936/936/876 935/935/876
f 897/897/877 937/937/878 936/936/879
f 899/899/880 919/919/880 938/938/880
f 922/922/881 923/923/881 925/925/881
f 902/902/882 939/939/882 940/940/882
f 902/902/883 903/903/883 941/941/883
f 905/905/884 942/942/884 943/943/884
f 927/927/885 944/944/885 943/943/885
f 926/926/886 929/929/886 945/945/886
f 929/929/887 946/946/887 945/945/887
f 930/930/888 947/947/888 948/948/888
f 930/930/889 949/949/889 947/947/889
f 950/950/890 951/951/890 949/949/890
f 950/950/891 914/914/891 952/952/891
f 914/914/547 931/931/547 952/952/547
f 955/955/892 880/880/892 956/956/892
f 937/937/893 957/957/893 936/936/893
f 937/937/894 958/958/894 957/957/894
f 938/938/895 959/959/895 958/958/895
f 919/919/896 960/960/896 959/959/896
f 918/918/897 961/961/897 960/960/897
f 918/918/898 962/962/898 961/961/898
f 922/922/899 925/925/899 963/963/899
f 924/924/900 964/964/900 963/963/900
f 940/940/901 939/939/901 964/964/901
f 941/941/902 965/965/902 939/939/902
f 944/944/903 966/966/903 943/943/903
f 945/945/904 967/967/904 968/968/904
f 945/945/905 946/946/905 967/967/905
f 946/946/906 969/969/906 967/967/906
f 909/909/907 970/970/907 971/971/907
f 972/972/908 908/908/908 973/973/908
f 908/908/909 974/974/909 973/973/909
f 949/949/910 951/951/910 975/975/910
f 931/931/911 933/933/911 976/976/911
f 932/932/547 977/977/547 976/976/547
f 957/957/912 978/978/912 936/936/912
f 959/959/913 979/979/913 980/980/913
f 948/948/914 947/947/914 981/981/914
f 947/947/915 949/949/915 981/981/915
f 949/949/916 975/975/916 982/982/916
f 951/951/917 952/952/917 983/983/917
f 976/976/547 984/984/547 983/983/547
f 954/954/547 953/953/918 985/985/919
f 986/986/920 956/956/920 987/987/920
f 956/956/921 935/935/921 988/988/921
f 971/971/922 970/970/922 989/989/922
f 973/973/923 990/990/923 989/989/923
f 974/974/924 991/991/924 990/990/924
f 974/974/925 981/981/925 992/992/925
f 981/981/926 993/993/926 992/992/926
f 983/983/927 994/994/927 975/975/927
f 990/990/928 991/991/928 995/995/928
f 991/991/929 996/996/929 995/995/929
f 992/992/930 997/997/930 996/996/930
f 992/992/931 993/993/931 997/997/931
f 982/982/932 975/975/932 998/998/932
f 983/983/547 999/999/547 994/994/547
f 977/977/547 1000/1000/547 984/984/547
f 977/977/547 1001/1001/547 1002/1002/547
f 1003/1003/933 1004/1004/933 1005/1005/933
f 1003/1003/934 1005/1005/934 1006/1006/934
f 1007/1007/935 1008/1008/935 1009/1009/935
f 1009/1009/936 1010/1010/936 1011/1011/936
f 1009/1009/937 1012/1012/937 1013/1013/937
f 1014/1014/938 1015/1015/939 1016/1016/940
f 1009/1009/941 1013/1013/941 1010/1010/941
f 1010/1010/942 1019/1019/942 1020/1020/942
f 1021/1021/943 1022/1022/944 1023/1023/945
f 1024/1024/946 1025/1025/946 1026/1026/946
f 1027/1027/947 1018/1018/947 1028/1028/947
f 1020/1020/948 1029/1029/948 1030/1030/948
f 1019/1019/949 1010/1010/949 1031/1031/949
f 1010/1010/950 1032/1032/950 1033/1033/950
f 1032/1032/951 1034/1034/951 1035/1035/951
f 1036/1036/952 1037/1037/952 1038/1038/952
f 1039/1039/953 1040/1040/953 1041/1041/953
f 1039/1039/954 1042/1042/954 1040/1040/954
f 1042/1042/955 1043/1043/955 1040/1040/955
f 1044/1044/956 1045/1045/956 1043/1043/956
f 1046/1046/957 1047/1047/957 1045/1045/957
f 1046/1046/958 1048/1048/958 1047/1047/958
f 1049/1049/959 1050/1050/959 1051/1051/959
f 1050/1050/960 1052/1052/960 1051/1051/960
f 1052/1052/961 1053/1053/961 1051/1051/961
f 1021/1021/943 1023/1023/945 1054/1054/962
f 1023/1023/963 1022/1022/964 1055/1055/965
f 1056/1056/966 1057/1057/966 1055/1055/966
f 1026/1026/967 1058/1058/967 1059/1059/967
f 1060/1060/547 1061/1061/547 1025/1025/547
f 1031/1031/968 1033/1033/968 1062/1062/968
f 1063/1063/969 1035/1035/969 1064/1064/969
f 1035/1035/970 1034/1034/970 1065/1065/970
f 1034/1034/971 1066/1066/971 1065/1065/971
f 1066/1066/972 1038/1038/972 1067/1067/972
f 1038/1038/973 1037/1037/973 1068/1068/973
f 1037/1037/974 1041/1041/974 1069/1069/974
f 1051/1051/975 1053/1053/975 1070/1070/975
f 1054/1054/976 1023/1023/976 1071/1071/976
f 1059/1059/977 1072/1072/977 1073/1073/977
f 1029/1029/978 1019/1019/978 1075/1075/978
f 1076/1076/979 1077/1077/979 1075/1075/979
f 1033/1033/980 1063/1063/980 1078/1078/980
f 1063/1063/981 1064/1064/981 1079/1079/981
f 1035/1035/982 1065/1065/982 1080/1080/982
f 1065/1065/983 1081/1081/983 1080/1080/983
f 1065/1065/984 1066/1066/984 1082/1082/984
f 1069/1069/985 1041/1041/985 1083/1083/985
f 1041/1041/986 1084/1084/986 1083/1083/986
f 1040/1040/987 1085/1085/987 1084/1084/987
f 1043/1043/988 1045/1045/988 1086/1086/988
f 1047/1047/989 1087/1087/989 1088/1088/989
f 1070/1070/990 1053/1053/990 1089/1089/990
f 1053/1053/991 1071/1071/991 1090/1090/991
f 1025/1025/547 1091/1091/547 1092/1092/547
f 1077/1077/992 1031/1031/992 1094/1094/992
f 1062/1062/993 1095/1095/993 1094/1094/993
f 1062/1062/994 1033/1033/994 1095/1095/994
f 1033/1033/995 1078/1078/995 1096/1096/995
f 1082/1082/996 1067/1067/996 1097/1097/996
f 1067/1067/997 1068/1068/997 1098/1098/997
f 1068/1068/998 1099/1099/998 1100/1100/998
f 1099/1099/999 1069/1069/999 1101/1101/999
f 1083/1083/1000 1102/1102/1000 1101/1101/1000
f 1085/1085/1001 1040/1040/1001 1103/1103/1001
f 1040/1040/1002 1086/1086/1002 1103/1103/1002
f 1088/1088/1003 1104/1104/1003 1103/1103/1003
f 1088/1088/1004 1087/1087/1004 1105/1105/1004
f 1071/1071/1005 1055/1055/1005 1106/1106/1005
f 1058/1058/1006 1107/1107/1007 1108/1108/1008
f 1092/1092/1009 1091/1091/1009 1109/1109/1009
f 1082/1082/1010 1111/1111/1010 1081/1081/1010
f 1101/1101/1011 1112/1112/1011 1098/1098/1011
f 1101/1101/1012 1102/1102/1012 1112/1112/1012
f 1083/1083/1013 1085/1085/1013 1102/1102/1013
f 1104/1104/1014 1088/1088/1014 1105/1105/1014
f 1089/1089/1015 1113/1113/1015 1114/1114/1015
f 1090/1090/1016 1115/1115/1017 1089/1089/1018
f 1090/1090/1019 1116/1116/1019 1117/1117/1019
f 1107/1107/1020 1092/1092/1020 1118/1118/1020
f 1109/1109/1021 1093/1093/1021 1119/1119/1021
f 1110/1110/1022 1094/1094/1022 1120/1120/1022
f 1095/1095/1023 1121/1121/1023 1120/1120/1023
f 1096/1096/1024 1122/1122/1024 1121/1121/1024
f 1096/1096/1025 1123/1123/1025 1122/1122/1025
f 1096/1096/1026 1079/1079/1026 1124/1124/1026
f 1081/1081/1027 1125/1125/1027 1124/1124/1027
f 1081/1081/1028 1111/1111/1028 1126/1126/1028
f 1097/1097/1029 1098/1098/1029 1127/1127/1029
f 1098/1098/1030 1112/1112/1030 1128/1128/1030
f 1112/1112/1031 1129/1129/1031 1128/1128/1031
f 1102/1102/1032 1085/1085/1032 1130/1130/1032
f 1105/1105/1033 1131/1131/1033 1132/1132/1033
f 1117/1117/1034 1133/1133/1034 1115/1115/1034
f 1116/1116/1035 1106/1106/1035 1134/1134/1035
f 1108/1108/1036 1135/1135/1036 1136/1136/1036
f 1118/1118/1037 1109/1109/1037 1137/1137/1037
f 1119/1119/1038 1138/1138/1038 1137/1137/1038
f 1120/1120/1039 1139/1139/1039 1140/1140/1039
f 1126/1126/1040 1141/1141/1040 1125/1125/1040
f 1129/1129/1041 1142/1142/1041 1128/1128/1041
f 1129/1129/1042 1130/1130/1042 1142/1142/1042
f 1130/1130/1043 1085/1085/1043 1143/1143/1043
f 1114/1114/1044 1113/1113/1044 1144/1144/1044
f 1113/1113/1045 1115/1115/1045 1145/1145/1045
f 1134/1134/1046 1146/1146/1046 1133/1133/1046
f 1134/1134/1047 1136/1136/1047 1147/1147/1047
f 1118/1118/1048 1148/1148/1048 1149/1149/1048
f 1110/1110/1049 1151/1151/1049 1150/1150/1049
f 1140/1140/1050 1152/1152/1050 1151/1151/1050
f 1140/1140/1051 1139/1139/1051 1153/1153/1051
f 1122/1122/1052 1154/1154/1052 1121/1121/1052
f 1123/1123/1053 1155/1155/1053 1154/1154/1053
f 1123/1123/1054 1124/1124/1054 1155/1155/1054
f 1156/1156/1055 1157/1157/1055 1155/1155/1055
f 1126/1126/1056 1158/1158/1056 1141/1141/1056
f 1126/1126/1057 1127/1127/1057 1159/1159/1057
f 1160/1160/1058 1161/1161/1059 1159/1159/1060
f 1128/1128/1061 1142/1142/1061 1162/1162/1061
f 1130/1130/1062 1163/1163/1062 1142/1142/1062
f 1145/1145/1063 1115/1115/1063 1164/1164/1063
f 1115/1115/1064 1133/1133/1064 1164/1164/1064
f 1133/1133/1065 1146/1146/1065 1165/1165/1065
f 1136/1136/1066 1166/1166/1066 1147/1147/1066
f 1136/1136/1067 1167/1167/1068 1166/1166/1069
f 1150/1150/1070 1151/1151/1070 1168/1168/1070
f 1152/1152/1071 1169/1169/1071 1151/1151/1071
f 1121/1121/1072 1154/1154/1072 1153/1153/1072
f 1154/1154/1073 1155/1155/1073 1170/1170/1073
f 1141/1141/1074 1158/1158/1074 1171/1171/1074
f 1159/1159/1060 1161/1161/1059 1171/1171/1075
f 1162/1162/1076 1172/1172/1076 1173/1173/1076
f 1162/1162/1077 1142/1142/1077 1174/1174/1077
f 1163/1163/1078 1175/1175/1078 1176/1176/1078
f 1143/1143/1079 1177/1177/1079 1178/1178/1079
f 1104/1104/1080 1179/1179/1080 1143/1143/1080
f 1145/1145/1081 1164/1164/1081 1144/1144/1081
f 1180/1180/1082 1181/1181/1082 1146/1146/1082
f 1169/1169/1083 1153/1153/1083 1183/1183/1083
f 1170/1170/1084 1157/1157/1084 1184/1184/1084
f 1185/1185/1085 1186/1186/1085 1184/1184/1085
f 1185/1185/1086 1187/1187/1086 1186/1186/1086
f 1171/1171/1087 1188/1188/1087 1187/1187/1087
f 1171/1171/1088 1161/1161/1088 1188/1188/1088
f 1173/1173/1089 1189/1189/1089 1188/1188/1089
f 1131/1131/1090 1190/1190/1090 1132/1132/1090
f 1191/1191/1091 1144/1144/1092 1192/1192/1093
f 1164/1164/1094 1193/1193/1094 1192/1192/1094
f 1147/1147/1095 1194/1194/1095 1181/1181/1095
f 1147/1147/1096 1166/1166/1096 1194/1194/1096
f 1167/1167/1097 1149/1149/1097 1195/1195/1097
f 1149/1149/1098 1148/1148/1098 1196/1196/1098
f 1148/1148/1099 1182/1182/1099 1197/1197/1099
f 1169/1169/1100 1198/1198/1100 1199/1199/1100
f 1169/1169/1101 1183/1183/1101 1198/1198/1101
f 1170/1170/1102 1200/1200/1102 1201/1201/1102
f 1200/1200/1103 1184/1184/1103 1202/1202/1103
f 1186/1186/1104 1203/1203/1104 1202/1202/1104
f 1187/1187/1105 1188/1188/1105 1204/1204/1105
f 1188/1188/1106 1205/1205/1106 1204/1204/1106
f 1174/1174/1107 1206/1206/1107 1172/1172/1107
f 1176/1176/1108 1207/1207/1108 1206/1206/1108
f 1176/1176/1109 1175/1175/1109 1208/1208/1109
f 1166/1166/1110 1167/1167/1110 1195/1195/1110
f 1210/1210/1111 1168/1168/1111 1211/1211/1111
f 1199/1199/1112 1198/1198/1112 1212/1212/1112
f 1201/1201/1113 1213/1213/1113 1212/1212/1113
f 1201/1201/1114 1200/1200/1114 1214/1214/1114
f 1200/1200/1115 1202/1202/1115 1215/1215/1115
f 1202/1202/1116 1216/1216/1116 1215/1215/1116
f 1202/1202/1117 1203/1203/1117 1216/1216/1117
f 1203/1203/1118 1186/1186/1118 1217/1217/1118
f 1186/1186/1119 1204/1204/1119 1218/1218/1119
f 1205/1205/1120 1219/1219/1120 1218/1218/1120
f 1205/1205/1121 1189/1189/1121 1220/1220/1121
f 1189/1189/1122 1172/1172/1123 1221/1221/1124
f 1206/1206/1125 1207/1207/1125 1222/1222/1125
f 1207/1207/1126 1208/1208/1126 1222/1222/1126
f 1208/1208/1127 1178/1178/1127 1223/1223/1127
f 1177/1177/1128 1224/1224/1128 1223/1223/1128
f 1177/1177/1129 1179/1179/1129 1224/1224/1129
f 1132/1132/1130 1225/1225/1130 1224/1224/1130
f 122/122/1131 1/1/1131 3/3/1131
f 2/2/1132 1226/1226/1132 74/74/1132
f 1226/1226/1133 98/98/1133 74/74/1133
f 76/76/1134 4/4/1134 6/6/1134
f 6/6/1135 5/5/1135 8/8/1135
f 7/7/1136 9/9/1136 8/8/1136
f 9/9/1137 1227/1227/1137 11/11/1137
f 1227/1227/1138 12/12/1138 11/11/1138
f 15/15/1139 14/14/1139 18/18/1139
f 19/19/1140 21/21/1140 20/20/1140
f 22/22/1141 21/21/1141 24/24/1141
f 25/25/1142 1228/1228/1142 24/24/1142
f 1228/1228/1143 26/26/1143 24/24/1143
f 26/26/1144 28/28/1144 27/27/1144
f 30/30/1145 31/31/1145 29/29/1145
f 31/31/1146 33/33/1146 32/32/1146
f 34/34/1147 35/35/1147 37/37/1147
f 35/35/1148 40/40/1148 36/36/1148
f 38/38/19 41/41/1149 39/39/20
f 39/39/1150 41/41/1150 43/43/1150
f 44/44/1151 45/45/1151 43/43/1151
f 46/46/1152 45/45/1152 49/49/1152
f 54/54/1153 53/53/1153 56/56/1153
f 56/56/1154 57/57/1154 85/85/1154
f 90/90/1155 58/58/1155 60/60/1155
f 149/149/1156 69/69/1156 70/70/1156
f 120/120/1157 70/70/1158 72/72/1159
f 122/122/1160 3/3/1160 123/123/1160
f 123/123/1161 3/3/1161 73/73/1161
f 74/74/1162 98/98/1162 75/75/1162
f 1229/1229/1163 4/4/1163 99/99/1163
f 77/77/1164 6/6/1164 10/10/1164
f 10/10/1165 11/11/1165 101/101/1165
f 11/11/1166 13/13/1166 79/79/1166
f 13/13/1167 15/15/1167 78/78/1167
f 18/18/1168 17/17/1168 15/15/1168
f 16/16/1169 20/20/1169 80/80/1169
f 22/22/1170 24/24/1170 108/108/1170
f 109/109/1171 29/29/1171 32/32/1171
f 111/111/1172 36/36/1172 82/82/1172
f 36/36/1173 40/40/1173 82/82/1173
f 81/81/1174 40/40/1174 83/83/1174
f 49/49/1175 48/48/1175 46/46/1175
f 51/51/1176 52/52/1176 84/84/1176
f 56/56/1177 85/85/1177 135/135/1177
f 135/135/1178 85/85/1178 87/87/1178
f 88/88/1179 90/90/1179 89/89/1179
f 91/91/83 90/90/1180 60/60/81
f 59/59/1181 1230/1230/1181 92/92/1181
f 1230/1230/1182 93/93/1182 92/92/1182
f 93/93/1183 63/63/1183 94/94/1183
f 95/95/1184 66/66/1184 96/96/1184
f 64/64/1185 68/68/1185 65/65/1185
f 97/97/1186 69/69/1186 149/149/1186
f 149/149/1187 70/70/1158 120/120/1157
f 123/123/1188 73/73/1188 75/75/1188
f 75/75/1189 98/98/1189 100/100/1189
f 98/98/1190 1229/1229/1190 99/99/1190
f 11/11/1191 79/79/1191 102/102/1191
f 103/103/1192 79/79/1192 129/129/1192
f 79/79/1193 78/78/1193 129/129/1193
f 104/104/1194 15/15/1194 105/105/1194
f 20/20/1195 22/22/1195 106/106/1195
f 22/22/1196 108/108/1196 106/106/1196
f 24/24/1197 27/27/1197 108/108/1197
f 27/27/67 29/29/1198 107/107/68
f 37/37/1199 36/36/1199 110/110/1199
f 83/83/1200 39/39/1200 113/113/1200
f 113/113/1201 43/43/1201 1231/1231/1201
f 1231/1231/1202 43/43/1202 114/114/1202
f 114/114/1203 46/46/1203 115/115/1203
f 115/115/1204 48/48/1205 1232/1232/1206
f 48/48/1205 51/51/1207 1232/1232/1206
f 1232/1232/1206 51/51/1207 84/84/1208
f 54/54/1209 56/56/1209 135/135/1209
f 117/117/1210 89/89/1210 137/137/1210
f 94/94/1211 62/62/1211 119/119/1211
f 1233/1233/1212 122/122/1212 124/124/1212
f 125/125/1213 75/75/1213 100/100/1213
f 10/10/1214 101/101/1214 126/126/1214
f 128/128/1215 78/78/1215 104/104/1215
f 105/105/1216 17/17/1216 131/131/1216
f 80/80/1217 106/106/1217 131/131/1217
f 106/106/1218 108/108/1218 132/132/1218
f 132/132/1219 108/108/1219 107/107/1219
f 111/111/1220 82/82/1220 134/134/1220
f 116/116/1221 54/54/1221 136/136/1221
f 136/136/1222 135/135/1222 87/87/1222
f 89/89/53 91/91/52 137/137/1223
f 96/96/1224 65/65/1224 145/145/1224
f 65/65/1225 68/68/1225 140/140/1225
f 68/68/1226 97/97/1226 139/139/1226
f 151/151/1227 149/149/1227 120/120/1227
f 1234/1234/1228 1233/1233/1228 124/124/1228
f 124/124/1229 123/123/1229 125/125/1229
f 100/100/1230 99/99/1230 152/152/1230
f 129/129/1231 128/128/1231 141/141/1231
f 104/104/1232 130/130/1232 142/142/1232
f 65/65/1233 140/140/1233 147/147/1233
f 148/148/1234 97/97/1234 150/150/1234
f 171/171/1235 1234/1234/1236 124/124/1237
f 145/145/1238 147/147/1238 159/159/1238
f 140/140/1239 139/139/1239 154/154/1239
f 171/171/1240 124/124/120 156/156/122
f 125/125/1241 152/152/1241 156/156/1241
f 164/164/1242 141/141/1242 157/157/1242
f 157/157/1243 153/153/1243 158/158/1243
f 142/142/1244 143/143/1244 158/158/1244
f 158/158/1245 143/143/1245 144/144/1245
f 146/146/1246 145/145/1246 167/167/1246
f 161/161/1247 150/150/1247 184/184/1247
f 184/184/1248 150/150/1248 155/155/1248
f 145/145/1249 160/160/1249 166/166/1249
f 147/147/1250 140/140/1250 168/168/1250
f 170/170/1251 148/148/1251 161/161/1251
f 1235/1235/1252 171/171/1252 1236/1236/1252
f 1236/1236/1253 171/171/1253 172/172/1253
f 172/172/1254 156/156/1254 162/162/1254
f 165/165/1255 157/157/1255 174/174/1255
f 157/157/1256 158/158/1256 174/174/1256
f 169/169/1257 170/170/1257 182/182/1257
f 182/182/1258 170/170/1258 176/176/1258
f 170/170/1259 161/161/1259 176/176/1259
f 1237/1237/1260 1235/1235/1260 1236/1236/1260
f 191/191/1261 180/180/1261 181/181/1261
f 165/165/1262 174/174/1262 181/181/1262
f 1238/1238/1263 166/166/1263 1239/1239/1263
f 1240/1240/1264 169/169/1264 183/183/1264
f 182/182/1265 176/176/1265 183/183/1265
f 183/183/1266 176/176/1266 1241/1241/1266
f 1241/1241/1267 176/176/1267 175/175/1267
f 1237/1237/1268 1236/1236/1268 1242/1242/1268
f 162/162/1269 178/178/1269 186/186/1269
f 194/194/1270 181/181/1270 187/187/1270
f 187/187/1271 174/174/1271 188/188/1271
f 1236/1236/1272 172/172/1272 190/190/1272
f 189/189/1273 172/172/147 186/186/149
f 1243/1243/1274 191/191/1274 192/192/1274
f 181/181/1275 194/194/1275 192/192/1275
f 187/187/1276 188/188/1276 195/195/1276
f 190/190/1277 189/189/1277 204/204/1277
f 196/196/1278 186/186/1278 197/197/1278
f 192/192/1279 194/194/1279 199/199/1279
f 194/194/1280 193/193/1280 198/198/1280
f 198/198/1281 193/193/1281 195/195/1281
f 204/204/1282 196/196/1282 207/207/1282
f 206/206/1283 196/196/1283 205/205/1283
f 199/199/1284 198/198/1284 210/210/1284
f 211/211/1285 195/195/1285 212/212/1285
f 195/195/1286 200/200/1286 212/212/1286
f 214/214/1287 206/206/1287 215/215/1287
f 210/210/1288 209/209/1288 216/216/1288
f 209/209/1289 211/211/1289 213/213/1289
f 216/216/1290 209/209/176 220/220/176
f 209/209/1291 213/213/1292 221/221/1293
f 213/213/1292 222/222/1294 221/221/1293
f 207/207/1295 218/218/1295 224/224/1295
f 218/218/1296 214/214/1296 227/227/1296
f 221/221/1297 223/223/1297 229/229/1297
f 220/220/1298 219/219/1298 232/232/1298
f 219/219/1299 228/228/1299 231/231/1299
f 237/237/1300 226/226/1300 230/230/1300
f 228/228/1301 229/229/1301 236/236/1301
f 260/260/1302 237/237/1302 238/238/1302
f 238/238/1303 230/230/1303 234/234/1303
f 231/231/1304 228/228/1304 239/239/1304
f 233/233/1305 237/237/1305 257/257/1305
f 237/237/1306 260/260/1306 257/257/1306
f 245/245/1307 249/249/1307 246/246/1307
f 247/247/1308 1244/1244/1308 248/248/1308
f 1244/1244/1309 270/270/1309 268/268/1309
f 252/252/1310 251/251/1310 254/254/1310
f 291/291/1311 242/242/1311 244/244/1311
f 256/256/1312 1245/1245/1312 294/294/1312
f 257/257/1313 260/260/1313 261/261/1313
f 239/239/1314 240/240/211 262/262/213
f 240/240/1315 241/241/1315 265/265/1315
f 241/241/1316 246/246/1316 265/265/1316
f 249/249/1317 248/248/1317 267/267/1317
f 248/248/1318 1244/1244/1318 266/266/1318
f 1244/1244/1319 268/268/1319 266/266/1319
f 269/269/1320 268/268/1320 271/271/1320
f 271/271/1321 270/270/1321 274/274/1321
f 272/272/1322 250/250/1322 273/273/1322
f 273/273/247 250/250/1323 309/309/248
f 309/309/1324 250/250/1324 275/275/1324
f 275/275/1325 252/252/1325 276/276/1325
f 276/276/1326 254/254/1326 279/279/1326
f 254/254/1327 277/277/1327 279/279/1327
f 283/283/1328 284/284/1328 282/282/1328
f 286/286/1329 287/287/1329 285/285/1329
f 289/289/1330 311/311/1330 288/288/1330
f 311/311/1331 290/290/1331 292/292/1331
f 290/290/1332 242/242/1332 291/291/1332
f 293/293/1333 256/256/1333 295/295/1333
f 299/299/1334 261/261/1334 321/321/1334
f 321/321/1335 261/261/1335 300/300/1335
f 246/246/1336 249/249/1336 302/302/1336
f 267/267/1337 266/266/1337 304/304/1337
f 271/271/1338 274/274/1338 306/306/1338
f 278/278/1339 277/277/1339 281/281/1339
f 336/336/1340 288/288/1340 292/292/1340
f 292/292/1341 291/291/1341 338/338/1341
f 339/339/1342 291/291/1342 312/312/1342
f 255/255/1343 293/293/1343 312/312/1343
f 259/259/1344 258/258/1344 314/314/1344
f 258/258/1345 299/299/1345 313/313/1345
f 299/299/1346 321/321/1346 323/323/1346
f 263/263/1347 262/262/1347 316/316/1347
f 262/262/1348 301/301/239 315/315/1349
f 301/301/239 264/264/238 315/315/1349
f 264/264/1350 265/265/1350 315/315/1350
f 266/266/1351 269/269/1351 317/317/1351
f 317/317/1352 269/269/1352 306/306/1352
f 390/390/1353 307/307/1353 318/318/1353
f 274/274/1354 308/308/1354 318/318/1354
f 319/319/1355 279/279/1355 332/332/1355
f 279/279/1356 278/278/1356 332/332/1356
f 332/332/1357 278/278/1357 320/320/1357
f 281/281/1358 282/282/1358 320/320/1358
f 291/291/1359 339/339/1359 338/338/1359
f 312/312/1360 293/293/1361 353/353/1362
f 313/313/1363 299/299/1363 361/361/1363
f 321/321/1364 300/300/1364 322/322/1364
f 324/324/1365 315/315/1365 365/365/1365
f 365/365/1366 315/315/1367 326/326/1368
f 315/315/1369 265/265/265 326/326/267
f 265/265/1370 302/302/268 325/325/270
f 302/302/268 267/267/1371 327/327/269
f 328/328/1372 303/303/1372 305/305/1372
f 307/307/272 390/390/1373 329/329/273
f 390/390/1374 318/318/1374 330/330/1374
f 308/308/1375 309/309/1375 330/330/1375
f 309/309/1376 319/319/1376 330/330/1376
f 331/331/1377 319/319/1377 333/333/1377
f 334/334/1378 310/310/1378 335/335/1378
f 285/285/1379 288/288/1379 335/335/1379
f 288/288/1380 336/336/1380 335/335/1380
f 341/341/1381 339/339/1381 312/312/1381
f 341/341/1382 312/312/1382 375/375/1382
f 375/375/1383 312/312/1360 353/353/1362
f 313/313/1384 361/361/1384 314/314/1384
f 299/299/1385 323/323/1385 361/361/1385
f 363/363/1386 323/323/1386 322/322/1386
f 324/324/1387 365/365/1387 346/346/1387
f 325/325/1388 327/327/1388 367/367/1388
f 267/267/1389 328/328/1389 327/327/1389
f 305/305/1390 317/317/1390 348/348/1390
f 349/349/290 317/317/289 329/329/293
f 392/392/346 330/330/1391 394/394/347
f 330/330/1392 331/331/1392 394/394/1392
f 350/350/1393 332/332/1393 351/351/1393
f 337/337/1394 338/338/1394 340/340/1394
f 378/378/1395 344/344/1395 343/343/1395
f 359/359/1396 360/360/1396 402/402/1396
f 361/361/1397 323/323/1397 362/362/1397
f 363/363/1398 322/322/1398 382/382/1398
f 365/365/1366 326/326/1368 364/364/1399
f 326/326/1400 325/325/1400 366/366/1400
f 325/325/1401 367/367/1401 366/366/1401
f 327/327/1402 328/328/316 369/369/318
f 328/328/1403 348/348/1403 370/370/1403
f 391/391/342 329/329/1404 390/390/340
f 390/390/1405 330/330/1405 372/372/1405
f 330/330/1406 392/392/344 371/371/343
f 335/335/1407 352/352/1407 373/373/1407
f 340/340/1408 341/341/1408 377/377/1408
f 341/341/1409 375/375/1409 377/377/1409
f 375/375/1410 353/353/1410 355/355/1410
f 1246/1246/1411 1247/1247/1411 1248/1248/1411
f 379/379/1412 343/343/303 359/359/305
f 314/314/307 362/362/309 380/380/1413
f 382/382/1414 322/322/1414 383/383/1414
f 347/347/1415 364/364/1415 385/385/1415
f 364/364/1416 366/366/1416 386/386/1416
f 367/367/337 368/368/1417 387/387/338
f 370/370/1418 348/348/1418 389/389/1418
f 388/388/1419 348/348/1419 329/329/1419
f 396/396/1420 352/352/1420 374/374/1420
f 397/397/1421 340/340/1421 399/399/1421
f 340/340/1422 377/377/1422 398/398/1422
f 376/376/328 375/375/327 355/355/1423
f 344/344/1424 378/378/1424 400/400/1424
f 401/401/1425 378/378/1425 379/379/1425
f 359/359/1426 402/402/1426 379/379/1426
f 402/402/1427 381/381/1427 403/403/1427
f 381/381/1428 380/380/1428 403/403/1428
f 404/404/1429 380/380/1429 405/405/1429
f 362/362/1430 382/382/1430 405/405/1430
f 386/386/1431 366/366/1431 406/406/1431
f 387/387/1432 368/368/1432 406/406/1432
f 368/368/1433 369/369/1433 407/407/1433
f 407/407/1434 369/369/1434 389/389/1434
f 388/388/1435 329/329/368 408/408/370
f 411/411/1436 350/350/1436 413/413/1436
f 350/350/1437 395/395/1437 413/413/1437
f 412/412/1438 395/395/353 396/396/352
f 415/415/1439 374/374/1439 397/397/1439
f 356/356/1440 358/358/1440 430/430/1440
f 358/358/1441 400/400/1441 430/430/1441
f 440/440/1442 400/400/1442 401/401/1442
f 420/420/1443 405/405/1443 421/421/1443
f 382/382/1444 383/383/1444 421/421/1444
f 345/345/1445 1249/1249/1445 383/383/1445
f 422/422/1446 384/384/1446 386/386/1446
f 386/386/1447 406/406/1447 432/432/1447
f 407/407/1448 389/389/1448 451/451/1448
f 451/451/1449 389/389/1449 425/425/1449
f 389/389/365 408/408/367 425/425/1450
f 424/424/1451 391/391/1451 409/409/1451
f 371/371/1452 393/393/1452 410/410/1452
f 393/393/1453 411/411/1453 426/426/1453
f 397/397/1454 399/399/1454 415/415/1454
f 398/398/1455 416/416/1455 427/427/1455
f 400/400/1456 440/440/1456 431/431/1456
f 440/440/1457 401/401/1457 418/418/1457
f 447/447/1458 404/404/1458 420/420/1458
f 406/406/1459 407/407/1459 433/433/1459
f 407/407/1460 451/451/1460 434/434/1460
f 451/451/1461 425/425/1461 452/452/1461
f 455/455/1462 424/424/1462 453/453/1462
f 424/424/1463 409/409/1463 453/453/1463
f 453/453/1464 409/409/1464 435/435/1464
f 372/372/1465 410/410/1465 435/435/1465
f 458/458/1466 411/411/1466 459/459/1466
f 459/459/1467 411/411/1467 413/413/1467
f 438/438/407 412/412/406 439/439/1468
f 439/439/411 414/414/410 462/462/1469
f 462/462/431 414/414/1470 415/415/429
f 461/461/1471 415/415/1471 427/427/1471
f 494/494/1472 427/427/1472 428/428/1472
f 376/376/1473 429/429/1473 466/466/1473
f 431/431/1474 440/440/1474 442/442/1474
f 440/440/1475 418/418/1475 443/443/1475
f 446/446/1476 418/418/1476 419/419/1476
f 419/419/1477 404/404/1477 485/485/1477
f 485/485/1478 404/404/1478 447/447/1478
f 421/421/1479 383/383/1479 467/467/1479
f 422/422/1480 432/432/1480 449/449/1480
f 432/432/1481 433/433/1481 448/448/1481
f 450/450/1482 434/434/1482 452/452/1482
f 425/425/1483 424/424/1483 455/455/1483
f 453/453/1484 435/435/1484 454/454/1484
f 435/435/1485 436/436/1485 456/456/1485
f 456/456/1486 410/410/1486 437/437/1486
f 426/426/1487 411/411/1487 457/457/1487
f 413/413/1488 438/438/1488 460/460/1488
f 428/428/1489 376/376/1489 482/482/1489
f 376/376/1490 466/466/1490 482/482/1490
f 429/429/1491 464/464/433 466/466/435
f 430/430/1492 431/431/1492 442/442/1492
f 469/469/1493 467/467/1493 471/471/1493
f 448/448/1494 433/433/1494 473/473/1494
f 473/473/1495 433/433/1495 450/450/1495
f 450/450/1496 452/452/1496 475/475/1496
f 474/474/1497 452/452/1497 476/476/1497
f 425/425/1498 455/455/1498 476/476/1498
f 477/477/446 455/455/445 478/478/1499
f 478/478/1500 454/454/1500 479/479/1500
f 454/454/1501 435/435/1501 479/479/1501
f 458/458/1502 459/459/1502 480/480/1502
f 438/438/1503 439/439/474 504/504/476
f 481/481/1504 427/427/1504 494/494/1504
f 1250/1250/1505 1251/1251/1505 1252/1252/1505
f 442/442/1506 441/441/1506 483/483/1506
f 484/484/1507 419/419/1507 487/487/1507
f 419/419/1508 485/485/1508 487/487/1508
f 447/447/1509 421/421/1509 486/486/1509
f 421/421/1510 468/468/1510 488/488/1510
f 1253/1253/1511 449/449/439 472/472/441
f 477/477/1512 478/478/1512 490/490/1512
f 459/459/1513 460/460/1513 491/491/1513
f 460/460/1514 438/438/1514 492/492/1514
f 492/492/1515 438/438/1515 504/504/1515
f 439/439/411 462/462/1469 515/515/489
f 462/462/431 461/461/430 515/515/1516
f 515/515/1517 461/461/1517 505/505/1517
f 461/461/1518 463/463/1518 505/505/1518
f 505/505/1519 463/463/1519 481/481/1519
f 428/428/1520 482/482/1520 493/493/1520
f 482/482/1521 465/465/1521 496/496/1521
f 483/483/1522 443/443/1522 499/499/1522
f 445/445/1523 446/446/1523 484/484/1523
f 531/531/1524 488/488/1524 501/501/1524
f 468/468/1525 469/469/1525 501/501/1525
f 503/503/1526 439/439/411 515/515/489
f 506/506/1527 494/494/1527 526/526/1527
f 494/494/1528 493/493/1528 526/526/1528
f 508/508/1529 445/445/1529 509/509/1529
f 484/484/1530 487/487/1530 500/500/1530
f 486/486/1531 488/488/1531 510/510/1531
f 510/510/1532 488/488/1532 531/531/1532
f 531/531/1533 501/501/1533 534/534/1533
f 534/534/1534 501/501/1534 511/511/1534
f 522/522/1535 1254/1254/1535 523/523/1535
f 512/512/1536 492/492/1536 513/513/1536
f 514/514/1537 505/505/1538 516/516/1539
f 517/517/1540 495/495/1540 518/518/1540
f 496/496/1541 497/497/1541 518/518/1541
f 497/497/1542 507/507/1542 519/519/1542
f 498/498/1543 483/483/1543 530/530/1543
f 483/483/1544 499/499/1544 520/520/1544
f 484/484/1545 500/500/1545 521/521/1545
f 521/521/1546 510/510/1546 533/533/1546
f 510/510/1547 531/531/1547 533/533/1547
f 524/524/1548 504/504/1548 503/503/1548
f 506/506/1549 526/526/1549 525/525/1549
f 527/527/1550 526/526/1550 528/528/1550
f 493/493/1551 517/517/1551 528/528/1551
f 517/517/1552 518/518/1552 528/528/1552
f 1255/1255/1553 1256/1256/1553 1257/1257/1553
f 529/529/1554 483/483/1554 520/520/1554
f 520/520/1555 508/508/1555 542/542/1555
f 509/509/1556 484/484/1556 521/521/1556
f 531/531/1557 534/534/1557 532/532/1557
f 535/535/1558 534/534/1558 536/536/1558
f 536/536/1559 511/511/1559 523/523/1559
f 523/523/1560 1254/1254/1560 546/546/1560
f 503/503/1526 515/515/489 514/514/488
f 514/514/1537 516/516/1539 551/551/1561
f 528/528/1562 518/518/1562 537/537/1562
f 571/571/1563 530/530/1563 540/540/1563
f 541/541/1564 520/520/1564 554/554/1564
f 554/554/1565 520/520/1565 542/542/1565
f 543/543/1566 508/508/1566 544/544/1566
f 544/544/1567 533/533/1567 532/532/1567
f 535/535/1568 536/536/1568 545/545/1568
f 547/547/1569 513/513/1569 524/524/1569
f 549/549/1570 514/514/1570 551/551/1570
f 516/516/1571 525/525/1571 550/550/1571
f 553/553/1572 529/529/1572 541/541/1572
f 555/555/1573 542/542/1573 543/543/1573
f 589/589/1574 544/544/1574 556/556/1574
f 532/532/1575 545/545/1575 557/557/1575
f 547/547/1576 524/524/1576 559/559/1576
f 524/524/1577 503/503/1577 558/558/1577
f 550/550/1578 525/525/1578 561/561/1578
f 562/562/1579 527/527/1579 563/563/1579
f 537/537/1580 538/538/1580 563/563/1580
f 538/538/1581 539/539/1581 564/564/1581
f 571/571/1582 540/540/1582 565/565/1582
f 568/568/1583 544/544/1583 589/589/1583
f 557/557/1584 545/545/1584 574/574/1584
f 503/503/518 548/548/517 558/558/1585
f 551/551/1586 561/561/1586 560/560/1586
f 552/552/1587 562/562/1587 580/580/1587
f 571/571/1588 570/570/1588 1258/1258/1588
f 565/565/1589 553/553/1589 541/541/1589
f 589/589/1590 556/556/1590 573/573/1590
f 560/560/1591 561/561/1591 580/580/1591
f 562/562/1592 563/563/1592 581/581/1592
f 563/563/1593 569/569/1593 582/582/1593
f 570/570/1594 572/572/1594 1258/1258/1594
f 584/584/1595 565/565/1595 585/585/1595
f 585/585/1596 541/541/1596 566/566/1596
f 587/587/1597 567/567/1597 588/588/1597
f 590/590/1598 589/589/1598 591/591/1598
f 573/573/1599 574/574/1599 614/614/1599
f 592/592/1600 596/596/1600 595/595/1600
f 576/576/547 578/578/547 604/604/547
f 559/559/1601 558/558/1601 597/597/1601
f 579/579/1602 549/549/1602 599/599/1602
f 549/549/1603 560/560/1603 599/599/1603
f 560/560/1604 580/580/1604 598/598/1604
f 598/598/1605 580/580/1605 608/608/1605
f 608/608/1606 580/580/1606 581/581/1606
f 600/600/1607 582/582/1607 583/583/1607
f 1259/1259/1608 1258/1258/1608 602/602/1608
f 1258/1258/1609 572/572/1609 602/602/1609
f 601/601/1610 572/572/1610 584/584/1610
f 585/585/1611 566/566/1611 586/586/1611
f 586/586/1612 587/587/1612 610/610/1612
f 588/588/1613 568/568/1613 590/590/1613
f 603/603/1614 573/573/1614 614/614/1614
f 598/598/1615 608/608/1615 606/606/1615
f 581/581/1616 600/600/1616 608/608/1616
f 585/585/1617 586/586/1617 611/611/1617
f 610/610/1618 590/590/1618 612/612/1618
f 591/591/1619 603/603/1619 613/613/1619
f 616/616/1620 618/618/1621 617/617/547
f 619/619/547 618/618/547 620/620/547
f 594/594/547 593/593/547 620/620/547
f 597/597/1622 579/579/595 634/634/597
f 606/606/1623 608/608/1623 623/623/1623
f 600/600/1624 609/609/1624 607/607/1624
f 1259/1259/1625 602/602/1625 627/627/1625
f 626/626/1626 602/602/1626 628/628/1626
f 628/628/1627 601/601/1627 629/629/1627
f 629/629/1628 584/584/1628 585/585/1628
f 610/610/1629 612/612/1629 630/630/1629
f 603/603/1630 615/615/1630 631/631/1630
f 620/620/547 621/621/547 644/644/547
f 633/633/1631 597/597/1631 634/634/1631
f 636/636/1632 605/605/1632 623/623/1632
f 637/637/1633 608/608/1633 625/625/1633
f 625/625/587 607/607/587 1260/1260/1634
f 629/629/1635 585/585/1635 654/654/1635
f 660/660/1636 585/585/1636 639/639/1636
f 631/631/1637 617/617/1637 642/642/1637
f 619/619/547 620/620/547 664/664/547
f 620/620/547 644/644/547 664/664/547
f 1261/1261/1638 632/632/1638 645/645/1638
f 635/635/1639 636/636/1639 719/719/1639
f 623/623/1640 637/637/1640 647/647/1640
f 637/637/1641 625/625/1641 648/648/1641
f 627/627/1642 638/638/1642 658/658/1642
f 626/626/1643 628/628/1643 652/652/1643
f 628/628/1644 629/629/1644 653/653/1644
f 629/629/1645 654/654/1645 653/653/1645
f 585/585/1646 660/660/1646 655/655/1646
f 639/639/1647 630/630/1647 640/640/1647
f 640/640/1648 612/612/1648 641/641/1648
f 634/634/1649 635/635/1649 678/678/1649
f 678/678/1650 635/635/1650 719/719/1650
f 648/648/1651 625/625/1651 656/656/1651
f 625/625/1652 1260/1260/1652 657/657/1652
f 657/657/1653 1260/1260/1653 680/680/1653
f 680/680/1654 1260/1260/1654 682/682/1654
f 655/655/1655 660/660/1655 686/686/1655
f 639/639/1656 640/640/1656 661/661/1656
f 640/640/1657 641/641/1657 663/663/1657
f 642/642/1658 619/619/1658 666/666/1658
f 619/619/547 664/664/547 666/666/547
f 633/633/612 646/646/614 668/668/630
f 669/669/1659 634/634/1659 678/678/1659
f 719/719/1660 636/636/1660 670/670/1660
f 647/647/1661 656/656/1661 670/670/1661
f 672/672/1662 656/656/1662 673/673/1662
f 673/673/642 657/657/1663 680/680/643
f 658/658/1664 652/652/1664 699/699/1664
f 684/684/1665 652/652/1665 676/676/1665
f 653/653/1666 655/655/648 676/676/647
f 689/689/1667 663/663/1667 662/662/1667
f 677/677/1668 666/666/1668 665/665/1668
f 664/664/547 667/667/547 665/665/547
f 679/679/1669 678/678/1669 719/719/1669
f 681/681/1670 682/682/1670 1262/1262/1670
f 652/652/1671 684/684/1671 699/699/1671
f 655/655/1672 686/686/1672 685/685/1672
f 686/686/1673 660/660/1673 687/687/1673
f 660/660/1674 659/659/1674 687/687/1674
f 677/677/1675 665/665/1675 691/691/1675
f 665/665/547 667/667/547 693/693/547
f 719/719/1676 670/670/1676 709/709/1676
f 671/671/1677 672/672/1677 695/695/1677
f 696/696/1678 672/672/1678 697/697/1678
f 697/697/1679 673/673/1679 698/698/1679
f 711/711/1680 699/699/1680 683/683/1680
f 676/676/1681 685/685/1681 700/700/1681
f 688/688/1682 661/661/1682 702/702/1682
f 661/661/1683 689/689/1683 702/702/1683
f 689/689/1684 662/662/1684 704/704/1684
f 662/662/1685 690/690/1685 704/704/1685
f 705/705/547 691/691/547 706/706/547
f 665/665/1686 693/693/1686 706/706/1686
f 706/706/1687 693/693/1687 692/692/1687
f 708/708/1688 679/679/1688 719/719/1688
f 712/712/694 683/683/1689 700/700/692
f 702/702/675 703/703/1690 715/715/676
f 706/706/1691 692/692/1691 718/718/1691
f 692/692/681 707/707/547 717/717/682
f 709/709/1692 695/695/1692 752/752/1692
f 752/752/1693 695/695/1693 721/721/1693
f 696/696/1694 697/697/1694 721/721/1694
f 697/697/688 698/698/1695 722/722/689
f 723/723/1696 698/698/1696 710/710/1696
f 731/731/1697 711/711/1697 712/712/1697
f 713/713/1698 687/687/1698 732/732/1698
f 724/724/1699 701/701/1699 714/714/1699
f 725/725/1700 704/704/1700 726/726/1700
f 726/726/1701 690/690/678 716/716/680
f 716/716/547 705/705/547 718/718/547
f 729/729/1702 709/709/1702 752/752/1702
f 752/752/1703 721/721/1703 730/730/1703
f 703/703/1704 725/725/1704 733/733/1704
f 734/734/1705 718/718/1705 727/727/1705
f 735/735/547 717/717/547 749/749/547
f 736/736/1706 720/720/1706 737/737/1706
f 737/737/1707 729/729/1707 752/752/1707
f 738/738/1708 722/722/1708 723/723/1708
f 711/711/1709 731/731/1709 740/740/1709
f 731/731/1710 713/713/1710 740/740/1710
f 713/713/1711 732/732/1711 742/742/1711
f 732/732/1712 724/724/1712 742/742/1712
f 724/724/1713 714/714/1713 743/743/1713
f 714/714/1714 715/715/1714 733/733/1714
f 745/745/1715 725/725/1715 746/746/1715
f 746/746/547 716/716/704 734/734/705
f 734/734/1716 727/727/1716 747/747/1716
f 747/747/547 727/727/547 735/735/547
f 753/753/1717 752/752/1717 754/754/1717
f 754/754/1718 730/730/1718 738/738/1718
f 756/756/1719 742/742/1719 757/757/1719
f 757/757/1720 743/743/1720 744/744/1720
f 733/733/717 745/745/716 766/766/1721
f 734/734/1722 748/748/1723 746/746/1724
f 750/750/547 749/749/547 759/759/547
f 728/728/1725 736/736/1725 751/751/1725
f 760/760/1726 737/737/1726 753/753/1726
f 781/781/1727 753/753/1727 754/754/1727
f 1263/1263/1728 1264/1264/1728 1265/1265/1728
f 762/762/1729 739/739/1729 756/756/1729
f 757/757/1730 744/744/1730 763/763/1730
f 744/744/1731 733/733/1731 765/765/1731
f 733/733/1732 766/766/1732 765/765/1732
f 769/769/547 747/747/547 770/770/547
f 770/770/547 735/735/547 759/759/547
f 736/736/1733 760/760/1733 771/771/1733
f 740/740/1734 762/762/1734 783/783/1734
f 765/765/1735 766/766/1735 787/787/1735
f 767/767/1736 758/758/1736 777/777/1736
f 758/758/1737 768/768/1737 778/778/1737
f 779/779/1738 751/751/1738 790/790/1738
f 771/771/1739 760/760/1739 791/791/1739
f 791/791/1740 760/760/1740 780/780/1740
f 780/780/1741 753/753/1741 781/781/1741
f 782/782/1742 754/754/1742 772/772/1742
f 772/772/1743 761/761/1743 773/773/1743
f 762/762/1744 774/774/1744 784/784/1744
f 774/774/1745 775/775/1745 798/798/1745
f 785/785/1746 763/763/1746 776/776/1746
f 765/765/1747 787/787/1747 786/786/1747
f 751/751/1748 771/771/1748 790/790/1748
f 774/774/1749 798/798/1749 797/797/1749
f 799/799/1750 775/775/1750 820/820/1750
f 775/775/1751 785/785/1751 820/820/1751
f 786/786/1752 787/787/1752 788/788/1752
f 788/788/547 777/777/547 824/824/547
f 777/777/547 778/778/547 824/824/547
f 778/778/1753 768/768/1753 802/802/1753
f 789/789/1754 771/771/1754 792/792/1754
f 791/791/1755 780/780/1755 792/792/1755
f 780/780/1756 781/781/1756 803/803/1756
f 782/782/1757 772/772/1757 804/804/1757
f 846/846/1758 805/805/1758 807/807/1758
f 806/806/1759 1266/1266/1759 1267/1267/1759
f 809/809/1760 811/811/1760 812/812/1760
f 783/783/1761 784/784/1761 1268/1268/1761
f 797/797/1762 798/798/758 799/799/760
f 799/799/1763 820/820/1763 821/821/1763
f 821/821/774 785/785/773 822/822/1764
f 822/822/1765 776/776/1765 800/800/1765
f 800/800/1766 786/786/1766 823/823/1766
f 789/789/1767 792/792/1767 826/826/1767
f 827/827/1768 792/792/1768 828/828/1768
f 780/780/1769 803/803/1769 828/828/1769
f 845/845/1770 804/804/1770 846/846/1770
f 1267/1267/1771 830/830/1771 806/806/1771
f 847/847/1772 830/830/1772 832/832/1772
f 831/831/1773 810/810/1773 809/809/1773
f 812/812/1774 814/814/1774 833/833/1774
f 814/814/1775 813/813/1775 816/816/1775
f 834/834/1776 819/819/1776 835/835/1776
f 819/819/1777 794/794/1777 836/836/1777
f 794/794/1778 837/837/1778 836/836/1778
f 1268/1268/1779 784/784/1779 796/796/1779
f 839/839/1780 797/797/1780 840/840/1780
f 840/840/1781 799/799/1781 855/855/1781
f 799/799/1782 821/821/1782 855/855/1782
f 822/822/1783 800/800/1783 841/841/1783
f 824/824/1784 802/802/1784 842/842/1784
f 802/802/1785 801/801/1785 825/825/1785
f 880/880/1786 790/790/1786 843/843/1786
f 844/844/1787 803/803/1787 845/845/1787
f 845/845/1788 846/846/1788 863/863/1788
f 829/829/1789 806/806/1789 847/847/1789
f 848/848/1790 831/831/1790 849/849/1790
f 849/849/1791 809/809/1791 886/886/1791
f 886/886/1792 809/809/1792 850/850/1792
f 833/833/1793 814/814/1793 851/851/1793
f 851/851/1794 814/814/1794 852/852/1794
f 816/816/1795 818/818/1795 852/852/1795
f 818/818/1796 835/835/1796 852/852/1796
f 1269/1269/1797 1268/1268/1797 890/890/1797
f 1268/1268/1798 796/796/1798 890/890/1798
f 796/796/1799 839/839/1799 890/890/1799
f 856/856/1800 821/821/1800 857/857/1800
f 841/841/1801 823/823/1801 842/842/1801
f 842/842/1802 825/825/1802 878/878/1802
f 858/858/1803 790/790/1803 880/880/1803
f 859/859/1804 826/826/1804 860/860/1804
f 827/827/1805 828/828/1805 861/861/1805
f 828/828/1806 844/844/1806 861/861/1806
f 844/844/1807 845/845/1807 861/861/1807
f 864/864/1808 863/863/1808 865/865/1808
f 846/846/1809 829/829/1809 865/865/1809
f 829/829/1810 867/867/1810 865/865/1810
f 829/829/1811 847/847/1811 866/866/1811
f 847/847/1812 832/832/1812 866/866/1812
f 832/832/1813 848/848/1813 868/868/1813
f 869/869/1814 848/848/1814 870/870/1814
f 870/870/1815 849/849/1815 886/886/1815
f 886/886/1816 850/850/1816 871/871/1816
f 851/851/1817 852/852/1817 872/872/1817
f 836/836/1818 854/854/1818 874/874/1818
f 876/876/1819 840/840/1819 877/877/1819
f 877/877/840 855/855/1820 856/856/841
f 857/857/1821 822/822/1821 841/841/1821
f 858/858/1822 880/880/1822 1270/1270/1822
f 861/861/1823 862/862/1823 882/882/1823
f 864/864/1824 865/865/1824 884/884/1824
f 865/865/1825 867/867/1825 883/883/1825
f 869/869/1826 870/870/1826 885/885/1826
f 887/887/1827 886/886/1827 871/871/1827
f 871/871/1828 872/872/1828 904/904/1828
f 904/904/1829 872/872/1829 888/888/1829
f 852/852/1830 853/853/1830 888/888/1830
f 1269/1269/1831 890/890/1831 892/892/1831
f 891/891/1832 890/890/1832 893/893/1832
f 893/893/1833 839/839/1833 876/876/1833
f 910/910/1834 877/877/1834 894/894/1834
f 894/894/1835 856/856/1835 912/912/1835
f 912/912/1836 856/856/1836 895/895/1836
f 895/895/547 857/857/547 896/896/547
f 841/841/1837 878/878/1837 896/896/1837
f 843/843/1838 859/859/1838 881/881/1838
f 881/881/1839 859/859/1839 897/897/1839
f 860/860/1840 861/861/1840 897/897/1840
f 864/864/1841 884/884/1841 899/899/1841
f 883/883/1842 867/867/1842 898/898/1842
f 867/867/815 866/866/814 900/900/1843
f 866/866/1844 868/868/1844 900/900/1844
f 923/923/1845 885/885/1845 901/901/1845
f 887/887/1846 871/871/1846 902/902/1846
f 903/903/1847 871/871/1847 905/905/1847
f 905/905/1848 904/904/1848 942/942/1848
f 904/904/1849 888/888/1849 942/942/1849
f 873/873/1850 874/874/1850 906/906/1850
f 874/874/1851 889/889/1851 907/907/1851
f 908/908/1852 891/891/1852 893/893/1852
f 893/893/1853 876/876/1853 910/910/1853
f 911/911/1854 894/894/1854 913/913/1854
f 913/913/862 912/912/861 914/914/547
f 955/955/1855 858/858/1855 1270/1270/1855
f 880/880/1856 881/881/1856 934/934/1856
f 881/881/1857 897/897/1857 934/934/1857
f 882/882/831 864/864/830 938/938/1858
f 864/864/1859 899/899/1859 938/938/1859
f 899/899/1860 898/898/1860 919/919/1860
f 898/898/1861 900/900/1861 920/920/1861
f 900/900/1862 868/868/1862 921/921/1862
f 868/868/1863 885/885/1863 921/921/1863
f 923/923/1864 901/901/1864 925/925/1864
f 924/924/1865 901/901/1865 940/940/1865
f 940/940/1866 901/901/1866 902/902/1866
f 942/942/1867 888/888/1867 927/927/1867
f 888/888/1868 906/906/1868 927/927/1868
f 926/926/1869 906/906/1869 929/929/1869
f 906/906/1870 907/907/1870 929/929/1870
f 892/892/1871 891/891/1871 909/909/1871
f 972/972/1872 909/909/1872 908/908/1872
f 908/908/1873 893/893/1873 948/948/1873
f 948/948/1874 893/893/1874 930/930/1874
f 930/930/1875 911/911/1875 950/950/1875
f 911/911/1876 913/913/1876 950/950/1876
f 950/950/1877 913/913/1877 914/914/1877
f 931/931/1878 896/896/1878 933/933/1878
f 896/896/1879 879/879/1879 933/933/1879
f 879/879/547 915/915/547 932/932/547
f 932/932/547 915/915/547 917/917/547
f 955/955/1880 1270/1270/1880 880/880/1880
f 934/934/1881 897/897/877 936/936/879
f 897/897/1882 882/882/1882 937/937/1882
f 882/882/1883 938/938/1883 937/937/1883
f 939/939/1884 902/902/1884 941/941/1884
f 903/903/1885 905/905/1885 941/941/1885
f 941/941/1886 905/905/1886 943/943/1886
f 942/942/1887 927/927/1887 943/943/1887
f 944/944/1888 927/927/1888 926/926/1888
f 929/929/1889 928/928/1889 946/946/1889
f 971/971/1890 892/892/1890 909/909/1890
f 974/974/1891 908/908/1891 948/948/1891
f 930/930/1892 950/950/1892 949/949/1892
f 917/917/1893 916/916/1893 954/954/1893
f 956/956/1894 880/880/1894 935/935/1894
f 937/937/1895 938/938/1895 958/958/1895
f 938/938/1896 919/919/1896 959/959/1896
f 919/919/1897 918/918/1897 960/960/1897
f 918/918/1898 920/920/1898 962/962/1898
f 920/920/1899 921/921/1899 962/962/1899
f 921/921/1900 922/922/1900 1271/1271/1900
f 1271/1271/1901 922/922/1901 963/963/1901
f 925/925/1902 924/924/1902 963/963/1902
f 924/924/1903 940/940/1903 964/964/1903
f 941/941/1904 943/943/1904 965/965/1904
f 944/944/1905 926/926/1905 966/966/1905
f 926/926/1906 945/945/1906 968/968/1906
f 970/970/1907 909/909/1907 972/972/1907
f 950/950/1908 952/952/1908 951/951/1908
f 952/952/547 931/931/547 976/976/547
f 933/933/1909 932/932/1909 976/976/1909
f 932/932/547 917/917/547 977/977/547
f 917/917/547 954/954/547 977/977/547
f 986/986/1910 955/955/1910 956/956/1910
f 957/957/1911 958/958/1911 978/978/1911
f 958/958/1912 959/959/1912 980/980/1912
f 974/974/1913 948/948/1913 981/981/1913
f 981/981/1914 949/949/1914 982/982/1914
f 975/975/1915 951/951/1915 983/983/1915
f 952/952/547 976/976/547 983/983/547
f 984/984/547 976/976/547 977/977/547
f 977/977/547 954/954/547 1001/1001/547
f 1001/1001/547 954/954/547 985/985/547
f 987/987/1916 956/956/1916 988/988/1916
f 935/935/1917 936/936/1918 988/988/1919
f 970/970/1920 972/972/1920 989/989/1920
f 972/972/1921 973/973/1921 989/989/1921
f 973/973/1922 974/974/1922 990/990/1922
f 991/991/1923 974/974/1923 992/992/1923
f 981/981/1924 982/982/1924 993/993/1924
f 991/991/1925 992/992/1925 996/996/1925
f 997/997/1926 993/993/1926 1272/1272/1926
f 1272/1272/1927 993/993/1927 982/982/1927
f 998/998/1928 975/975/1928 994/994/1928
f 999/999/547 983/983/547 984/984/547
f 1000/1000/547 977/977/547 1002/1002/547
f 1002/1002/547 1001/1001/547 1273/1273/547
f 1273/1273/547 1001/1001/547 985/985/547
f 1002/1002/547 1273/1273/547 1000/1000/547
f 1009/1009/1929 1008/1008/1929 1012/1012/1929
f 1012/1012/1930 1008/1008/1930 1274/1274/1930
f 1275/1275/1931 1007/1007/1931 1276/1276/1931
f 1007/1007/1932 1009/1009/1932 1276/1276/1932
f 1276/1276/1933 1009/1009/1933 1011/1011/1933
f 1276/1276/1934 1011/1011/1934 1030/1030/1934
f 1066/1066/1935 1277/1277/1936 1038/1038/1937
f 1024/1024/1938 1027/1027/1938 1060/1060/1938
f 1027/1027/1939 1017/1017/1939 1018/1018/1939
f 1030/1030/1940 1011/1011/1940 1020/1020/1940
f 1011/1011/1941 1010/1010/1941 1020/1020/1941
f 1010/1010/1942 1013/1013/1942 1032/1032/1942
f 1038/1038/1943 1278/1278/1943 1036/1036/1943
f 1016/1016/1944 1015/1015/1944 1046/1046/1944
f 1279/1279/1945 1050/1050/1945 1049/1049/1945
f 1056/1056/1946 1059/1059/1946 1057/1057/1946
f 1025/1025/1947 1024/1024/1947 1060/1060/1947
f 1060/1060/1948 1027/1027/1948 1028/1028/1948
f 1029/1029/1949 1020/1020/1949 1019/1019/1949
f 1076/1076/1950 1019/1019/1950 1031/1031/1950
f 1031/1031/1951 1010/1010/1951 1033/1033/1951
f 1033/1033/1952 1032/1032/1952 1063/1063/1952
f 1063/1063/1953 1032/1032/1953 1035/1035/1953
f 1037/1037/1954 1036/1036/1954 1041/1041/1954
f 1036/1036/1955 1039/1039/1955 1041/1041/1955
f 1042/1042/1956 1044/1044/1956 1043/1043/1956
f 1044/1044/1957 1016/1016/1957 1045/1045/1957
f 1016/1016/1958 1046/1046/1958 1045/1045/1958
f 1070/1070/1959 1049/1049/1959 1051/1051/1959
f 1052/1052/1960 1054/1054/1960 1053/1053/1960
f 1022/1022/964 1056/1056/1961 1055/1055/965
f 1058/1058/1962 1026/1026/1962 1025/1025/1962
f 1060/1060/547 1028/1028/547 1061/1061/547
f 1030/1030/1963 1029/1029/1963 1074/1074/1963
f 1067/1067/1964 1038/1038/1964 1068/1068/1964
f 1068/1068/1965 1037/1037/1965 1099/1099/1965
f 1099/1099/1966 1037/1037/1966 1069/1069/1966
f 1041/1041/1967 1040/1040/1967 1084/1084/1967
f 1053/1053/1968 1054/1054/1968 1071/1071/1968
f 1071/1071/1969 1023/1023/1969 1055/1055/1969
f 1073/1073/1970 1055/1055/1970 1057/1057/1970
f 1057/1057/1971 1059/1059/1971 1073/1073/1971
f 1072/1072/1972 1059/1059/1972 1058/1058/1972
f 1058/1058/1973 1025/1025/1973 1107/1107/1973
f 1025/1025/547 1061/1061/547 1091/1091/547
f 1019/1019/1974 1076/1076/1974 1075/1075/1974
f 1077/1077/1975 1076/1076/1975 1031/1031/1975
f 1078/1078/1976 1063/1063/1976 1079/1079/1976
f 1064/1064/1977 1035/1035/1977 1080/1080/1977
f 1081/1081/1978 1065/1065/1978 1082/1082/1978
f 1082/1082/1979 1066/1066/1979 1067/1067/1979
f 1040/1040/1980 1043/1043/1980 1086/1086/1980
f 1086/1086/1981 1045/1045/1981 1088/1088/1981
f 1045/1045/1982 1047/1047/1982 1088/1088/1982
f 1047/1047/1983 1048/1048/1983 1087/1087/1983
f 1106/1106/1984 1055/1055/1984 1073/1073/1984
f 1107/1107/547 1025/1025/547 1092/1092/547
f 1091/1091/547 1061/1061/1985 1093/1093/1986
f 1031/1031/1987 1062/1062/1987 1094/1094/1987
f 1095/1095/1988 1033/1033/1988 1096/1096/1988
f 1064/1064/1989 1080/1080/1989 1081/1081/1989
f 1097/1097/1990 1067/1067/1990 1098/1098/1990
f 1098/1098/1991 1068/1068/1991 1100/1100/1991
f 1100/1100/1992 1099/1099/1992 1101/1101/1992
f 1069/1069/1993 1083/1083/1993 1101/1101/1993
f 1083/1083/1994 1084/1084/1994 1085/1085/1994
f 1086/1086/1995 1088/1088/1995 1103/1103/1995
f 1105/1105/1996 1087/1087/1996 1280/1280/1996
f 1114/1114/1997 1070/1070/1997 1089/1089/1997
f 1090/1090/1998 1071/1071/1998 1116/1116/1998
f 1116/1116/1999 1071/1071/1999 1106/1106/1999
f 1072/1072/2000 1058/1058/2000 1281/1281/2000
f 1281/1281/2001 1058/1058/1006 1108/1108/1008
f 1091/1091/2002 1093/1093/2002 1109/1109/2002
f 1077/1077/2003 1094/1094/2003 1110/1110/2003
f 1096/1096/2004 1078/1078/2004 1079/1079/2004
f 1064/1064/2005 1081/1081/2005 1079/1079/2005
f 1082/1082/2006 1097/1097/2006 1111/1111/2006
f 1100/1100/2007 1101/1101/2007 1098/1098/2007
f 1053/1053/2008 1090/1090/2008 1089/1089/2008
f 1115/1115/2009 1090/1090/2009 1117/1117/2009
f 1106/1106/2010 1073/1073/2010 1134/1134/2010
f 1073/1073/2011 1072/1072/2011 1134/1134/2011
f 1108/1108/2012 1107/1107/2012 1282/1282/2012
f 1282/1282/2013 1107/1107/2013 1118/1118/2013
f 1118/1118/2014 1092/1092/2014 1109/1109/2014
f 1094/1094/2015 1095/1095/2015 1120/1120/2015
f 1095/1095/2016 1096/1096/2016 1121/1121/2016
f 1123/1123/2017 1096/1096/2017 1124/1124/2017
f 1079/1079/2018 1081/1081/2018 1124/1124/2018
f 1125/1125/2019 1081/1081/2019 1126/1126/2019
f 1111/1111/2020 1097/1097/2020 1127/1127/2020
f 1127/1127/2021 1098/1098/2021 1160/1160/2021
f 1160/1160/2022 1098/1098/2022 1128/1128/2022
f 1112/1112/2023 1102/1102/2023 1129/1129/2023
f 1129/1129/2024 1102/1102/2024 1130/1130/2024
f 1085/1085/2025 1103/1103/2025 1104/1104/2025
f 1105/1105/2026 1280/1280/2026 1131/1131/2026
f 1089/1089/1018 1115/1115/1017 1113/1113/2027
f 1117/1117/2028 1116/1116/2028 1133/1133/2028
f 1133/1133/2029 1116/1116/2029 1134/1134/2029
f 1134/1134/2030 1072/1072/2030 1136/1136/2030
f 1072/1072/2031 1281/1281/2031 1136/1136/2031
f 1281/1281/2032 1108/1108/2032 1136/1136/2032
f 1135/1135/2033 1108/1108/2033 1282/1282/2033
f 1109/1109/2034 1119/1119/2034 1137/1137/2034
f 1110/1110/2035 1120/1120/2035 1140/1140/2035
f 1139/1139/2036 1120/1120/2036 1121/1121/2036
f 1156/1156/2037 1124/1124/2037 1125/1125/2037
f 1126/1126/2038 1111/1111/2038 1127/1127/2038
f 1160/1160/2039 1128/1128/2039 1162/1162/2039
f 1163/1163/2040 1130/1130/2040 1143/1143/2040
f 1085/1085/2041 1104/1104/2041 1143/1143/2041
f 1104/1104/2042 1105/1105/2042 1132/1132/2042
f 1144/1144/2043 1113/1113/2043 1145/1145/2043
f 1146/1146/2044 1134/1134/2044 1180/1180/2044
f 1180/1180/2045 1134/1134/2045 1147/1147/2045
f 1135/1135/2046 1282/1282/2046 1149/1149/2046
f 1282/1282/2047 1118/1118/2047 1149/1149/2047
f 1118/1118/2048 1137/1137/2048 1148/1148/2048
f 1182/1182/2049 1137/1137/2049 1138/1138/2049
f 1110/1110/2050 1140/1140/2050 1151/1151/2050
f 1139/1139/2051 1121/1121/2051 1153/1153/2051
f 1122/1122/2052 1123/1123/2052 1154/1154/2052
f 1124/1124/2053 1156/1156/2053 1155/1155/2053
f 1156/1156/2054 1125/1125/2054 1157/1157/2054
f 1157/1157/2055 1125/1125/2055 1141/1141/2055
f 1158/1158/2056 1126/1126/2056 1159/1159/2056
f 1127/1127/2057 1160/1160/2057 1159/1159/2057
f 1160/1160/2058 1162/1162/2058 1161/1161/2058
f 1104/1104/2059 1132/1132/2059 1179/1179/2059
f 1114/1114/2060 1144/1144/1092 1191/1191/1091
f 1164/1164/2061 1133/1133/2061 1165/1165/2061
f 1136/1136/1067 1135/1135/2062 1167/1167/1068
f 1137/1137/2063 1182/1182/2063 1148/1148/2063
f 1152/1152/2064 1140/1140/2064 1169/1169/2064
f 1169/1169/2065 1140/1140/2065 1153/1153/2065
f 1183/1183/2066 1154/1154/2066 1170/1170/2066
f 1155/1155/2067 1157/1157/2067 1170/1170/2067
f 1157/1157/2068 1141/1141/2068 1185/1185/2068
f 1185/1185/2069 1141/1141/2069 1171/1171/2069
f 1158/1158/2070 1159/1159/2070 1171/1171/2070
f 1161/1161/2071 1162/1162/2071 1173/1173/2071
f 1172/1172/2072 1162/1162/2072 1174/1174/2072
f 1174/1174/2073 1142/1142/2073 1176/1176/2073
f 1142/1142/2074 1163/1163/2074 1176/1176/2074
f 1175/1175/2075 1163/1163/2075 1178/1178/2075
f 1163/1163/2076 1143/1143/2076 1178/1178/2076
f 1180/1180/2077 1147/1147/2077 1181/1181/2077
f 1167/1167/2078 1135/1135/2078 1149/1149/2078
f 1199/1199/2079 1151/1151/2079 1169/1169/2079
f 1153/1153/2080 1154/1154/2080 1183/1183/2080
f 1200/1200/2081 1170/1170/2081 1184/1184/2081
f 1157/1157/2082 1185/1185/2082 1184/1184/2082
f 1185/1185/2083 1171/1171/2083 1187/1187/2083
f 1161/1161/2084 1173/1173/2084 1188/1188/2084
f 1189/1189/1122 1173/1173/2085 1172/1172/1123
f 1143/1143/2086 1179/1179/2086 1177/1177/2086
f 1144/1144/2087 1164/1164/2087 1192/1192/2087
f 1164/1164/2088 1165/1165/2088 1193/1193/2088
f 1165/1165/2089 1146/1146/2089 1283/1283/2089
f 1195/1195/2090 1149/1149/2090 1196/1196/2090
f 1196/1196/2091 1148/1148/2091 1197/1197/2091
f 1197/1197/2092 1182/1182/2092 1209/1209/2092
f 1168/1168/2093 1151/1151/2093 1211/1211/2093
f 1211/1211/2094 1151/1151/2094 1199/1199/2094
f 1198/1198/2095 1183/1183/2095 1201/1201/2095
f 1183/1183/2096 1170/1170/2096 1201/1201/2096
f 1184/1184/2097 1186/1186/2097 1202/1202/2097
f 1186/1186/2098 1187/1187/2098 1204/1204/2098
f 1205/1205/2099 1188/1188/2099 1189/1189/2099
f 1174/1174/2100 1176/1176/2100 1206/1206/2100
f 1207/1207/2101 1176/1176/2101 1208/1208/2101
f 1175/1175/2102 1178/1178/2102 1208/1208/2102
f 1132/1132/2103 1190/1190/2103 1225/1225/2103
f 1193/1193/2104 1165/1165/2104 1283/1283/2104
f 1146/1146/2105 1181/1181/2105 1283/1283/2105
f 1283/1283/2106 1181/1181/2106 1194/1194/2106
f 1211/1211/2107 1199/1199/2107 1212/1212/2107
f 1198/1198/2108 1201/1201/2108 1212/1212/2108
f 1213/1213/2109 1201/1201/2109 1214/1214/2109
f 1214/1214/2110 1200/1200/2110 1215/1215/2110
f 1216/1216/2111 1203/1203/2111 1217/1217/2111
f 1217/1217/2112 1186/1186/2112 1218/1218/2112
f 1204/1204/2113 1205/1205/2113 1218/1218/2113
f 1219/1219/2114 1205/1205/2114 1220/1220/2114
f 1220/1220/2115 1189/1189/2115 1221/1221/2115
f 1221/1221/2116 1172/1172/2116 1206/1206/2116
f 1222/1222/2117 1208/1208/2117 1223/1223/2117
f 1178/1178/2118 1177/1177/2118 1223/1223/2118
f 1179/1179/2119 1132/1132/2119 1224/1224/2119
f 1284/1284/2120 1285/1285/2120 1286/1286/2120
f 1285/1285/2121 1287/1287/2121 1288/1288/2121
f 1288/1288/2122 1287/1287/2122 1289/1289/2122
f 1285/1285/2123 1288/1288/2123 1290/1290/2123
f 1291/1291/2124 1285/1285/2124 1290/1290/2124
f 1290/1290/2125 1288/1288/2125 1292/1292/2125
f 1293/1293/2126 1294/1294/2126 1295/1295/2126
f 1290/1290/2127 1292/1292/2127 1296/1296/2127
f 1293/1293/2128 1297/1297/2128 177/177/2128
f 1296/1296/2129 1292/1292/2130 1298/1298/2131
f 1299/1299/2132 1300/1300/2132 1297/1297/2132
f 1294/1294/2133 1301/1301/2133 1295/1295/2133
f 1302/1302/2134 1303/1303/2134 1304/1304/2134
f 1305/1305/2135 1306/1306/2135 1307/1307/2135
f 1308/1308/2136 1309/1309/2136 1310/1310/2136
f 1309/1309/2137 1311/1311/2137 1310/1310/2137
f 161/161/2138 184/184/2138 175/175/2138
f 1296/1296/2139 1312/1312/2139 1313/1313/2139
f 1296/1296/2140 1298/1298/2140 1312/1312/2140
f 1297/1297/2141 1300/1300/2141 1314/1314/2141
f 1299/1299/2142 1295/1295/2142 1315/1315/2142
f 1316/1316/2143 1317/1317/2143 1318/1318/2143
f 1319/1319/2144 1320/1320/2144 1321/1321/2144
f 1322/1322/2145 1323/1323/2145 1321/1321/2145
f 1324/1324/2146 1325/1325/2146 1326/1326/2146
f 1325/1325/2147 1308/1308/2147 1310/1310/2147
f 1310/1310/2148 1311/1311/2149 1327/1327/2150
f 1312/1312/2151 1328/1328/2151 1313/1313/2151
f 179/179/2152 1297/1297/2152 1329/1329/2152
f 1314/1314/2153 1330/1330/2153 1329/1329/2153
f 1314/1314/2154 1300/1300/2154 1331/1331/2154
f 1316/1316/2155 1332/1332/2155 1333/1333/2155
f 1319/1319/2156 1334/1334/2156 1318/1318/2156
f 1307/1307/2157 1306/1306/2157 1335/1335/2157
f 1326/1326/2158 1336/1336/2158 1337/1337/2158
f 1327/1327/2159 1338/1338/2159 1339/1339/2159
f 1313/1313/2160 1328/1328/2160 1340/1340/2160
f 1315/1315/2161 1341/1341/2161 1331/1331/2161
f 1318/1318/2162 1334/1334/2162 1342/1342/2162
f 1334/1334/2163 1319/1319/2163 1343/1343/2163
f 1319/1319/2164 1321/1321/2164 1343/1343/2164
f 1321/1321/2165 1323/1323/2165 1344/1344/2165
f 1345/1345/2166 1346/1346/2166 1344/1344/2166
f 1307/1307/2167 1347/1347/2167 1346/1346/2167
f 1336/1336/2168 1310/1310/2168 1348/1348/2168
f 1330/1330/2169 1349/1349/2169 1350/1350/2169
f 1341/1341/2170 1351/1351/2170 1349/1349/2170
f 1334/1334/2171 1343/1343/2171 1352/1352/2171
f 1343/1343/2172 1353/1353/2172 1352/1352/2172
f 1346/1346/2173 1347/1347/2173 1354/1354/2173
f 1335/1335/2174 1355/1355/2174 1354/1354/2174
f 1335/1335/2175 1356/1356/2175 1355/1355/2175
f 1357/1357/2176 1358/1358/2176 1359/1359/2176
f 1348/1348/2177 1360/1360/2177 1358/1358/2177
f 1328/1328/2178 1361/1361/2178 1362/1362/2178
f 1363/1363/2179 1350/1350/2179 1364/1364/2179
f 1350/1350/2180 1349/1349/2180 1364/1364/2180
f 1349/1349/2181 1365/1365/2181 1364/1364/2181
f 1349/1349/2182 1351/1351/2182 1366/1366/2182
f 1332/1332/2183 1342/1342/2183 1367/1367/2183
f 1342/1342/2184 1352/1352/2184 1368/1368/2184
f 1346/1346/2185 1369/1369/2185 1353/1353/2185
f 1359/1359/2186 1370/1370/2186 1371/1371/2186
f 1339/1339/2187 203/203/2187 1372/1372/2187
f 1361/1361/2188 1373/1373/2188 1362/1362/2188
f 1363/1363/2189 1364/1364/2189 1374/1374/2189
f 1375/1375/2190 1367/1367/2190 1376/1376/2190
f 1367/1367/2191 1368/1368/2191 1377/1377/2191
f 1368/1368/2192 1352/1352/2192 1378/1378/2192
f 1369/1369/2193 1354/1354/2193 1379/1379/2193
f 1370/1370/2194 1380/1380/2194 1371/1371/2194
f 1381/1381/2195 1382/1382/2195 1380/1380/2195
f 1360/1360/2196 1372/1372/2196 1381/1381/2196
f 1374/1374/2197 1364/1364/2197 1383/1383/2197
f 1378/1378/2198 1369/1369/2198 1384/1384/2198
f 1379/1379/2199 1355/1355/2199 1385/1385/2199
f 1371/1371/2200 1386/1386/2200 1385/1385/2200
f 1371/1371/2201 1380/1380/2201 1386/1386/2201
f 1372/1372/2202 1387/1387/2202 1388/1388/2202
f 203/203/2203 1389/1389/2203 1387/1387/2203
f 1373/1373/2204 1390/1390/2204 1391/1391/2204
f 1361/1361/2205 1392/1392/2205 1390/1390/2205
f 208/208/2206 1383/1383/2206 1393/1393/2206
f 1383/1383/2207 1365/1365/2207 1394/1394/2207
f 1395/1395/2208 1396/1396/2208 1394/1394/2208
f 1376/1376/2209 1377/1377/2209 1397/1397/2209
f 1378/1378/2210 1398/1398/2210 1399/1399/2210
f 1386/1386/2211 1380/1380/2211 1400/1400/2211
f 1380/1380/2212 1382/1382/2212 1400/1400/2212
f 1381/1381/2213 1388/1388/2213 1400/1400/2213
f 1401/1401/2214 1402/1402/2214 1392/1392/2214
f 1403/1403/2215 1393/1393/2215 1404/1404/2215
f 1394/1394/2216 1396/1396/2216 1405/1405/2216
f 1405/1405/2217 1406/1406/2217 1407/1407/2217
f 1408/1408/2218 1409/1409/2218 1410/1410/2218
f 1411/1411/2219 1412/1412/2219 1413/1413/2219
f 1412/1412/2220 1414/1414/2220 1415/1415/2220
f 1416/1416/2221 1417/1417/2221 1415/1415/2221
f 1412/1412/2222 1418/1418/2222 1419/1419/2222
f 1420/1420/2223 1415/1415/2223 1421/1421/2223
f 1415/1415/2224 1417/1417/2224 1421/1421/2224
f 1417/1417/2225 1422/1422/2225 1423/1423/2225
f 1422/1422/2226 1410/1410/2226 1424/1424/2226
f 1418/1418/2227 1420/1420/2227 1425/1425/2227
f 1421/1421/2228 1426/1426/2228 1425/1425/2228
f 1421/1421/2229 1427/1427/2229 1426/1426/2229
f 1417/1417/2230 1423/1423/2230 1427/1427/2230
f 1418/1418/2231 1428/1428/2232 1429/1429/2233
f 1426/1426/2234 1430/1430/2234 1425/1425/2234
f 1426/1426/2235 1427/1427/2235 1431/1431/2235
f 1432/1432/2236 1433/1433/2236 1434/1434/2236
f 1432/1432/2237 1424/1424/2237 1435/1435/2237
f 1428/1428/2238 1436/1436/2238 1437/1437/2238
f 1425/1425/2239 1430/1430/2239 1436/1436/2239
f 1431/1431/2240 1438/1438/2240 1430/1430/2240
f 1433/1433/2241 1435/1435/2241 1439/1439/2241
f 1438/1438/2242 1431/1431/2242 1440/1440/2242
f 1434/1434/2243 1441/1441/2243 1440/1440/2243
f 1434/1434/2244 1433/1433/2244 1442/1442/2244
f 1436/1436/2245 1443/1443/2245 1444/1444/2245
f 1445/1445/2246 1446/1446/2246 1443/1443/2246
f 1445/1445/2247 1438/1438/2247 1447/1447/2247
f 1441/1441/2248 1442/1442/2248 1448/1448/2248
f 1442/1442/2249 1439/1439/2249 1449/1449/2249
f 1450/1450/2250 1444/1444/2250 1451/1451/2250
f 1447/1447/2251 1452/1452/2251 1446/1446/2251
f 1447/1447/2252 1453/1453/2252 1454/1454/2252
f 1440/1440/2253 1441/1441/2253 1455/1455/2253
f 1456/1456/2254 1457/1457/2254 1448/1448/2254
f 1458/1458/2255 1451/1451/2255 1459/1459/2255
f 1451/1451/2256 1460/1460/2256 1459/1459/2256
f 1451/1451/2257 1443/1443/2257 1461/1461/2257
f 1446/1446/2258 1462/1462/2258 1461/1461/2258
f 1446/1446/2259 1452/1452/2259 1462/1462/2259
f 1454/1454/2260 1463/1463/2260 1462/1462/2260
f 1455/1455/2261 1464/1464/2261 1463/1463/2261
f 1461/1461/2262 1462/1462/2262 1465/1465/2262
f 1462/1462/2263 1463/1463/2263 1466/1466/2263
f 1463/1463/2264 1464/1464/2264 1467/1467/2264
f 1468/1468/2265 1469/1469/2265 1470/1470/2265
f 1460/1460/2266 1471/1471/2266 1472/1472/2266
f 1471/1471/2267 1465/1465/2267 1473/1473/2267
f 1474/1474/2268 1466/1466/2268 1475/1475/2268
f 1467/1467/2269 1476/1476/2269 1466/1466/2269
f 1477/1477/2270 1478/1478/2270 1476/1476/2270
f 1472/1472/2271 1479/1479/2271 1480/1480/2271
f 1465/1465/2272 1481/1481/2272 1473/1473/2272
f 1475/1475/2273 1482/1482/2273 1481/1481/2273
f 1475/1475/2274 1466/1466/2274 1483/1483/2274
f 1476/1476/2275 1484/1484/2275 1483/1483/2275
f 1476/1476/2276 1485/1485/2276 1484/1484/2276
f 1470/1470/2277 1469/1469/2277 1486/1486/2277
f 1480/1480/2278 1479/1479/2278 1487/1487/2278
f 1479/1479/2279 1473/1473/2279 1488/1488/2279
f 1473/1473/2280 1481/1481/2280 1489/1489/2280
f 1481/1481/2281 1482/1482/2281 1489/1489/2281
f 1483/1483/2282 1490/1490/2282 1489/1489/2282
f 1486/1486/2283 1480/1480/2283 1491/1491/2283
f 1480/1480/2284 1487/1487/2284 1491/1491/2284
f 1484/1484/2285 1485/1485/2285 1492/1492/2285
f 1493/1493/2286 1494/1494/2286 1495/1495/2286
f 1496/1496/2287 1491/1491/2287 1497/1497/2287
f 1487/1487/2288 1498/1498/2288 1497/1497/2288
f 1487/1487/2289 1488/1488/2289 1499/1499/2289
f 1488/1488/2290 1490/1490/2290 1492/1492/2290
f 1485/1485/2291 1500/1500/2291 1501/1501/2291
f 1495/1495/2292 1502/1502/2292 1503/1503/2292
f 1495/1495/2293 1263/1263/2293 1502/1502/2293
f 1504/1504/2294 1496/1496/2294 1505/1505/2294
f 1496/1496/2295 1497/1497/2295 1506/1506/2295
f 1497/1497/2296 1498/1498/2296 1507/1507/2296
f 1508/1508/2297 1509/1509/2297 1499/1499/2297
f 1508/1508/2298 1492/1492/2298 1510/1510/2298
f 1492/1492/2299 1501/1501/2299 1510/1510/2299
f 1501/1501/2300 1511/1511/2300 1510/1510/2300
f 1500/1500/2301 1503/1503/2301 1511/1511/2301
f 1498/1498/2302 1499/1499/2303 1512/1512/2304
f 1509/1509/2305 1510/1510/2305 1513/1513/2305
f 1510/1510/2306 1511/1511/2306 1513/1513/2306
f 1503/1503/2307 1502/1502/2307 1514/1514/2307
f 1515/1515/2308 1507/1507/2308 1516/1516/2308
f 1509/1509/2309 1517/1517/2309 1512/1512/2309
f 1513/1513/2310 1518/1518/2310 1517/1517/2310
f 1511/1511/2311 1519/1519/2311 1518/1518/2311
f 1511/1511/2312 1514/1514/2312 1520/1520/2312
f 1263/1263/2313 1265/1265/2313 1520/1520/2313
f 1516/1516/2314 1512/1512/2314 1521/1521/2314
f 1519/1519/2315 1520/1520/2315 1522/1522/2315
f 1520/1520/2316 1523/1523/2316 1522/1522/2316
f 1517/1517/2317 813/813/2317 812/812/2317
f 1517/1517/2318 1518/1518/2318 815/815/2318
f 1524/1524/2319 1525/1525/2319 1526/1526/2319
f 1527/1527/2320 1528/1528/2320 1529/1529/2320
f 1530/1530/2321 1531/1531/2321 1532/1532/2321
f 1533/1533/2322 1526/1526/2322 1534/1534/2322
f 1525/1525/2323 1535/1535/2323 1536/1536/2323
f 1529/1529/2324 1528/1528/2324 1537/1537/2324
f 1530/1530/2325 1532/1532/2325 1538/1538/2325
f 1533/1533/2326 1534/1534/2326 1539/1539/2326
f 1536/1536/2327 1540/1540/2327 1525/1525/2327
f 1528/1528/2328 1541/1541/2328 1537/1537/2328
f 1528/1528/2329 1542/1542/2329 1541/1541/2329
f 1543/1543/2330 1538/1538/2330 1544/1544/2330
f 1545/1545/2331 1546/1546/2331 1547/1547/2331
f 995/995/2332 996/996/2332 1548/1548/2332
f 1549/1549/2333 1539/1539/2333 1550/1550/2333
f 1534/1534/2334 1551/1551/2334 1539/1539/2334
f 1525/1525/2335 1552/1552/2335 1551/1551/2335
f 1536/1536/2336 1537/1537/2336 1540/1540/2336
f 1537/1537/2337 1541/1541/2337 1553/1553/2337
f 1538/1538/2338 1554/1554/2338 1555/1555/2338
f 1556/1556/2339 1557/1557/2339 1558/1558/2339
f 1557/1557/2340 1548/1548/2340 1558/1558/2340
f 1540/1540/2341 1553/1553/2341 1559/1559/2341
f 1541/1541/2342 1544/1544/2342 1560/1560/2342
f 1544/1544/2343 1538/1538/2343 1561/1561/2343
f 1562/1562/2344 1546/1546/2344 1563/1563/2344
f 1546/1546/2345 1556/1556/2345 1563/1563/2345
f 1556/1556/2346 1558/1558/2346 1564/1564/2346
f 1548/1548/2347 1565/1565/2347 1566/1566/2347
f 1550/1550/2348 1567/1567/2348 1568/1568/2348
f 1551/1551/2349 1569/1569/2349 1567/1567/2349
f 1570/1570/2350 1552/1552/2350 1571/1571/2350
f 1552/1552/2351 1559/1559/2351 1572/1572/2351
f 1559/1559/2352 1573/1573/2352 1572/1572/2352
f 1559/1559/2353 1553/1553/2353 1573/1573/2353
f 1553/1553/2354 1574/1574/2355 1575/1575/2356
f 1561/1561/2357 1555/1555/2357 1576/1576/2357
f 1563/1563/2358 1577/1577/2358 1562/1562/2358
f 1567/1567/2359 1569/1569/2359 1578/1578/2359
f 1571/1571/2360 1572/1572/2360 1579/1579/2360
f 1573/1573/2361 1580/1580/2361 1572/1572/2361
f 1573/1573/2362 1575/1575/2362 1580/1580/2362
f 1575/1575/2363 1574/1574/2363 1581/1581/2363
f 1564/1564/2364 1548/1548/2364 1582/1582/2364
f 1548/1548/2365 1566/1566/2365 1582/1582/2365
f 1567/1567/2366 1578/1578/2366 1583/1583/2366
f 1579/1579/2367 1584/1584/2367 1585/1585/2367
f 1579/1579/2368 1572/1572/2368 1586/1586/2368
f 1580/1580/2369 1587/1587/2369 1586/1586/2369
f 1580/1580/2370 1575/1575/2370 1587/1587/2370
f 1581/1581/2371 1588/1588/2372 1587/1587/2373
f 1589/1589/2374 1577/1577/2374 1590/1590/2374
f 1577/1577/2375 1591/1591/2375 1590/1590/2375
f 1591/1591/2376 1564/1564/2376 1592/1592/2376
f 1564/1564/2377 1582/1582/2377 1592/1592/2377
f 1582/1582/2378 1593/1593/2378 1592/1592/2378
f 1594/1594/2379 1567/1567/2379 1583/1583/2379
f 1585/1585/2380 1595/1595/2381 1596/1596/2382
f 1585/1585/2383 1584/1584/2383 1597/1597/2383
f 1587/1587/2384 1588/1588/2384 1598/1598/2384
f 1581/1581/2371 1599/1599/2385 1588/1588/2372
f 1581/1581/2386 1560/1560/2386 1600/1600/2386
f 1560/1560/2387 1576/1576/2387 1600/1600/2387
f 1590/1590/2388 1601/1601/2389 1602/1602/2390
f 1590/1590/2388 1603/1603/2391 1601/1601/2389
f 1592/1592/2392 1593/1593/2392 1604/1604/2392
f 1594/1594/2393 1583/1583/2393 1605/1605/2393
f 1583/1583/2394 1596/1596/2394 1605/1605/2394
f 1594/1594/2395 1605/1605/2395 1606/1606/2395
f 1605/1605/2396 1595/1595/2396 1607/1607/2396
f 1595/1595/2397 1597/1597/2397 1277/1277/2397
f 1597/1597/2398 1584/1584/2398 1608/1608/2398
f 1584/1584/2399 1598/1598/2399 1608/1608/2399
f 1588/1588/2400 1278/1278/2400 1608/1608/2400
f 1604/1604/2401 1609/1609/2401 1603/1603/2401
f 1593/1593/2402 1610/1610/2402 1609/1609/2402
f 1285/1285/2403 1284/1284/2403 1287/1287/2403
f 1291/1291/2404 1286/1286/2404 1285/1285/2404
f 1611/1611/2405 1291/1291/2405 1290/1290/2405
f 1612/1612/2406 1291/1291/2406 1611/1611/2406
f 1292/1292/2407 1288/1288/2407 1289/1289/2407
f 1299/1299/2408 1293/1293/2408 1295/1295/2408
f 1611/1611/2409 1290/1290/2409 1296/1296/2409
f 1293/1293/2410 1299/1299/2410 1297/1297/2410
f 1613/1613/2411 1305/1305/2411 1307/1307/2411
f 1612/1612/2412 1611/1611/2412 1313/1313/2412
f 1313/1313/2413 1611/1611/2413 1296/1296/2413
f 1345/1345/2414 1613/1613/2414 1307/1307/2414
f 177/177/2415 1297/1297/2415 179/179/2415
f 1300/1300/2416 1299/1299/2416 1315/1315/2416
f 1317/1317/2417 1319/1319/2418 1318/1318/2419
f 1320/1320/2420 1322/1322/2420 1321/1321/2420
f 1322/1322/2421 1345/1345/2422 1323/1323/2423
f 1306/1306/2424 1614/1614/2424 1356/1356/2424
f 1356/1356/2425 1614/1614/2425 1324/1324/2425
f 1326/1326/2426 1325/1325/2426 1310/1310/2426
f 1327/1327/2150 1311/1311/2149 1338/1338/2427
f 1297/1297/2428 1314/1314/2428 1329/1329/2428
f 1330/1330/2429 1314/1314/2429 1331/1331/2429
f 1331/1331/2430 1300/1300/2430 1315/1315/2430
f 1615/1615/2431 1304/1304/2431 1333/1333/2431
f 1304/1304/2432 1303/1303/2432 1333/1333/2432
f 1303/1303/2433 1316/1316/2433 1333/1333/2433
f 1316/1316/2434 1318/1318/2434 1332/1332/2434
f 1335/1335/2435 1306/1306/2435 1356/1356/2435
f 1356/1356/2436 1324/1324/2436 1337/1337/2436
f 1324/1324/2437 1326/1326/2437 1337/1337/2437
f 1326/1326/2438 1310/1310/2438 1336/1336/2438
f 1612/1612/2439 1313/1313/2439 1340/1340/2439
f 178/178/2440 179/179/2440 1329/1329/2440
f 1350/1350/2441 1329/1329/2441 1330/1330/2441
f 1615/1615/2442 1333/1333/2442 1616/1616/2442
f 1616/1616/2443 1333/1333/2443 1332/1332/2443
f 1332/1332/2444 1318/1318/2444 1342/1342/2444
f 1343/1343/2445 1321/1321/2445 1344/1344/2445
f 1323/1323/2446 1345/1345/2446 1344/1344/2446
f 1345/1345/2447 1307/1307/2447 1346/1346/2447
f 1307/1307/2448 1335/1335/2448 1347/1347/2448
f 1356/1356/2449 1337/1337/2449 1357/1357/2449
f 1337/1337/2450 1336/1336/2450 1348/1348/2450
f 1310/1310/2451 1327/1327/2451 1348/1348/2451
f 1348/1348/2452 1327/1327/2452 1339/1339/2452
f 1241/1241/2453 175/175/2453 1617/1617/2453
f 1340/1340/2454 1328/1328/2454 1362/1362/2454
f 1328/1328/2455 1312/1312/2455 1361/1361/2455
f 1312/1312/2456 1618/1618/2456 1361/1361/2456
f 178/178/2457 1329/1329/2457 1363/1363/2457
f 1363/1363/2458 1329/1329/2458 1350/1350/2458
f 1330/1330/2459 1331/1331/2459 1349/1349/2459
f 1331/1331/2460 1341/1341/2460 1349/1349/2460
f 1619/1619/2461 1616/1616/2461 1375/1375/2461
f 1375/1375/2462 1616/1616/2462 1332/1332/2462
f 1342/1342/2463 1334/1334/2463 1352/1352/2463
f 1343/1343/2464 1344/1344/2465 1353/1353/2466
f 1347/1347/2467 1335/1335/2467 1354/1354/2467
f 1356/1356/2468 1357/1357/2468 1359/1359/2468
f 1357/1357/2469 1337/1337/2469 1358/1358/2469
f 1337/1337/2470 1348/1348/2470 1358/1358/2470
f 1348/1348/2471 1339/1339/2471 1360/1360/2471
f 1361/1361/2472 1618/1618/2472 1620/1620/2472
f 1365/1365/2473 1349/1349/2473 1366/1366/2473
f 1621/1621/2474 1619/1619/2474 1375/1375/2474
f 1375/1375/2475 1332/1332/2475 1367/1367/2475
f 1367/1367/2476 1342/1342/2476 1368/1368/2476
f 1344/1344/2465 1346/1346/2477 1353/1353/2466
f 1369/1369/2478 1346/1346/2478 1354/1354/2478
f 1355/1355/2479 1356/1356/2479 1371/1371/2479
f 1356/1356/2480 1359/1359/2480 1371/1371/2480
f 1359/1359/2481 1358/1358/2481 1370/1370/2481
f 1358/1358/2482 1360/1360/2482 1381/1381/2482
f 1360/1360/2483 1339/1339/2483 1372/1372/2483
f 1365/1365/2484 1366/1366/2484 1395/1395/2484
f 1621/1621/2485 1375/1375/2485 1622/1622/2485
f 1622/1622/2486 1375/1375/2486 1376/1376/2486
f 1376/1376/2487 1367/1367/2487 1377/1377/2487
f 1352/1352/2488 1353/1353/2488 1378/1378/2488
f 1378/1378/2489 1353/1353/2489 1369/1369/2489
f 1354/1354/2490 1355/1355/2490 1379/1379/2490
f 1370/1370/2491 1358/1358/2491 1380/1380/2491
f 1358/1358/2492 1381/1381/2492 1380/1380/2492
f 1391/1391/2493 1362/1362/2493 1373/1373/2493
f 208/208/2494 1374/1374/2494 1383/1383/2494
f 1364/1364/2495 1365/1365/2495 1383/1383/2495
f 1621/1621/2496 1622/1622/2496 1623/1623/2496
f 1377/1377/2497 1368/1368/2497 1378/1378/2497
f 1624/1624/2498 1378/1378/2498 1384/1384/2498
f 1384/1384/2499 1369/1369/2499 1379/1379/2499
f 1355/1355/2500 1371/1371/2500 1385/1385/2500
f 1381/1381/2501 1372/1372/2501 1388/1388/2501
f 1372/1372/2502 203/203/2502 1387/1387/2502
f 1373/1373/2503 1361/1361/2503 1390/1390/2503
f 1361/1361/2504 1620/1620/2504 1392/1392/2504
f 1620/1620/2505 1401/1401/2505 1392/1392/2505
f 1403/1403/2506 208/208/2506 1393/1393/2506
f 1393/1393/2507 1383/1383/2507 1394/1394/2507
f 1365/1365/2508 1395/1395/2508 1394/1394/2508
f 1625/1625/2509 1623/1623/2509 1622/1622/2509
f 1626/1626/2510 1622/1622/2510 1376/1376/2510
f 1397/1397/2511 1377/1377/2511 1399/1399/2511
f 1377/1377/2512 1378/1378/2512 1399/1399/2512
f 1398/1398/2513 1378/1378/2513 1624/1624/2513
f 1382/1382/2514 1381/1381/2514 1400/1400/2514
f 1393/1393/2515 1394/1394/2515 1404/1404/2515
f 1404/1404/2516 1394/1394/2516 1405/1405/2516
f 1625/1625/2517 1622/1622/2517 1626/1626/2517
f 1392/1392/2518 1402/1402/2518 1627/1627/2518
f 1404/1404/2519 1405/1405/2519 1407/1407/2519
f 1391/1391/2520 1390/1390/2520 1628/1628/2520
f 1390/1390/2521 1392/1392/2521 1628/1628/2521
f 1420/1420/2522 1412/1412/2522 1415/1415/2522
f 1414/1414/2523 1416/1416/2523 1415/1415/2523
f 1417/1417/2524 1416/1416/2524 1422/1422/2524
f 1416/1416/2525 1410/1410/2525 1422/1422/2525
f 1410/1410/2526 1629/1629/2526 1630/1630/2526
f 1413/1413/2527 1412/1412/2527 1419/1419/2527
f 1412/1412/2528 1420/1420/2528 1418/1418/2528
f 1423/1423/2529 1422/1422/2529 1432/1432/2529
f 1432/1432/2530 1422/1422/2530 1424/1424/2530
f 1424/1424/2531 1410/1410/2531 1631/1631/2531
f 1631/1631/2532 1410/1410/2532 1630/1630/2532
f 1419/1419/2533 1418/1418/2231 1429/1429/2233
f 1420/1420/2534 1421/1421/2534 1425/1425/2534
f 1421/1421/2535 1417/1417/2535 1427/1427/2535
f 1418/1418/2536 1425/1425/2536 1428/1428/2536
f 1430/1430/2537 1426/1426/2537 1431/1431/2537
f 1427/1427/2538 1423/1423/2538 1431/1431/2538
f 1431/1431/2539 1423/1423/2539 1434/1434/2539
f 1423/1423/2540 1432/1432/2540 1434/1434/2540
f 1433/1433/2541 1432/1432/2541 1435/1435/2541
f 1429/1429/2542 1428/1428/2542 1437/1437/2542
f 1428/1428/2543 1425/1425/2543 1436/1436/2543
f 1436/1436/2544 1430/1430/2544 1445/1445/2544
f 1430/1430/2545 1438/1438/2545 1445/1445/2545
f 1447/1447/2546 1438/1438/2546 1440/1440/2546
f 1431/1431/2547 1434/1434/2547 1440/1440/2547
f 1441/1441/2548 1434/1434/2548 1442/1442/2548
f 1433/1433/2549 1439/1439/2549 1442/1442/2549
f 1436/1436/2550 1445/1445/2550 1443/1443/2550
f 1446/1446/2551 1445/1445/2551 1447/1447/2551
f 1447/1447/2552 1440/1440/2552 1453/1453/2552
f 1448/1448/2553 1442/1442/2553 1449/1449/2553
f 1451/1451/2554 1444/1444/2554 1443/1443/2554
f 1452/1452/2555 1447/1447/2555 1454/1454/2555
f 1453/1453/2556 1440/1440/2556 1454/1454/2556
f 1454/1454/2557 1440/1440/2557 1455/1455/2557
f 1441/1441/2558 1448/1448/2558 1455/1455/2558
f 1449/1449/2559 1456/1456/2559 1448/1448/2559
f 1460/1460/2560 1451/1451/2560 1461/1461/2560
f 1443/1443/2561 1446/1446/2561 1461/1461/2561
f 1452/1452/2562 1454/1454/2562 1462/1462/2562
f 1454/1454/2563 1455/1455/2563 1463/1463/2563
f 1455/1455/2564 1448/1448/2564 1464/1464/2564
f 1464/1464/2565 1448/1448/2565 1477/1477/2565
f 1468/1468/2566 1632/1632/2566 1469/1469/2566
f 1469/1469/2567 1459/1459/2567 1460/1460/2567
f 1460/1460/2568 1461/1461/2568 1471/1471/2568
f 1471/1471/2569 1461/1461/2569 1465/1465/2569
f 1465/1465/2570 1462/1462/2570 1474/1474/2570
f 1474/1474/2571 1462/1462/2571 1466/1466/2571
f 1466/1466/2572 1463/1463/2572 1467/1467/2572
f 1467/1467/2573 1464/1464/2573 1476/1476/2573
f 1464/1464/2574 1477/1477/2574 1476/1476/2574
f 1469/1469/2575 1460/1460/2575 1472/1472/2575
f 1472/1472/2576 1471/1471/2576 1473/1473/2576
f 1465/1465/2577 1474/1474/2577 1475/1475/2577
f 1469/1469/2578 1472/1472/2578 1480/1480/2578
f 1479/1479/2579 1472/1472/2579 1473/1473/2579
f 1465/1465/2580 1475/1475/2580 1481/1481/2580
f 1482/1482/2581 1475/1475/2581 1483/1483/2581
f 1466/1466/2582 1476/1476/2582 1483/1483/2582
f 1476/1476/2583 1478/1478/2583 1485/1485/2583
f 1478/1478/2584 1633/1633/2584 1634/1634/2584
f 1486/1486/2585 1469/1469/2585 1480/1480/2585
f 1488/1488/2586 1473/1473/2586 1489/1489/2586
f 1482/1482/2587 1483/1483/2587 1489/1489/2587
f 1483/1483/2588 1484/1484/2588 1490/1490/2588
f 1634/1634/2589 1633/1633/2589 1495/1495/2589
f 1633/1633/2590 1635/1635/2590 1495/1495/2590
f 1496/1496/2591 1486/1486/2591 1491/1491/2591
f 1487/1487/2592 1479/1479/2592 1488/1488/2592
f 1489/1489/2593 1490/1490/2593 1488/1488/2593
f 1490/1490/2594 1484/1484/2594 1492/1492/2594
f 1634/1634/2595 1495/1495/2595 1500/1500/2595
f 1504/1504/2596 1486/1486/2596 1496/1496/2596
f 1491/1491/2597 1487/1487/2597 1497/1497/2597
f 1498/1498/2302 1487/1487/2598 1499/1499/2303
f 1499/1499/2599 1488/1488/2599 1508/1508/2599
f 1508/1508/2600 1488/1488/2600 1492/1492/2600
f 1492/1492/2601 1485/1485/2601 1501/1501/2601
f 1500/1500/2602 1495/1495/2602 1503/1503/2602
f 1505/1505/2603 1496/1496/2603 1506/1506/2603
f 1506/1506/2604 1497/1497/2604 1507/1507/2604
f 1509/1509/2605 1508/1508/2605 1510/1510/2605
f 1501/1501/2606 1500/1500/2606 1511/1511/2606
f 1263/1263/2607 1636/1636/2607 1264/1264/2607
f 1515/1515/2608 1506/1506/2608 1507/1507/2608
f 1507/1507/2609 1498/1498/2609 1512/1512/2609
f 1499/1499/2610 1509/1509/2610 1512/1512/2610
f 1511/1511/2611 1503/1503/2611 1514/1514/2611
f 1516/1516/2612 1507/1507/2612 1512/1512/2612
f 1509/1509/2613 1513/1513/2613 1517/1517/2613
f 1513/1513/2614 1511/1511/2614 1518/1518/2614
f 1519/1519/2615 1511/1511/2615 1520/1520/2615
f 1514/1514/2616 1502/1502/2616 1520/1520/2616
f 1502/1502/2617 1263/1263/2617 1520/1520/2617
f 1512/1512/2618 1517/1517/2618 1521/1521/2618
f 1520/1520/2619 1265/1265/2619 1523/1523/2619
f 1521/1521/2620 1517/1517/2620 812/812/2620
f 813/813/2621 1517/1517/2621 815/815/2621
f 1518/1518/2622 1522/1522/2623 815/815/2624
f 1637/1637/2625 1530/1530/2625 1543/1543/2625
f 1532/1532/2626 1531/1531/2626 1638/1638/2626
f 1639/1639/2627 1533/1533/2627 1549/1549/2627
f 1526/1526/2628 1525/1525/2628 1534/1534/2628
f 1535/1535/2629 1529/1529/2629 1536/1536/2629
f 1543/1543/2630 1530/1530/2630 1538/1538/2630
f 1549/1549/2631 1533/1533/2631 1539/1539/2631
f 1536/1536/2632 1529/1529/2632 1537/1537/2632
f 1541/1541/2633 1542/1542/2633 1544/1544/2633
f 1542/1542/2634 1543/1543/2634 1544/1544/2634
f 1538/1538/2635 1532/1532/2635 1554/1554/2635
f 1546/1546/2636 1545/1545/2636 1556/1556/2636
f 1545/1545/2637 1557/1557/2637 1556/1556/2637
f 1557/1557/2638 995/995/2638 1548/1548/2638
f 1548/1548/2639 996/996/2639 1565/1565/2639
f 1639/1639/2640 1549/1549/2640 1550/1550/2640
f 1534/1534/2641 1525/1525/2641 1551/1551/2641
f 1525/1525/2642 1540/1540/2642 1552/1552/2642
f 1540/1540/2643 1537/1537/2643 1553/1553/2643
f 1547/1547/2644 1546/1546/2644 1562/1562/2644
f 1539/1539/2645 1551/1551/2645 1550/1550/2645
f 1551/1551/2646 1552/1552/2646 1570/1570/2646
f 1552/1552/2647 1540/1540/2647 1559/1559/2647
f 1553/1553/2648 1541/1541/2648 1574/1574/2648
f 1574/1574/2649 1541/1541/2649 1560/1560/2649
f 1560/1560/2650 1544/1544/2650 1561/1561/2650
f 1561/1561/2651 1538/1538/2651 1555/1555/2651
f 1563/1563/2652 1556/1556/2652 1564/1564/2652
f 1564/1564/2653 1558/1558/2653 1548/1548/2653
f 1550/1550/2654 1551/1551/2654 1567/1567/2654
f 1551/1551/2655 1570/1570/2655 1569/1569/2655
f 1569/1569/2656 1570/1570/2656 1579/1579/2656
f 1579/1579/2657 1570/1570/2657 1571/1571/2657
f 1571/1571/2658 1552/1552/2658 1572/1572/2658
f 1573/1573/2659 1553/1553/2354 1575/1575/2356
f 1577/1577/2660 1563/1563/2660 1591/1591/2660
f 1591/1591/2661 1563/1563/2661 1564/1564/2661
f 1578/1578/2662 1569/1569/2662 1585/1585/2662
f 1585/1585/2663 1569/1569/2663 1579/1579/2663
f 1574/1574/2664 1560/1560/2664 1581/1581/2664
f 1560/1560/2665 1561/1561/2665 1576/1576/2665
f 1589/1589/2666 1562/1562/2666 1577/1577/2666
f 1594/1594/2667 1568/1568/2667 1567/1567/2667
f 1583/1583/2668 1578/1578/2668 1596/1596/2668
f 1596/1596/2382 1578/1578/2669 1585/1585/2380
f 1584/1584/2670 1579/1579/2670 1586/1586/2670
f 1572/1572/2671 1580/1580/2671 1586/1586/2671
f 1575/1575/2672 1581/1581/2672 1587/1587/2672
f 1602/1602/2673 1589/1589/2673 1590/1590/2673
f 1590/1590/2674 1591/1591/2674 1603/1603/2674
f 1603/1603/2675 1591/1591/2675 1592/1592/2675
f 1582/1582/2676 1566/1566/2676 1593/1593/2676
f 1595/1595/2677 1585/1585/2677 1597/1597/2677
f 1584/1584/2678 1586/1586/2678 1598/1598/2678
f 1586/1586/2679 1587/1587/2679 1598/1598/2679
f 1599/1599/2680 1581/1581/2680 1600/1600/2680
f 1600/1600/2681 1576/1576/2681 1640/1640/2681
f 1603/1603/2682 1592/1592/2682 1604/1604/2682
f 1605/1605/2683 1596/1596/2683 1595/1595/2683
f 1588/1588/2684 1599/1599/2684 1641/1641/2684
f 1604/1604/2685 1593/1593/2685 1609/1609/2685
f 1607/1607/2686 1595/1595/2686 1277/1277/2686
f 1277/1277/2687 1597/1597/2687 1608/1608/2687
f 1278/1278/2688 1588/1588/2688 1641/1641/2688
f 1599/1599/2689 1600/1600/2689 1642/1642/2689
f 1601/1601/2690 1603/1603/2690 1643/1643/2690
f 1593/1593/2691 1644/1644/2691 1610/1610/2691
f 1603/1603/2692 1609/1609/2692 1643/1643/2692
f 1645/1645/2693 1646/1646/2693 1647/1647/2693
f 1648/1648/2694 1/1/2694 122/122/2694
f 1646/1646/2695 1648/1648/2695 1647/1647/2695
f 1287/1287/2696 1649/1649/2696 1650/1650/2696
f 1649/1649/2697 1651/1651/2698 1650/1650/2699
f 1649/1649/2700 1645/1645/2700 1652/1652/2700
f 1650/1650/2699 1651/1651/2698 1653/1653/2701
f 1647/1647/2702 122/122/2702 1233/1233/2702
f 76/76/2703 1654/1654/2704 152/152/2705
f 101/101/2706 1655/1655/2706 126/126/2706
f 109/109/2707 1656/1656/2707 1657/1657/2707
f 32/32/2708 110/110/2708 1656/1656/2708
f 111/111/2709 134/134/2709 133/133/2709
f 84/84/2710 116/116/2711 1658/1658/2712
f 91/91/2713 118/118/2714 1659/1659/2715
f 1650/1650/2716 1653/1653/2716 1289/1289/2716
f 77/77/2717 126/126/2717 1660/1660/2717
f 105/105/2718 131/131/2718 1661/1661/2718
f 131/131/2719 1662/1662/2719 1661/1661/2719
f 132/132/2720 107/107/2720 1657/1657/2720
f 110/110/2721 133/133/2721 1663/1663/2721
f 81/81/2722 1664/1664/2722 134/134/2722
f 1231/1231/2723 1665/1665/2723 1666/1666/2723
f 114/114/2724 115/115/2725 1667/1667/2726
f 115/115/2725 1232/1232/2727 1667/1667/2726
f 84/84/2728 1668/1668/2728 1667/1667/2728
f 87/87/2729 117/117/2729 1669/1669/2729
f 91/91/2713 1670/1670/2730 137/137/2731
f 94/94/2732 1671/1671/2733 118/118/2734
f 96/96/2735 146/146/2736 1672/1672/2737
f 1653/1653/2738 1652/1652/2739 1673/1673/2740
f 1654/1654/2741 1293/1293/2741 163/163/2741
f 1294/1294/2742 77/77/2742 1674/1674/2742
f 1660/1660/2743 1655/1655/2743 1675/1675/2743
f 1655/1655/2744 127/127/2744 164/164/2744
f 1662/1662/2745 1676/1676/2745 1661/1661/2745
f 134/134/2746 1664/1664/2746 1302/1302/2746
f 113/113/2747 1677/1677/2747 1678/1678/2747
f 1665/1665/2748 1231/1231/2748 1679/1679/2748
f 1231/1231/2749 1667/1667/2749 1679/1679/2749
f 1668/1668/2750 1658/1658/2751 1680/1680/2752
f 1658/1658/2753 136/136/2753 1681/1681/2753
f 136/136/2754 87/87/2754 1682/1682/2754
f 138/138/2755 1670/1670/2755 1669/1669/2755
f 138/138/2756 137/137/2756 1670/1670/2756
f 119/119/2757 1672/1672/2758 1671/1671/2759
f 1653/1653/2738 1673/1673/2740 1683/1683/2760
f 1675/1675/2761 1655/1655/2762 1684/1684/2763
f 1661/1661/2764 1685/1685/2764 1686/1686/2764
f 1676/1676/2765 1687/1687/2765 1685/1685/2765
f 1656/1656/2766 1688/1688/2766 1687/1687/2766
f 1656/1656/2767 1689/1689/2768 1688/1688/2769
f 1689/1689/2770 1663/1663/2770 1690/1690/2770
f 1664/1664/2771 1317/1317/2771 1302/1302/2771
f 1677/1677/2772 1613/1613/2772 1691/1691/2772
f 1667/1667/2773 1668/1668/2773 1308/1308/2773
f 1668/1668/2774 1680/1680/2774 1309/1309/2774
f 1670/1670/2775 1659/1659/2775 1692/1692/2775
f 1692/1692/2776 118/118/2776 1693/1693/2776
f 1671/1671/2777 1694/1694/2777 1693/1693/2777
f 146/146/2778 167/167/2778 1695/1695/2778
f 1289/1289/2779 1653/1653/2779 1292/1292/2779
f 1294/1294/2780 1674/1674/2780 1301/1301/2780
f 1674/1674/2781 1675/1675/2781 1301/1301/2781
f 1675/1675/2761 1684/1684/2763 1301/1301/2782
f 1684/1684/2783 164/164/2783 180/180/2783
f 1687/1687/2784 1688/1688/2784 1685/1685/2784
f 1689/1689/2785 1696/1696/2786 1688/1688/2787
f 1663/1663/2788 1697/1697/2788 1690/1690/2788
f 1302/1302/2789 1317/1317/2789 1303/1303/2789
f 1678/1678/2790 1691/1691/2790 1322/1322/2790
f 1305/1305/2791 1698/1698/2791 1699/1699/2791
f 1698/1698/2792 1667/1667/2792 1325/1325/2792
f 1680/1680/2793 1681/1681/2793 1311/1311/2793
f 1681/1681/2794 1682/1682/2794 1700/1700/2794
f 1682/1682/2795 1669/1669/2795 1701/1701/2795
f 1669/1669/2796 1670/1670/2796 1702/1702/2796
f 163/163/2797 177/177/2797 162/162/2797
f 1301/1301/2798 180/180/2798 1703/1703/2798
f 1686/1686/2799 1704/1704/2799 173/173/2799
f 1688/1688/2800 1705/1705/2800 1706/1706/2800
f 1696/1696/2801 1690/1690/2801 1707/1707/2801
f 1690/1690/2802 1708/1708/2802 1707/1707/2802
f 1709/1709/2803 1304/1304/2803 1697/1697/2803
f 1678/1678/2804 1320/1320/2804 1319/1319/2804
f 1678/1678/2805 1322/1322/2805 1320/1320/2805
f 1691/1691/2806 1345/1345/2422 1322/1322/2421
f 1699/1699/2807 1324/1324/2807 1614/1614/2807
f 1699/1699/2808 1325/1325/2808 1324/1324/2808
f 1702/1702/2809 1710/1710/2809 1701/1701/2809
f 1692/1692/2810 1711/1711/2810 1710/1710/2810
f 1693/1693/2811 1712/1712/2811 1711/1711/2811
f 1694/1694/2812 1695/1695/2812 1713/1713/2812
f 168/168/2813 1714/1714/2813 160/160/2813
f 1295/1295/2814 1301/1301/2814 1703/1703/2814
f 1703/1703/2815 180/180/2815 1715/1715/2815
f 1704/1704/2816 1706/1706/2816 1716/1716/2816
f 1706/1706/2817 1705/1705/2817 1716/1716/2817
f 1696/1696/2818 1717/1717/2818 1705/1705/2818
f 1697/1697/2819 1304/1304/2820 1708/1708/2821
f 1311/1311/2822 1700/1700/2822 1718/1718/2822
f 1700/1700/2823 1719/1719/2823 1718/1718/2823
f 1701/1701/2824 1710/1710/2824 1720/1720/2824
f 1694/1694/2825 1721/1721/2825 1722/1722/2825
f 166/166/2826 160/160/2826 1239/1239/2826
f 169/169/2827 1240/1240/2827 1714/1714/2827
f 1298/1298/2828 1618/1618/2828 1312/1312/2828
f 1235/1235/2829 1242/1242/2829 1723/1723/2829
f 1703/1703/2830 1715/1715/2830 1724/1724/2830
f 1705/1705/2831 1717/1717/2831 1725/1725/2831
f 1717/1717/2832 1707/1707/2832 1726/1726/2832
f 1708/1708/2833 1727/1727/2833 1726/1726/2833
f 1708/1708/2834 1615/1615/2834 1727/1727/2834
f 1708/1708/2835 1304/1304/2835 1615/1615/2835
f 1719/1719/2836 1701/1701/2836 1728/1728/2836
f 1701/1701/2837 1720/1720/2837 1728/1728/2837
f 1711/1711/2838 1729/1729/2838 1720/1720/2838
f 1712/1712/2839 1730/1730/2839 1729/1729/2839
f 1731/1731/2840 166/166/2840 1732/1732/2840
f 1239/1239/2841 160/160/2841 1714/1714/2841
f 183/183/2842 1733/1733/2842 1734/1734/2842
f 1242/1242/2843 1236/1236/2843 190/190/2843
f 1315/1315/2844 1703/1703/2844 1341/1341/2844
f 1724/1724/2845 191/191/2845 1243/1243/2845
f 1716/1716/2846 1735/1735/2846 1736/1736/2846
f 1717/1717/2847 1726/1726/2847 1735/1735/2847
f 1727/1727/2848 1615/1615/2848 1619/1619/2848
f 1615/1615/2849 1616/1616/2849 1619/1619/2849
f 1339/1339/2850 1718/1718/2850 201/201/2850
f 1718/1718/2851 1719/1719/2851 201/201/2851
f 1719/1719/2852 1737/1737/2852 201/201/2852
f 1719/1719/2853 1728/1728/2853 1737/1737/2853
f 1721/1721/2854 1738/1738/2854 1739/1739/2854
f 1721/1721/2855 1740/1740/2855 1738/1738/2855
f 1721/1721/2856 1731/1731/2856 1741/1741/2856
f 1731/1731/2857 1732/1732/2857 1742/1742/2857
f 1732/1732/2858 1238/1238/2858 1743/1743/2858
f 1239/1239/2859 1714/1714/2859 1744/1744/2859
f 1240/1240/2860 1734/1734/2860 1714/1714/2860
f 185/185/2861 1745/1745/2861 1617/1617/2861
f 1242/1242/2862 1746/1746/2862 1747/1747/2862
f 1748/1748/2863 1749/1749/2863 1351/1351/2863
f 192/192/2864 199/199/2864 1750/1750/2864
f 1735/1735/2865 1751/1751/2865 1736/1736/2865
f 1735/1735/2866 1752/1752/2866 1751/1751/2866
f 1735/1735/2867 1726/1726/2867 1753/1753/2867
f 1726/1726/2868 1727/1727/2868 1754/1754/2868
f 201/201/2869 1737/1737/2869 1755/1755/2869
f 1728/1728/2870 1756/1756/2870 1737/1737/2870
f 1729/1729/2871 1757/1757/2871 1756/1756/2871
f 1729/1729/2872 1730/1730/2873 1758/1758/2874
f 1739/1739/2875 1759/1759/2875 1758/1758/2875
f 1742/1742/2876 1743/1743/2877 1760/1760/2878
f 1239/1239/2879 1744/1744/2879 1760/1760/2879
f 1744/1744/2880 1714/1714/2880 1761/1761/2880
f 1714/1714/2881 1734/1734/2881 1762/1762/2881
f 1734/1734/2882 1733/1733/2882 1763/1763/2882
f 1733/1733/2883 1764/1764/2883 1617/1617/2883
f 1617/1617/2884 1765/1765/2884 1766/1766/2884
f 1617/1617/2885 1745/1745/2885 1765/1765/2885
f 1723/1723/2886 1401/1401/2886 1618/1618/2886
f 1723/1723/2887 1747/1747/2887 1401/1401/2887
f 1746/1746/2888 1767/1767/2888 1747/1747/2888
f 190/190/2889 204/204/2889 1767/1767/2889
f 1351/1351/2890 1749/1749/2890 1768/1768/2890
f 1749/1749/2891 1750/1750/2891 1768/1768/2891
f 1752/1752/2892 1735/1735/2892 1769/1769/2892
f 1735/1735/2893 1753/1753/2893 1770/1770/2893
f 1753/1753/2894 1754/1754/2894 1771/1771/2894
f 1619/1619/2895 1621/1621/2895 1771/1771/2895
f 202/202/2896 1755/1755/2896 1772/1772/2896
f 1737/1737/2897 1756/1756/2897 1772/1772/2897
f 1739/1739/2898 1738/1738/2898 1759/1759/2898
f 1741/1741/2899 1773/1773/2899 1740/1740/2899
f 1741/1741/2900 1742/1742/2900 1774/1774/2900
f 1617/1617/2901 1766/1766/2901 1763/1763/2901
f 1745/1745/2902 1775/1775/2902 1765/1765/2902
f 1745/1745/2903 1776/1776/2903 1775/1775/2903
f 1618/1618/2904 1401/1401/2904 1620/1620/2904
f 1747/1747/2905 1767/1767/2905 1777/1777/2905
f 197/197/2906 1374/1374/2906 208/208/2906
f 197/197/2907 1363/1363/2907 1374/1374/2907
f 1768/1768/2908 1778/1778/2908 1366/1366/2908
f 1750/1750/2909 1779/1779/2909 1768/1768/2909
f 1750/1750/2910 1780/1780/2910 1779/1779/2910
f 199/199/2911 210/210/2911 1780/1780/2911
f 200/200/2912 1751/1751/2912 1781/1781/2912
f 1769/1769/2913 1770/1770/2913 1782/1782/2913
f 1770/1770/2914 1771/1771/2914 1783/1783/2914
f 1756/1756/2915 1784/1784/2915 1772/1772/2915
f 1756/1756/2916 1757/1757/2916 1784/1784/2916
f 1757/1757/2917 1758/1758/2917 1785/1785/2917
f 1758/1758/2918 1759/1759/2918 1786/1786/2918
f 1738/1738/2919 1740/1740/2919 1786/1786/2919
f 1773/1773/2920 1787/1787/2920 1740/1740/2920
f 1760/1760/2921 1788/1788/2922 1774/1774/2923
f 1760/1760/2924 1761/1761/2924 1788/1788/2924
f 1761/1761/2925 1762/1762/2925 1789/1789/2925
f 1762/1762/2926 1790/1790/2926 1791/1791/2926
f 1763/1763/2927 1792/1792/2927 1791/1791/2927
f 1776/1776/2928 1793/1793/2928 1775/1775/2928
f 1767/1767/2929 1794/1794/2929 1402/1402/2929
f 204/204/2930 207/207/2930 1794/1794/2930
f 1366/1366/2931 1396/1396/2931 1395/1395/2931
f 1768/1768/2932 1779/1779/2932 1778/1778/2932
f 1780/1780/2933 210/210/2933 217/217/2933
f 1782/1782/2934 1795/1795/2934 1769/1769/2934
f 1621/1621/2935 1623/1623/2935 1783/1783/2935
f 1796/1796/2936 1797/1797/2936 1389/1389/2936
f 1796/1796/2937 1772/1772/2937 1784/1784/2937
f 1798/1798/2938 1757/1757/2938 1799/1799/2938
f 1757/1757/2939 1785/1785/2939 1799/1799/2939
f 1786/1786/2940 1800/1800/2941 1785/1785/2942
f 1786/1786/2943 1740/1740/2943 1801/1801/2943
f 1761/1761/2944 1802/1802/2944 1788/1788/2944
f 1791/1791/2945 1792/1792/2945 1803/1803/2945
f 1792/1792/2946 1763/1763/2946 1804/1804/2946
f 1763/1763/2947 1766/1766/2947 1805/1805/2947
f 1766/1766/2948 1765/1765/2948 1805/1805/2948
f 1765/1765/2949 1775/1775/2949 1806/1806/2949
f 1775/1775/2950 1793/1793/2950 1806/1806/2950
f 1779/1779/2951 1780/1780/2951 1807/1807/2951
f 213/213/2952 212/212/2952 1808/1808/2952
f 1795/1795/2953 1783/1783/2953 1809/1809/2953
f 1624/1624/2954 1384/1384/2954 1810/1810/2954
f 1379/1379/2955 1811/1811/2955 1810/1810/2955
f 1796/1796/2956 1812/1812/2956 1797/1797/2956
f 1784/1784/2957 1813/1813/2957 1812/1812/2957
f 1757/1757/2958 1798/1798/2958 1813/1813/2958
f 1799/1799/2959 1785/1785/2959 1814/1814/2959
f 1800/1800/2960 1801/1801/2960 1815/1815/2960
f 1801/1801/2961 1787/1787/2961 1816/1816/2961
f 1788/1788/2962 1802/1802/2962 1817/1817/2962
f 1802/1802/2963 1789/1789/2964 1803/1803/2965
f 207/207/2966 225/225/2966 1818/1818/2966
f 1778/1778/2967 1819/1819/2967 1405/1405/2967
f 217/217/2968 216/216/2968 1820/1820/2968
f 222/222/2969 1808/1808/2969 223/223/2969
f 1808/1808/2970 1821/1821/2970 223/223/2970
f 1781/1781/2971 1769/1769/2971 1821/1821/2971
f 1795/1795/2972 1822/1822/2972 1821/1821/2972
f 1795/1795/2973 1809/1809/2973 1822/1822/2973
f 1626/1626/2974 1376/1376/2974 1823/1823/2974
f 1398/1398/2975 1624/1624/2975 1824/1824/2975
f 1624/1624/2976 1810/1810/2976 1825/1825/2976
f 1386/1386/2977 1826/1826/2977 1811/1811/2977
f 1797/1797/2978 1812/1812/2978 1827/1827/2978
f 1798/1798/2979 1828/1828/2979 1829/1829/2979
f 1798/1798/2980 1799/1799/2980 1828/1828/2980
f 1830/1830/2981 1785/1785/2981 1831/1831/2981
f 1785/1785/2942 1800/1800/2941 1831/1831/2982
f 1817/1817/2983 1832/1832/2983 1833/1833/2983
f 1792/1792/2984 1834/1834/2985 1803/1803/2986
f 1804/1804/2987 1835/1835/2987 1834/1834/2987
f 1806/1806/2988 1836/1836/2988 1835/1835/2988
f 1402/1402/2989 1837/1837/2989 1627/1627/2990
f 1794/1794/2991 1838/1838/2991 1837/1837/2991
f 215/215/2992 1403/1403/2992 227/227/2992
f 1819/1819/2993 1839/1839/2993 1406/1406/2993
f 1820/1820/2994 1840/1840/2994 1819/1819/2994
f 1820/1820/2995 1841/1841/2995 1840/1840/2995
f 216/216/2996 220/220/2996 1841/1841/2996
f 1821/1821/2997 1842/1842/2997 1843/1843/2997
f 1844/1844/2998 1845/1845/2998 1846/1846/2998
f 1844/1844/2999 1625/1625/2999 1847/1847/2999
f 1823/1823/3000 1399/1399/3000 1848/1848/3000
f 1399/1399/3001 1398/1398/3001 1824/1824/3001
f 1811/1811/3002 1849/1849/3002 1810/1810/3002
f 1826/1826/3003 1400/1400/3003 1850/1850/3003
f 1400/1400/3004 1851/1851/3004 1850/1850/3004
f 1387/1387/3005 1852/1852/3005 1851/1851/3005
f 1389/1389/3006 1827/1827/3006 1853/1853/3006
f 1828/1828/3007 1854/1854/3007 1829/1829/3007
f 1828/1828/3008 1814/1814/3008 1854/1854/3008
f 1814/1814/3009 1830/1830/3009 1854/1854/3009
f 1830/1830/3010 1831/1831/3010 1855/1855/3010
f 1816/1816/3011 1833/1833/3011 1856/1856/3011
f 1833/1833/3012 1832/1832/3012 1857/1857/3012
f 1803/1803/3013 1834/1834/3013 1858/1858/3013
f 1834/1834/3014 1859/1859/3014 1858/1858/3014
f 1835/1835/3015 1860/1860/3015 1859/1859/3015
f 1861/1861/3016 1862/1862/3016 1863/1863/3016
f 1794/1794/3017 1818/1818/3017 1838/1838/3017
f 1839/1839/3018 1819/1819/3018 1840/1840/3018
f 1843/1843/3019 235/235/3019 229/229/3019
f 1843/1843/3020 1842/1842/3020 235/235/3020
f 1822/1822/3021 1846/1846/3021 1864/1864/3021
f 1847/1847/3022 1865/1865/3022 1866/1866/3022
f 1847/1847/3023 1626/1626/3023 1867/1867/3023
f 1626/1626/3024 1848/1848/3024 1868/1868/3024
f 1824/1824/3025 1825/1825/3025 1869/1869/3025
f 1851/1851/3026 1852/1852/3026 1850/1850/3026
f 1853/1853/3027 1870/1870/3027 1852/1852/3027
f 1827/1827/3028 1871/1871/3028 1870/1870/3028
f 1827/1827/3029 1872/1872/3029 1871/1871/3029
f 1812/1812/3030 1873/1873/3031 1872/1872/3032
f 1829/1829/3033 1874/1874/3033 1873/1873/3033
f 1829/1829/3034 1854/1854/3034 1875/1875/3034
f 1854/1854/3035 1855/1855/3035 1875/1875/3035
f 1855/1855/3036 1815/1815/3036 1876/1876/3036
f 1877/1877/3037 1878/1878/3037 1876/1876/3037
f 1857/1857/3038 1879/1879/3038 1856/1856/3038
f 1857/1857/3039 1832/1832/3039 1880/1880/3039
f 1832/1832/3040 1803/1803/3040 1881/1881/3040
f 1858/1858/3041 1882/1882/3041 1881/1881/3041
f 1835/1835/3042 1883/1883/3042 1860/1860/3042
f 1884/1884/3043 1863/1863/3044 1885/1885/3045
f 1392/1392/3046 1627/1627/3046 1886/1886/3046
f 1818/1818/3047 1887/1887/3047 1838/1838/3047
f 224/224/3048 233/233/3048 1818/1818/3048
f 227/227/3049 1403/1403/3049 1888/1888/3049
f 1403/1403/3050 1407/1407/3050 1889/1889/3050
f 1839/1839/3051 1840/1840/3051 1406/1406/3051
f 1841/1841/3052 1890/1890/3052 1891/1891/3052
f 220/220/3053 232/232/3053 1890/1890/3053
f 235/235/3054 1842/1842/3054 245/245/3054
f 1842/1842/3055 1892/1892/3055 245/245/3055
f 1892/1892/3056 1842/1842/3056 247/247/3056
f 1822/1822/3057 1893/1893/3057 247/247/3057
f 1864/1864/3058 1846/1846/3058 1894/1894/3058
f 1846/1846/3059 1866/1866/3059 1894/1894/3059
f 1865/1865/3060 1867/1867/3060 250/250/3060
f 1868/1868/3061 1848/1848/3061 253/253/3061
f 1849/1849/3062 1826/1826/3062 1895/1895/3062
f 1850/1850/3063 1852/1852/3063 1896/1896/3063
f 1852/1852/3064 1897/1897/3064 1896/1896/3064
f 1852/1852/3065 1898/1898/3065 1897/1897/3065
f 1873/1873/3066 290/290/3066 1872/1872/3066
f 1873/1873/3067 242/242/3067 290/290/3067
f 1829/1829/3068 1245/1245/3068 1874/1874/3068
f 1875/1875/3069 1855/1855/3069 1899/1899/3069
f 1855/1855/3070 1876/1876/3070 1900/1900/3070
f 1856/1856/3071 1901/1901/3072 1878/1878/3073
f 1879/1879/3074 1857/1857/3074 1880/1880/3074
f 1859/1859/3075 1902/1902/3075 1882/1882/3075
f 1860/1860/3076 1883/1883/3076 1902/1902/3076
f 1885/1885/3077 1863/1863/3077 1903/1903/3077
f 1863/1863/3078 1862/1862/3078 1903/1903/3078
f 1838/1838/3079 1887/1887/3079 1904/1904/3079
f 1818/1818/3080 1905/1905/3080 1887/1887/3080
f 1406/1406/3081 1906/1906/3081 1889/1889/3081
f 1840/1840/3082 1891/1891/3082 1906/1906/3082
f 232/232/3083 231/231/3084 1907/1907/3085
f 1892/1892/3086 247/247/3086 249/249/3086
f 1893/1893/3087 1244/1244/3087 247/247/3087
f 1894/1894/3088 1865/1865/3088 272/272/3088
f 1867/1867/3089 1868/1868/3089 251/251/3089
f 1908/1908/3090 254/254/3090 253/253/3090
f 1895/1895/3091 284/284/3091 283/283/3091
f 1896/1896/3092 1897/1897/3092 1895/1895/3092
f 1898/1898/3093 287/287/3093 286/286/3093
f 1898/1898/3094 289/289/3094 287/287/3094
f 1898/1898/3095 1870/1870/3095 289/289/3095
f 1872/1872/3096 290/290/3096 1871/1871/3096
f 1829/1829/3097 1875/1875/3097 294/294/3097
f 1875/1875/3098 1899/1899/3098 294/294/3098
f 1880/1880/3099 1909/1909/3099 1901/1901/3099
f 1883/1883/3100 1885/1885/3100 1910/1910/3100
f 1862/1862/3101 1911/1911/3101 1912/1912/3101
f 1913/1913/3102 1914/1914/3102 1911/1911/3102
f 1627/1627/3103 1915/1915/3103 1886/1886/3103
f 1627/1627/3104 1904/1904/3104 1915/1915/3104
f 233/233/3105 1916/1916/3105 1905/1905/3105
f 233/233/3106 257/257/3106 1916/1916/3106
f 234/234/3107 1917/1917/3107 1918/1918/3107
f 1888/1888/3108 1889/1889/3108 1919/1919/3108
f 1891/1891/3109 1920/1920/3109 1921/1921/3109
f 1891/1891/3110 1890/1890/3110 1922/1922/3110
f 1907/1907/3111 231/231/3111 239/239/3111
f 1894/1894/3112 274/274/3112 270/270/3112
f 254/254/3113 1869/1869/3113 277/277/3113
f 1849/1849/3114 280/280/3114 277/277/3114
f 1849/1849/3115 283/283/3115 280/280/3115
f 1895/1895/3116 1897/1897/3116 286/286/3116
f 1871/1871/3117 290/290/3117 311/311/3117
f 243/243/3118 1874/1874/3118 256/256/3118
f 1874/1874/3119 1245/1245/3119 256/256/3119
f 294/294/3120 1899/1899/3120 1923/1923/3120
f 1900/1900/3121 1924/1924/3121 1925/1925/3121
f 1900/1900/3122 1876/1876/3122 1926/1926/3122
f 1880/1880/3123 1881/1881/3123 296/296/3123
f 1883/1883/3124 1927/1927/3124 1928/1928/3124
f 1886/1886/3125 1929/1929/3125 1628/1628/3125
f 1886/1886/3126 1915/1915/3126 1929/1929/3126
f 1904/1904/3127 1930/1930/3127 1915/1915/3127
f 1904/1904/3128 1931/1931/3128 1930/1930/3128
f 1905/1905/3129 1932/1932/3129 1887/1887/3129
f 1905/1905/3130 1916/1916/3130 1932/1932/3130
f 257/257/3131 259/259/3131 1916/1916/3131
f 1917/1917/3132 1919/1919/3132 1933/1933/3132
f 1919/1919/3133 1934/1934/3133 1933/1933/3133
f 1922/1922/3134 1935/1935/3134 1920/1920/3134
f 239/239/3135 263/263/3135 1936/1936/3135
f 294/294/3136 1923/1923/3136 1937/1937/3136
f 1901/1901/3137 1938/1938/3137 1939/1939/3137
f 1909/1909/3138 1880/1880/3138 298/298/3138
f 296/296/3139 1940/1940/3139 1941/1941/3139
f 1940/1940/3140 1902/1902/3140 1942/1942/3140
f 1927/1927/3141 1912/1912/3141 1943/1943/3141
f 1911/1911/3142 1944/1944/3142 1943/1943/3142
f 1887/1887/3143 1932/1932/3143 1931/1931/3143
f 1934/1934/3144 1906/1906/3144 1921/1921/3144
f 1920/1920/3145 1935/1935/3146 1945/1945/3145
f 1935/1935/3147 1946/1946/3147 1945/1945/3147
f 1936/1936/3148 263/263/3148 1946/1946/3148
f 1937/1937/3149 1923/1923/3149 295/295/3149
f 1924/1924/3150 1926/1926/3150 1947/1947/3150
f 1939/1939/3151 1938/1938/3151 1948/1948/3151
f 1941/1941/3152 1949/1949/3152 298/298/3152
f 1927/1927/3153 1950/1950/3153 1942/1942/3153
f 1951/1951/3154 1952/1952/3154 1953/1953/3154
f 1915/1915/3155 1954/1954/3155 1929/1929/3155
f 1930/1930/3156 1955/1955/3157 357/357/3158
f 1931/1931/3159 1932/1932/3159 1955/1955/3159
f 259/259/3160 314/314/3160 1956/1956/3160
f 1957/1957/3161 1958/1958/3162 300/300/3163
f 1934/1934/3164 1959/1959/3164 1958/1958/3164
f 1921/1921/3165 1960/1960/3165 1959/1959/3165
f 1946/1946/3166 263/263/3166 316/316/3166
f 293/293/3167 295/295/3167 1961/1961/3167
f 295/295/3168 1923/1923/3168 1961/1961/3168
f 1962/1962/3169 1939/1939/3169 1963/1963/3169
f 1948/1948/3170 1964/1964/3170 1965/1965/3170
f 1966/1966/3171 1967/1967/3171 1965/1965/3171
f 298/298/3172 1968/1968/3172 1967/1967/3172
f 298/298/3173 1949/1949/3173 1968/1968/3173
f 1942/1942/3174 1950/1950/3174 1969/1969/3174
f 1943/1943/3175 1970/1970/3175 1969/1969/3175
f 1943/1943/3176 1944/1944/3176 1971/1971/3176
f 1954/1954/3177 356/356/3177 1929/1929/3177
f 1955/1955/3178 344/344/3178 357/357/3178
f 1955/1955/3179 1932/1932/3179 342/342/3179
f 1932/1932/3180 360/360/3180 342/342/3180
f 1916/1916/3181 1956/1956/3181 360/360/3181
f 300/300/3182 1958/1958/3182 1972/1972/3182
f 1958/1958/3183 1973/1973/3183 1972/1972/3183
f 1958/1958/3184 1959/1959/3184 1973/1973/3184
f 1960/1960/3185 1974/1974/3185 1973/1973/3185
f 1945/1945/3186 1975/1975/3186 1976/1976/3186
f 1946/1946/3187 1977/1977/3187 1975/1975/3187
f 1946/1946/3188 316/316/3188 1978/1978/3188
f 316/316/3189 324/324/3189 1978/1978/3189
f 353/353/3190 1961/1961/3190 354/354/3190
f 1947/1947/3191 1979/1979/3191 1980/1980/3191
f 1947/1947/3192 1962/1962/3192 1979/1979/3192
f 1948/1948/3193 1981/1981/3193 1963/1963/3193
f 1967/1967/3194 1968/1968/3194 1982/1982/3194
f 1949/1949/3195 1983/1983/3195 1984/1984/3195
f 1985/1985/3196 1969/1969/3196 1986/1986/3196
f 1953/1953/3197 1952/1952/3197 1987/1987/3197
f 1956/1956/3198 381/381/3198 402/402/3198
f 1972/1972/3199 1988/1988/3199 345/345/3199
f 1973/1973/3200 1989/1989/3200 1988/1988/3200
f 1976/1976/3201 1975/1975/3201 1974/1974/3201
f 1978/1978/3202 1990/1990/3203 1977/1977/3204
f 324/324/3205 347/347/3205 1990/1990/3205
f 1961/1961/3206 1248/1248/3207 354/354/3208
f 1961/1961/3209 1247/1247/3209 1246/1246/3209
f 1965/1965/3210 1967/1967/3210 1991/1991/3210
f 1984/1984/3211 1983/1983/3211 1992/1992/3211
f 1969/1969/3212 1970/1970/3212 1993/1993/3212
f 1970/1970/3213 1971/1971/3213 1994/1994/3213
f 1987/1987/3214 1995/1995/3214 1994/1994/3214
f 1988/1988/3215 1989/1989/3215 1996/1996/3215
f 1974/1974/3216 1975/1975/3216 1997/1997/3216
f 1977/1977/3204 1990/1990/3203 1997/1997/3217
f 1247/1247/3218 1980/1980/3218 1998/1998/3218
f 1980/1980/3219 1979/1979/3220 1999/1999/3221
f 1981/1981/3222 2000/2000/3222 2001/2001/3222
f 1982/1982/3223 1984/1984/3223 2002/2002/3223
f 1983/1983/3224 2003/2003/3224 2002/2002/3224
f 1986/1986/3225 2004/2004/3225 2003/2003/3225
f 1994/1994/3226 1995/1995/3226 2005/2005/3226
f 1988/1988/3227 2006/2006/3227 1249/1249/3227
f 1988/1988/3228 1996/1996/3228 2007/2007/3228
f 1997/1997/3229 2008/2008/3230 1996/1996/3231
f 1997/1997/3232 1990/1990/3232 2009/2009/3232
f 1990/1990/3233 347/347/3233 385/385/3233
f 355/355/3234 1248/1248/3234 2010/2010/3234
f 2001/2001/3235 2000/2000/3235 2011/2011/3235
f 2000/2000/3236 1991/1991/3236 2012/2012/3236
f 1982/1982/3237 2013/2013/3237 2012/2012/3237
f 2014/2014/3238 2015/2015/3238 2013/2013/3238
f 2002/2002/3239 2016/2016/3239 2015/2015/3239
f 2002/2002/3240 2017/2017/3240 2016/2016/3240
f 2004/2004/3241 1993/1993/3241 2018/2018/3241
f 1993/1993/3242 2019/2019/3242 2018/2018/3242
f 1996/1996/3243 2008/2008/3243 2007/2007/3243
f 2009/2009/3244 385/385/3244 2020/2020/3244
f 385/385/3245 384/384/3245 2020/2020/3245
f 1998/1998/3246 1999/1999/3246 2021/2021/3246
f 2001/2001/3247 2022/2022/3247 2021/2021/3247
f 2011/2011/3248 2023/2023/3248 2022/2022/3248
f 2012/2012/3249 2013/2013/3249 2023/2023/3249
f 2016/2016/3250 2024/2024/3250 2015/2015/3250
f 2017/2017/3251 2003/2003/3251 2025/2025/3251
f 2026/2026/3252 2027/2027/3252 2025/2025/3252
f 2019/2019/3253 2005/2005/3253 2028/2028/3253
f 1249/1249/3254 2029/2029/3254 383/383/3254
f 2007/2007/3255 2008/2008/3255 2030/2030/3255
f 2008/2008/3256 2031/2031/3256 2030/2030/3256
f 2008/2008/3257 2032/2032/3257 2031/2031/3257
f 2009/2009/3258 2033/2033/3258 2032/2032/3258
f 2020/2020/3259 423/423/3259 2033/2033/3259
f 2023/2023/3260 2034/2034/3260 2035/2035/3260
f 2013/2013/3261 2036/2036/3261 2034/2034/3261
f 2013/2013/3262 2015/2015/3262 2036/2036/3262
f 2016/2016/3263 2037/2037/3263 2024/2024/3263
f 2018/2018/3264 2038/2038/3264 2027/2027/3264
f 2018/2018/3265 2019/2019/3265 2038/2038/3265
f 2006/2006/3266 2039/2039/3266 2029/2029/3266
f 2006/2006/3267 2007/2007/3267 2030/2030/3267
f 2040/2040/3268 2041/2041/3268 464/464/3268
f 2040/2040/3269 2042/2042/3269 2041/2041/3269
f 2042/2042/3270 2021/2021/3270 2043/2043/3270
f 2022/2022/3271 2023/2023/3271 2044/2044/3271
f 2035/2035/3272 2034/2034/3272 2045/2045/3272
f 2034/2034/3273 2036/2036/3273 2046/2046/3273
f 2036/2036/3274 2047/2047/3274 2046/2046/3274
f 2036/2036/3275 2024/2024/3275 2048/2048/3275
f 2024/2024/3276 2037/2037/3276 2048/2048/3276
f 2049/2049/3277 2050/2050/3277 2048/2048/3277
f 2025/2025/3278 2027/2027/3278 2051/2051/3278
f 2027/2027/3279 2038/2038/3279 2051/2051/3279
f 2029/2029/3280 470/470/3280 467/467/3280
f 2030/2030/3281 2052/2052/3281 2039/2039/3281
f 2030/2030/3282 2031/2031/3282 2053/2053/3282
f 422/422/3283 449/449/3283 2054/2054/3283
f 464/464/3284 2055/2055/3284 465/465/3284
f 2044/2044/3285 2035/2035/3285 2056/2056/3285
f 2048/2048/3286 2057/2057/3286 2047/2047/3286
f 2048/2048/3287 2050/2050/3287 2058/2058/3287
f 2039/2039/3288 2059/2059/3288 470/470/3288
f 457/457/3289 2060/2060/3289 437/437/3289
f 2055/2055/3290 2061/2061/3290 465/465/3290
f 2041/2041/3291 2043/2043/3291 2061/2061/3291
f 2043/2043/3292 2021/2021/3292 2062/2062/3292
f 2044/2044/3293 2063/2063/3293 2062/2062/3293
f 2056/2056/3294 2046/2046/3294 2064/2064/3294
f 2058/2058/3295 2065/2065/3295 2057/2057/3295
f 2066/2066/3296 2051/2051/3296 2067/2067/3296
f 2051/2051/3297 1251/1251/3297 1250/1250/3297
f 2052/2052/3298 2068/2068/3298 2059/2059/3298
f 2069/2069/3299 2070/2070/3299 2068/2068/3299
f 449/449/3300 1253/1253/3300 2071/2071/3300
f 450/450/3301 2072/2072/3301 473/473/3301
f 479/479/3302 456/456/3302 2073/2073/3302
f 456/456/3303 2074/2074/3303 2073/2073/3303
f 456/456/3304 437/437/3305 2074/2074/3306
f 437/437/3305 2060/2060/3307 2074/2074/3306
f 2061/2061/3308 507/507/3308 465/465/3308
f 2061/2061/3309 2075/2075/3309 507/507/3309
f 2061/2061/3310 2076/2076/3310 2075/2075/3310
f 2063/2063/3311 2077/2077/3311 2062/2062/3311
f 2056/2056/3312 2078/2078/3312 2077/2077/3312
f 2056/2056/3313 2079/2079/3313 2078/2078/3313
f 2079/2079/3314 2064/2064/3314 2080/2080/3314
f 2081/2081/3315 2082/2082/3315 2080/2080/3315
f 2057/2057/3316 2083/2083/3316 2084/2084/3316
f 2065/2065/3317 2058/2058/3317 2085/2085/3317
f 2067/2067/3318 1250/1250/3318 2086/2086/3318
f 489/489/3319 471/471/3319 522/522/3319
f 471/471/3320 2059/2059/3320 522/522/3320
f 2068/2068/3321 1254/1254/3321 522/522/3321
f 2069/2069/3322 2087/2087/3322 2070/2070/3322
f 1253/1253/3323 2088/2088/3323 2071/2071/3323
f 1253/1253/3324 2089/2089/3324 2088/2088/3324
f 473/473/3325 2072/2072/3325 472/472/3325
f 475/475/3326 2090/2090/3326 2091/2091/3326
f 476/476/3327 2092/2092/3327 2090/2090/3327
f 476/476/3328 490/490/3328 2092/2092/3328
f 490/490/3329 2093/2093/3329 2092/2092/3329
f 478/478/3330 479/479/3330 2073/2073/3330
f 2060/2060/3331 480/480/3331 2094/2094/3331
f 2062/2062/3332 2095/2095/3332 2096/2096/3332
f 2079/2079/3333 2097/2097/3333 2078/2078/3333
f 2080/2080/3334 2098/2098/3334 2097/2097/3334
f 2080/2080/3335 2082/2082/3335 2099/2099/3335
f 2082/2082/3336 2084/2084/3336 2100/2100/3336
f 2084/2084/3337 2083/2083/3337 2101/2101/3337
f 2083/2083/3338 2065/2065/3339 2102/2102/3340
f 2085/2085/3341 2066/2066/3341 2103/2103/3341
f 2067/2067/3342 2104/2104/3342 2103/2103/3342
f 2086/2086/3343 1250/1250/3343 2105/2105/3343
f 489/489/3344 522/522/3344 511/511/3344
f 2070/2070/3345 2087/2087/3345 1254/1254/3345
f 2094/2094/3346 491/491/3346 502/502/3346
f 2062/2062/3347 2096/2096/3348 2106/2106/3349
f 2078/2078/3350 2107/2107/3350 2095/2095/3350
f 2099/2099/3351 2108/2108/3351 2098/2098/3351
f 2099/2099/3352 2109/2109/3352 2108/2108/3352
f 2100/2100/3353 2110/2110/3353 2109/2109/3353
f 2100/2100/3354 2101/2101/3354 2111/2111/3354
f 2101/2101/3355 2112/2112/3355 2111/2111/3355
f 2101/2101/3356 2102/2102/3356 2112/2112/3356
f 2102/2102/3357 2103/2103/3357 2113/2113/3357
f 2103/2103/3358 2104/2104/3358 2114/2114/3358
f 2104/2104/3359 2086/2086/3359 1256/1256/3359
f 2086/2086/3360 2105/2105/3360 1256/1256/3360
f 2115/2115/3361 2088/2088/3361 2116/2116/3361
f 502/502/3362 512/512/3362 2117/2117/3362
f 2106/2106/3363 2118/2118/3363 519/519/3363
f 2107/2107/3364 2097/2097/3364 2098/2098/3364
f 2109/2109/3365 2119/2119/3365 2108/2108/3365
f 2109/2109/3366 2110/2110/3366 2120/2120/3366
f 2112/2112/3367 2121/2121/3367 2111/2111/3367
f 2114/2114/3368 1256/1256/3368 1255/1255/3368
f 1254/1254/3369 2122/2122/3369 546/546/3369
f 1254/1254/3370 2123/2123/3370 2122/2122/3370
f 519/519/3371 2124/2124/3371 539/539/3371
f 2096/2096/3372 2125/2125/3372 2126/2126/3372
f 2095/2095/3373 2127/2127/3373 2125/2125/3373
f 2107/2107/3374 2128/2128/3374 2127/2127/3374
f 2098/2098/3375 1411/1411/3375 2128/2128/3375
f 2120/2120/3376 2110/2110/3376 2129/2129/3376
f 2110/2110/3377 2111/2111/3377 1408/1408/3377
f 2111/2111/3378 2121/2121/3378 1409/1409/3378
f 2130/2130/3379 2113/2113/3379 1629/1629/3379
f 2113/2113/3380 2114/2114/3380 2131/2131/3380
f 1255/1255/3381 1257/1257/3381 2132/2132/3381
f 2117/2117/3382 512/512/3382 547/547/3382
f 2118/2118/3383 2126/2126/3383 2124/2124/3383
f 2127/2127/3384 2133/2133/3384 2134/2134/3384
f 2127/2127/3385 2128/2128/3385 2133/2133/3385
f 2108/2108/3386 2135/2135/3386 1412/1412/3386
f 2135/2135/3387 2129/2129/3387 1414/1414/3387
f 1408/1408/3388 1416/1416/3388 1414/1414/3388
f 536/536/3389 2136/2136/3389 545/545/3389
f 2136/2136/3390 546/546/3390 2137/2137/3390
f 546/546/3391 2122/2122/3391 2137/2137/3391
f 2138/2138/547 575/575/547 2139/2139/547
f 2138/2138/547 2140/2140/547 578/578/547
f 547/547/3392 559/559/3392 2141/2141/3392
f 539/539/3393 2124/2124/3393 564/564/3393
f 2126/2126/3394 2134/2134/3394 2142/2142/3394
f 1409/1409/3395 1629/1629/3395 1410/1410/3395
f 1629/1629/3396 2131/2131/3396 2143/2143/3396
f 2131/2131/3397 2132/2132/3397 2144/2144/3397
f 545/545/3398 2145/2145/3398 574/574/3398
f 2146/2146/3399 577/577/3399 596/596/3399
f 2146/2146/3400 2139/2139/3401 577/577/3402
f 2141/2141/3403 559/559/3403 2147/2147/3403
f 2142/2142/3404 2134/2134/3404 2148/2148/3404
f 2134/2134/3405 2149/2149/3405 2148/2148/3405
f 2133/2133/3406 2150/2150/3406 2149/2149/3406
f 2128/2128/3407 1413/1413/3407 2150/2150/3407
f 1630/1630/3408 2143/2143/3408 2151/2151/3408
f 2152/2152/547 596/596/547 592/592/547
f 2140/2140/547 604/604/547 578/578/547
f 569/569/3409 2142/2142/3409 2156/2156/3409
f 1413/1413/3410 2157/2157/3410 2150/2150/3410
f 1413/1413/3411 2158/2158/3411 2157/2157/3411
f 1419/1419/3412 1429/1429/3412 2158/2158/3412
f 1631/1631/3413 1630/1630/3413 2159/2159/3413
f 2143/2143/3414 2160/2160/3414 2151/2151/3414
f 574/574/3415 2145/2145/3415 614/614/3415
f 2147/2147/3416 559/559/3416 597/597/3416
f 569/569/3417 2156/2156/3417 583/583/3417
f 2149/2149/3418 2161/2161/3418 2162/2162/3418
f 2157/2157/3419 2158/2158/3419 2163/2163/3419
f 2158/2158/3420 2164/2164/3420 2163/2163/3420
f 1424/1424/3421 1631/1631/3422 2165/2165/3423
f 2159/2159/3424 2151/2151/3424 2166/2166/3424
f 614/614/3425 2167/2167/3425 616/616/3425
f 2168/2168/3426 618/618/1621 616/616/1620
f 2147/2147/3427 632/632/3427 2169/2169/3427
f 2156/2156/3428 2170/2170/3428 609/609/3428
f 2162/2162/3429 2171/2171/3429 2170/2170/3429
f 2162/2162/3430 2172/2172/3430 2171/2171/3430
f 2162/2162/3431 2161/2161/3431 2172/2172/3431
f 2157/2157/3432 2173/2173/3432 2161/2161/3432
f 2164/2164/3433 1429/1429/3433 1437/1437/3433
f 2159/2159/3434 2166/2166/3434 2174/2174/3434
f 2166/2166/3435 2160/2160/3435 2175/2175/3435
f 609/609/3436 2170/2170/3436 607/607/3436
f 2161/2161/3437 2176/2176/3437 2177/2177/3437
f 2163/2163/3438 2178/2178/3438 2176/2176/3438
f 1437/1437/3439 1436/1436/3439 2178/2178/3439
f 1439/1439/3440 1435/1435/3441 1456/1456/3442
f 1435/1435/3443 2165/2165/3443 2179/2179/3443
f 2175/2175/3444 2180/2180/3444 2174/2174/3444
f 2169/2169/3445 632/632/3445 1261/1261/3445
f 607/607/3446 2170/2170/3446 1260/1260/3446
f 2170/2170/3447 2181/2181/3447 1260/1260/3447
f 2172/2172/3448 2177/2177/3448 2171/2171/3448
f 2177/2177/3449 2176/2176/3449 2182/2182/3449
f 2176/2176/3450 2178/2178/3450 1458/1458/3450
f 1436/1436/3451 1444/1444/3451 1450/1450/3451
f 2174/2174/3452 2180/2180/3452 649/649/3452
f 2169/2169/3453 1261/1261/3453 2183/2183/3453
f 2171/2171/3454 2184/2184/3454 2181/2181/3454
f 2182/2182/3455 2185/2185/3455 2186/2186/3455
f 1450/1450/3456 1451/1451/3456 1458/1458/3456
f 1456/1456/3457 2179/2179/3457 1457/1457/3457
f 1260/1260/3458 2181/2181/3458 682/682/3458
f 2181/2181/3459 2184/2184/3459 2187/2187/3459
f 2184/2184/3460 2186/2186/3460 2188/2188/3460
f 1458/1458/3461 1632/1632/3461 2185/2185/3461
f 1448/1448/3462 1457/1457/3462 1477/1477/3462
f 650/650/3463 674/674/3463 651/651/3463
f 2187/2187/3464 2189/2189/3464 682/682/3464
f 2187/2187/3465 2190/2190/3465 2189/2189/3465
f 2187/2187/3466 2184/2184/3466 2190/2190/3466
f 2185/2185/3467 1632/1632/3467 1468/1468/3467
f 1632/1632/3468 1459/1459/3468 1469/1469/3468
f 1457/1457/3469 2191/2191/3469 1477/1477/3469
f 2189/2189/3470 2190/2190/3470 2192/2192/3470
f 2190/2190/3471 2193/2193/3471 2192/2192/3471
f 2188/2188/3472 2185/2185/3472 2194/2194/3472
f 2185/2185/3473 1468/1468/3473 1470/1470/3473
f 2191/2191/3474 675/675/3474 1635/1635/3474
f 681/681/3475 1262/1262/3475 2195/2195/3475
f 1262/1262/3476 2189/2189/3476 2196/2196/3476
f 1478/1478/3477 1634/1634/3477 1485/1485/3477
f 2192/2192/3478 2193/2193/3478 2197/2197/3478
f 2193/2193/3479 2194/2194/3479 2198/2198/3479
f 2194/2194/3480 1470/1470/3480 2199/2199/3480
f 1635/1635/3481 1493/1493/3481 1495/1495/3481
f 2195/2195/3482 2201/2201/3482 710/710/3482
f 2195/2195/3483 2192/2192/3483 2197/2197/3483
f 2198/2198/3484 2202/2202/3485 2203/2203/3486
f 1634/1634/3487 1500/1500/3487 1485/1485/3487
f 717/717/547 707/707/547 749/749/547
f 710/710/3488 2201/2201/3488 2204/2204/3488
f 2203/2203/3489 2202/2202/3489 2205/2205/3489
f 1486/1486/3490 1504/1504/3490 2202/2202/3490
f 1494/1494/3491 1636/1636/3491 1263/1263/3491
f 2201/2201/3492 2203/2203/3492 2206/2206/3492
f 1636/1636/3493 2207/2207/3493 1264/1264/3493
f 723/723/3494 2204/2204/3494 755/755/3494
f 2204/2204/3495 2201/2201/3496 2208/2208/3497
f 2201/2201/3498 2206/2206/3498 2208/2208/3498
f 2203/2203/3499 2205/2205/3499 2209/2209/3499
f 2205/2205/3500 1504/1504/3500 2209/2209/3500
f 1505/1505/3501 1506/1506/3501 1515/1515/3501
f 2207/2207/3502 2210/2210/3502 1265/1265/3502
f 749/749/547 2211/2211/547 759/759/547
f 2204/2204/3503 2212/2212/3503 755/755/3503
f 2204/2204/3495 2208/2208/3497 2212/2212/3504
f 2211/2211/547 2213/2213/547 759/759/547
f 755/755/3505 2212/2212/3505 2214/2214/3505
f 2212/2212/3506 2215/2215/3506 2216/2216/3506
f 2206/2206/3507 2209/2209/3507 2217/2217/3507
f 2209/2209/3508 1505/1505/3508 2218/2218/3508
f 1515/1515/3509 1516/1516/3509 2219/2219/3509
f 1519/1519/3510 1522/1522/3510 1518/1518/3510
f 1265/1265/3511 2220/2220/3511 1523/1523/3511
f 773/773/3512 2214/2214/3512 805/805/3512
f 2214/2214/3513 2216/2216/3513 1266/1266/3513
f 2218/2218/3514 1515/1515/3514 2221/2221/3514
f 1522/1522/2623 817/817/3515 815/815/2624
f 2222/2222/3516 2223/2223/3516 834/834/3516
f 1266/1266/3517 2216/2216/3517 1267/1267/3517
f 2216/2216/3518 2224/2224/3518 830/830/3518
f 2217/2217/3519 2218/2218/3519 810/810/3519
f 2221/2221/3520 2219/2219/3520 811/811/3520
f 1523/1523/3521 2220/2220/3521 817/817/3521
f 773/773/3522 805/805/3522 846/846/3522
f 2217/2217/3523 810/810/3523 831/831/3523
f 2220/2220/3524 834/834/3524 818/818/3524
f 926/926/3525 968/968/3525 966/966/3525
f 959/959/3526 960/960/3526 979/979/3526
f 962/962/3527 921/921/3527 2225/2225/3527
f 1271/1271/3528 2226/2226/3528 2225/2225/3528
f 963/963/3529 964/964/3529 1527/1527/3529
f 943/943/3530 966/966/3530 965/965/3530
f 960/960/3531 2227/2227/3531 979/979/3531
f 2225/2225/3532 1524/1524/3532 1526/1526/3532
f 2226/2226/3533 1535/1535/3533 1524/1524/3533
f 2226/2226/3534 963/963/3534 1527/1527/3534
f 964/964/3535 939/939/3536 1637/1637/3537
f 1530/1530/3538 965/965/3538 1531/1531/3538
f 966/966/3539 968/968/3539 2228/2228/3539
f 967/967/3540 2229/2229/3540 2230/2230/3540
f 969/969/3541 2231/2231/3541 2232/2232/3541
f 986/986/3542 987/987/3542 2233/2233/3542
f 958/958/3543 980/980/3543 2234/2234/3543
f 2235/2235/3544 1639/1639/3544 2227/2227/3544
f 2236/2236/3545 1533/1533/3545 1639/1639/3545
f 1527/1527/3546 1637/1637/3546 1543/1543/3546
f 1531/1531/3547 2237/2237/3547 1638/1638/3547
f 2229/2229/3548 2232/2232/3548 2238/2238/3548
f 971/971/3549 989/989/3549 1547/1547/3549
f 2233/2233/3550 987/987/3550 2239/2239/3550
f 987/987/3551 988/988/3551 2239/2239/3551
f 978/978/3552 2234/2234/3552 2240/2240/3552
f 979/979/3553 2241/2241/3553 980/980/3553
f 2227/2227/3554 1639/1639/3554 2241/2241/3554
f 1638/1638/3555 2228/2228/3555 2242/2242/3555
f 2228/2228/3556 2238/2238/3556 2243/2243/3556
f 2238/2238/3557 2232/2232/3557 2244/2244/3557
f 2232/2232/3558 2231/2231/3558 2245/2245/3558
f 989/989/3559 990/990/3559 1557/1557/3559
f 996/996/3560 997/997/3560 1565/1565/3560
f 1272/1272/3561 982/982/3561 2246/2246/3561
f 994/994/3562 2247/2247/3562 998/998/3562
f 984/984/547 1000/1000/547 2248/2248/547
f 985/985/547 2249/2249/547 1273/1273/547
f 2240/2240/3563 2250/2250/3563 2239/2239/3563
f 2240/2240/3564 2251/2251/3564 2250/2250/3564
f 2240/2240/3565 2234/2234/3565 2251/2251/3565
f 2234/2234/3566 2252/2252/3566 2251/2251/3566
f 980/980/3567 2241/2241/3567 2252/2252/3567
f 1532/1532/3568 1638/1638/3568 1554/1554/3568
f 1638/1638/3569 2242/2242/3569 1554/1554/3569
f 2242/2242/3570 2243/2243/3570 1554/1554/3570
f 2243/2243/3571 2238/2238/3571 2253/2253/3571
f 998/998/3572 2247/2247/3572 2246/2246/3572
f 999/999/547 984/984/547 2248/2248/547
f 2248/2248/547 1000/1000/547 2254/2254/547
f 1000/1000/547 1273/1273/547 2255/2255/547
f 1273/1273/547 2249/2249/547 2256/2256/547
f 2233/2233/3573 2239/2239/3573 2250/2250/3573
f 2241/2241/3574 2257/2257/3574 2258/2258/3574
f 2241/2241/3575 2259/2259/3575 2257/2257/3575
f 1554/1554/3576 2243/2243/3576 2260/2260/3576
f 2244/2244/3577 2245/2245/3577 2261/2261/3577
f 2246/2246/3578 2247/2247/3578 2262/2262/3578
f 2248/2248/3579 2263/2263/3579 2264/2264/3579
f 2255/2255/547 2265/2265/547 2254/2254/547
f 2251/2251/3580 2266/2266/3580 2250/2250/3580
f 2252/2252/3581 2258/2258/3581 2266/2266/3581
f 1639/1639/3582 1568/1568/3582 2259/2259/3582
f 2253/2253/3583 2261/2261/3583 1004/1004/3583
f 2267/2267/3584 2246/2246/3584 2268/2268/3584
f 2246/2246/3585 2262/2262/3585 2269/2269/3585
f 2254/2254/3586 2270/2270/3586 2263/2263/3586
f 2259/2259/3587 1568/1568/3587 2257/2257/3587
f 1555/1555/3588 2260/2260/3588 2273/2273/3588
f 2274/2274/3589 1004/1004/3589 1003/1003/3589
f 2262/2262/3590 2275/2275/3590 2269/2269/3590
f 2262/2262/3591 2263/2263/3591 2276/2276/3591
f 2254/2254/547 2265/2265/547 2277/2277/547
f 2258/2258/3592 2279/2279/3592 2280/2280/3592
f 2257/2257/3593 2281/2281/3593 2282/2282/3593
f 2257/2257/3594 1568/1568/3594 2281/2281/3594
f 2283/2283/3595 2284/2284/3595 2285/2285/3595
f 2284/2284/3596 2268/2268/3596 2286/2286/3596
f 2268/2268/3597 2269/2269/3597 2286/2286/3597
f 2275/2275/3598 2287/2287/3598 2286/2286/3598
f 2277/2277/547 2288/2288/547 2270/2270/547
f 2271/2271/3599 2272/2272/3599 2290/2290/3599
f 2272/2272/3600 2266/2266/3600 2280/2280/3600
f 2279/2279/3601 1007/1007/3601 2280/2280/3601
f 2281/2281/3602 1568/1568/3602 1594/1594/3602
f 2273/2273/3603 2291/2291/3603 2292/2292/3603
f 1566/1566/3604 1644/1644/3604 1593/1593/3604
f 2285/2285/3605 2293/2293/3605 1644/1644/3605
f 2285/2285/3606 2294/2294/3606 2293/2293/3606
f 2286/2286/3607 2287/2287/3608 2295/2295/3609
f 2276/2276/3610 2270/2270/3610 2296/2296/3610
f 2270/2270/547 2288/2288/547 2297/2297/547
f 2290/2290/3611 2299/2299/3611 2298/2298/3611
f 1007/1007/3612 2282/2282/3612 1008/1008/3612
f 2281/2281/3613 1594/1594/3613 1008/1008/3613
f 1640/1640/3614 2273/2273/3614 2300/2300/3614
f 2292/2292/3615 2291/2291/3615 2301/2301/3615
f 2291/2291/3616 1003/1003/3616 2301/2301/3616
f 2294/2294/3617 2302/2302/3617 2293/2293/3617
f 2287/2287/3618 2303/2303/3618 2302/2302/3618
f 2287/2287/3619 2296/2296/3619 2303/2303/3619
f 2296/2296/547 2297/2297/547 2304/2304/547
f 2298/2298/3620 2299/2299/3620 2306/2306/3620
f 2280/2280/3621 1275/1275/3621 2306/2306/3621
f 1008/1008/3622 1594/1594/3622 1274/1274/3622
f 2300/2300/3623 2307/2307/3623 2308/2308/3623
f 2292/2292/3624 2309/2309/3625 2307/2307/3626
f 2301/2301/3627 2310/2310/3627 2309/2309/3627
f 1602/1602/3628 1601/1601/3628 1279/1279/3628
f 2305/2305/547 2311/2311/547 2304/2304/547
f 1601/1601/3629 1643/1643/3629 1279/1279/3629
f 1644/1644/3630 2293/2293/3630 1610/1610/3630
f 2302/2302/3631 2312/2312/3632 2313/2313/3633
f 2302/2302/3634 2303/2303/3634 2314/2314/3634
f 2303/2303/547 2304/2304/547 2311/2311/547
f 1608/1608/3635 1278/1278/3635 1277/1277/3635
f 1641/1641/3636 1642/1642/3636 1278/1278/3636
f 2309/2309/3637 1016/1016/3637 2307/2307/3637
f 2309/2309/3638 2310/2310/3638 1016/1016/3638
f 1609/1609/3639 1610/1610/3639 1643/1643/3639
f 2293/2293/3640 2315/2315/3640 1610/1610/3640
f 2314/2314/3641 2303/2303/3641 1027/1027/3641
f 2303/2303/3642 2311/2311/3642 1027/1027/3642
f 1274/1274/3643 1606/1606/3643 1032/1032/3643
f 1607/1607/3644 1277/1277/1936 1066/1066/1935
f 1642/1642/3645 1036/1036/3645 1278/1278/3645
f 2308/2308/3646 1039/1039/3646 1642/1642/3646
f 1643/1643/3647 1050/1050/3647 1279/1279/3647
f 1643/1643/3648 1052/1052/3648 1050/1050/3648
f 2315/2315/3649 1022/1022/3649 1021/1021/3649
f 2312/2312/3650 2314/2314/3650 1059/1059/3650
f 2314/2314/3651 1027/1027/3651 1024/1024/3651
f 1642/1642/3652 1039/1039/3652 1036/1036/3652
f 1610/1610/3653 1054/1054/3653 1052/1052/3653
f 1647/1647/3654 1648/1648/3654 122/122/3654
f 1651/1651/3655 1649/1649/3655 1652/1652/3655
f 1652/1652/3656 1645/1645/3656 1647/1647/3656
f 1289/1289/3657 1287/1287/3657 1650/1650/3657
f 1652/1652/3658 1647/1647/3658 1233/1233/3658
f 99/99/3659 76/76/3659 152/152/3659
f 1294/1294/3660 76/76/3660 77/77/3660
f 1655/1655/3661 101/101/3661 127/127/3661
f 102/102/3662 103/103/3662 127/127/3662
f 107/107/3663 109/109/3663 1657/1657/3663
f 109/109/3664 32/32/3664 1656/1656/3664
f 112/112/3665 113/113/3665 1664/1664/3665
f 113/113/3666 1231/1231/3666 1677/1677/3666
f 1653/1653/3667 1651/1651/3667 1652/1652/3667
f 1652/1652/3668 1233/1233/3668 1234/1234/3668
f 1654/1654/3669 76/76/3669 1294/1294/3669
f 1660/1660/3670 126/126/3670 1655/1655/3670
f 144/144/107 105/105/106 1661/1661/3671
f 131/131/3672 132/132/3672 1662/1662/3672
f 1662/1662/3673 132/132/3673 1657/1657/3673
f 1656/1656/2767 110/110/3674 1689/1689/2768
f 81/81/3675 112/112/3675 1664/1664/3675
f 1664/1664/3676 113/113/3676 1678/1678/3676
f 1677/1677/3677 1231/1231/3677 1666/1666/3677
f 1231/1231/3678 114/114/3678 1667/1667/3678
f 1232/1232/3679 84/84/3679 1667/1667/3679
f 1668/1668/3680 84/84/2710 1658/1658/2712
f 1658/1658/3681 116/116/3681 136/136/3681
f 1669/1669/3682 117/117/3682 138/138/3682
f 1670/1670/2730 91/91/2713 1659/1659/2715
f 94/94/3683 119/119/3683 1671/1671/3683
f 119/119/3684 95/95/3684 1672/1672/3684
f 95/95/3685 96/96/2735 1672/1672/2737
f 1673/1673/3686 1652/1652/3686 1234/1234/3686
f 152/152/2705 1654/1654/2704 163/163/3687
f 1293/1293/3688 1654/1654/3688 1294/1294/3688
f 1674/1674/3689 77/77/3689 1660/1660/3689
f 1684/1684/3690 1655/1655/3690 164/164/3690
f 127/127/3691 141/141/3691 164/164/3691
f 1676/1676/3692 1662/1662/3692 1656/1656/3692
f 1662/1662/3693 1657/1657/3693 1656/1656/3693
f 110/110/3694 1663/1663/3694 1689/1689/3694
f 133/133/3695 134/134/3695 1302/1302/3695
f 1666/1666/3696 1665/1665/3696 1305/1305/3696
f 1305/1305/3697 1665/1665/3697 1679/1679/3697
f 1680/1680/2752 1658/1658/2751 1681/1681/3698
f 1681/1681/3699 136/136/3699 1682/1682/3699
f 1682/1682/3700 87/87/3700 1669/1669/3700
f 1692/1692/3701 1659/1659/3701 118/118/3701
f 1673/1673/3702 1234/1234/1236 171/171/1235
f 163/163/3703 1293/1293/3703 177/177/3703
f 1674/1674/3704 1660/1660/3704 1675/1675/3704
f 144/144/3705 1661/1661/3705 1686/1686/3705
f 1661/1661/3706 1676/1676/3706 1685/1685/3706
f 1676/1676/3707 1656/1656/3707 1687/1687/3707
f 1663/1663/3708 133/133/3708 1709/1709/3708
f 133/133/3709 1302/1302/3709 1709/1709/3709
f 1664/1664/3710 1678/1678/3710 1317/1317/3710
f 1678/1678/3711 1677/1677/3711 1691/1691/3711
f 1677/1677/3712 1666/1666/3712 1613/1613/3712
f 1666/1666/3713 1305/1305/3713 1613/1613/3713
f 1305/1305/3714 1679/1679/3714 1698/1698/3714
f 1698/1698/3715 1679/1679/3715 1667/1667/3715
f 2316/2316/3716 1667/1667/3716 1308/1308/3716
f 1308/1308/3717 1668/1668/3717 1309/1309/3717
f 1702/1702/3718 1670/1670/3718 1692/1692/3718
f 118/118/2734 1671/1671/2733 1693/1693/3719
f 1694/1694/3720 1671/1671/3720 1695/1695/3720
f 1671/1671/2759 1672/1672/2758 1695/1695/3721
f 1672/1672/3722 146/146/3722 1695/1695/3722
f 1292/1292/3723 1653/1653/3723 1683/1683/3723
f 1683/1683/3724 1673/1673/3724 1235/1235/3724
f 1235/1235/3725 1673/1673/3725 171/171/3725
f 1301/1301/3726 1684/1684/3726 180/180/3726
f 180/180/3727 164/164/3727 165/165/3727
f 144/144/3728 1686/1686/3728 158/158/3728
f 1696/1696/2786 1689/1689/2785 1690/1690/3729
f 1663/1663/3730 1709/1709/3730 1697/1697/3730
f 1614/1614/3731 1305/1305/3731 1699/1699/3731
f 1699/1699/3732 1698/1698/3732 1325/1325/3732
f 1667/1667/3733 2316/2316/3733 1325/1325/3733
f 1309/1309/3734 1680/1680/3734 1311/1311/3734
f 1311/1311/3735 1681/1681/3735 1700/1700/3735
f 1700/1700/3736 1682/1682/3736 1701/1701/3736
f 1701/1701/3737 1669/1669/3737 1702/1702/3737
f 1711/1711/3738 1692/1692/3738 1693/1693/3738
f 1695/1695/3739 167/167/3739 1713/1713/3739
f 158/158/3740 1686/1686/3740 173/173/3740
f 1686/1686/3741 1685/1685/3741 1704/1704/3741
f 1685/1685/3742 1706/1706/3742 1704/1704/3742
f 1685/1685/3743 1688/1688/3743 1706/1706/3743
f 1705/1705/3744 1688/1688/3744 1696/1696/3744
f 1717/1717/3745 1696/1696/3745 1707/1707/3745
f 1690/1690/3746 1697/1697/2819 1708/1708/2821
f 1709/1709/3747 1302/1302/3747 1304/1304/3747
f 1303/1303/3748 1317/1317/3748 1316/1316/3748
f 1317/1317/2417 1678/1678/3749 1319/1319/2418
f 1691/1691/2806 1613/1613/3750 1345/1345/2422
f 1306/1306/3751 1305/1305/3751 1614/1614/3751
f 1325/1325/3752 2316/2316/3752 1308/1308/3752
f 1702/1702/3753 1692/1692/3753 1710/1710/3753
f 1712/1712/3754 1693/1693/3754 1722/1722/3754
f 1693/1693/3755 1694/1694/3755 1722/1722/3755
f 1721/1721/3756 1694/1694/3756 1713/1713/3756
f 1714/1714/3757 168/168/3757 169/169/3757
f 1723/1723/3758 1683/1683/3758 1235/1235/3758
f 1315/1315/3759 1295/1295/3759 1703/1703/3759
f 1715/1715/3760 180/180/3760 191/191/3760
f 1338/1338/3761 1311/1311/3761 1718/1718/3761
f 1719/1719/3762 1700/1700/3762 1701/1701/3762
f 1710/1710/3763 1711/1711/3763 1720/1720/3763
f 1721/1721/3764 1713/1713/3764 1731/1731/3764
f 1713/1713/3765 167/167/3765 1731/1731/3765
f 167/167/133 166/166/132 1731/1731/3766
f 1298/1298/2131 1292/1292/2130 1618/1618/3767
f 1292/1292/3768 1683/1683/3768 1618/1618/3768
f 1683/1683/3769 1723/1723/3769 1618/1618/3769
f 1235/1235/3770 1237/1237/3770 1242/1242/3770
f 1748/1748/3771 1703/1703/3771 1724/1724/3771
f 1715/1715/3772 191/191/3772 1724/1724/3772
f 173/173/3773 1704/1704/3773 188/188/3773
f 1704/1704/3774 1716/1716/3774 188/188/3774
f 1716/1716/3775 1705/1705/3775 1725/1725/3775
f 1707/1707/3776 1708/1708/3776 1726/1726/3776
f 1338/1338/3777 1718/1718/3777 1339/1339/3777
f 1711/1711/3778 1712/1712/3778 1729/1729/3778
f 1730/1730/3779 1712/1712/3779 1722/1722/3779
f 166/166/3780 1238/1238/3780 1732/1732/3780
f 1238/1238/3781 1239/1239/3781 1743/1743/3781
f 1240/1240/3782 183/183/3782 1734/1734/3782
f 183/183/3783 1241/1241/3783 1764/1764/3783
f 1746/1746/3784 1242/1242/3784 190/190/3784
f 1341/1341/3785 1703/1703/3785 1748/1748/3785
f 188/188/3786 1716/1716/3786 1736/1736/3786
f 1716/1716/3787 1725/1725/3787 1735/1735/3787
f 1725/1725/3788 1717/1717/3788 1735/1735/3788
f 1730/1730/3789 1722/1722/3789 1739/1739/3789
f 1722/1722/3790 1721/1721/3790 1739/1739/3790
f 1740/1740/3791 1721/1721/3791 1741/1741/3791
f 1741/1741/3792 1731/1731/3792 1742/1742/3792
f 1742/1742/2876 1732/1732/3793 1743/1743/2877
f 1733/1733/3794 183/183/3794 1764/1764/3794
f 1764/1764/3795 1241/1241/3795 1617/1617/3795
f 175/175/3796 185/185/3796 1617/1617/3796
f 1723/1723/3797 1242/1242/3797 1747/1747/3797
f 197/197/3798 178/178/3798 1363/1363/3798
f 1341/1341/3799 1748/1748/3799 1351/1351/3799
f 1748/1748/3800 1724/1724/3800 1749/1749/3800
f 1749/1749/3801 1724/1724/3801 1243/1243/3801
f 1243/1243/3802 192/192/3802 1750/1750/3802
f 200/200/3803 188/188/3803 1736/1736/3803
f 1753/1753/3804 1726/1726/3804 1754/1754/3804
f 1754/1754/3805 1727/1727/3805 1619/1619/3805
f 1339/1339/3806 201/201/3806 203/203/3806
f 202/202/3807 201/201/3807 1755/1755/3807
f 1728/1728/3808 1720/1720/3808 1756/1756/3808
f 1720/1720/3809 1729/1729/3809 1756/1756/3809
f 1757/1757/3810 1729/1729/2872 1758/1758/2874
f 1730/1730/3811 1739/1739/3811 1758/1758/3811
f 1743/1743/3812 1239/1239/3812 1760/1760/3812
f 1761/1761/3813 1714/1714/3813 1762/1762/3813
f 1762/1762/3814 1734/1734/3814 1790/1790/3814
f 1790/1790/3815 1734/1734/3815 1763/1763/3815
f 1746/1746/3816 190/190/3816 1767/1767/3816
f 1366/1366/3817 1351/1351/3817 1768/1768/3817
f 1749/1749/3818 1243/1243/3818 1750/1750/3818
f 200/200/3819 1736/1736/3819 1751/1751/3819
f 1769/1769/3820 1735/1735/3820 1770/1770/3820
f 1770/1770/3821 1753/1753/3821 1771/1771/3821
f 1754/1754/3822 1619/1619/3822 1771/1771/3822
f 1796/1796/3823 202/202/3823 1772/1772/3823
f 1755/1755/3824 1737/1737/3824 1772/1772/3824
f 1773/1773/3825 1741/1741/3825 1774/1774/3825
f 1742/1742/3826 1760/1760/2921 1774/1774/2923
f 1760/1760/3827 1744/1744/3827 1761/1761/3827
f 1733/1733/3828 1617/1617/3828 1763/1763/3828
f 1401/1401/3829 1747/1747/3829 1777/1777/3829
f 1750/1750/3830 199/199/3830 1780/1780/3830
f 212/212/3831 200/200/3831 1781/1781/3831
f 1781/1781/3832 1751/1751/3832 1752/1752/3832
f 1782/1782/3833 1770/1770/3833 1783/1783/3833
f 1771/1771/3834 1621/1621/3834 1783/1783/3834
f 202/202/3835 1796/1796/3835 203/203/3835
f 1785/1785/3836 1758/1758/3836 1786/1786/3836
f 1759/1759/3837 1738/1738/3837 1786/1786/3837
f 1787/1787/3838 1773/1773/3838 1774/1774/3838
f 1802/1802/2963 1761/1761/3839 1789/1789/2964
f 1789/1789/3840 1762/1762/3840 1791/1791/3840
f 1790/1790/3841 1763/1763/3841 1791/1791/3841
f 1767/1767/3842 204/204/3842 1794/1794/3842
f 1366/1366/3843 1778/1778/3843 1396/1396/3843
f 1807/1807/3844 1780/1780/3844 217/217/3844
f 1781/1781/3845 1752/1752/3845 1769/1769/3845
f 1782/1782/3846 1783/1783/3846 1795/1795/3846
f 203/203/3847 1796/1796/3847 1389/1389/3847
f 1800/1800/3848 1786/1786/3848 1801/1801/3848
f 1740/1740/3849 1787/1787/3849 1801/1801/3849
f 1787/1787/3850 1774/1774/3850 1788/1788/3850
f 1789/1789/3851 1791/1791/3851 1803/1803/3851
f 1804/1804/3852 1763/1763/3852 1805/1805/3852
f 1805/1805/3853 1765/1765/3853 1806/1806/3853
f 1401/1401/3854 1777/1777/3854 1402/1402/3854
f 1777/1777/3855 1767/1767/3855 1402/1402/3855
f 215/215/3856 208/208/3856 1403/1403/3856
f 1778/1778/3857 1779/1779/3857 1819/1819/3857
f 1819/1819/3858 1779/1779/3858 1807/1807/3858
f 222/222/3859 213/213/3859 1808/1808/3859
f 212/212/3860 1781/1781/3860 1808/1808/3860
f 1783/1783/3861 1623/1623/3861 1809/1809/3861
f 1809/1809/3862 1623/1623/3862 1625/1625/3862
f 1384/1384/3863 1379/1379/3863 1810/1810/3863
f 1811/1811/3864 1379/1379/3864 1385/1385/3864
f 1387/1387/3865 1389/1389/3865 1853/1853/3865
f 1796/1796/3866 1784/1784/3866 1812/1812/3866
f 1784/1784/3867 1757/1757/3867 1813/1813/3867
f 1828/1828/3868 1799/1799/3868 1814/1814/3868
f 1814/1814/3869 1785/1785/3869 1830/1830/3869
f 1815/1815/3870 1801/1801/3870 1877/1877/3870
f 1877/1877/3871 1801/1801/3871 1816/1816/3871
f 1787/1787/3872 1788/1788/3872 1833/1833/3872
f 1833/1833/3873 1788/1788/3873 1817/1817/3873
f 1817/1817/3874 1802/1802/3874 1803/1803/3874
f 1806/1806/3875 1793/1793/3875 1884/1884/3875
f 1794/1794/3876 207/207/3876 1818/1818/3876
f 1396/1396/3877 1778/1778/3877 1405/1405/3877
f 1819/1819/3878 1807/1807/3878 1820/1820/3878
f 1807/1807/3879 217/217/3879 1820/1820/3879
f 1808/1808/3880 1781/1781/3880 1821/1821/3880
f 1769/1769/3881 1795/1795/3881 1821/1821/3881
f 1822/1822/3882 1809/1809/3883 2317/2317/3884
f 2317/2317/3884 1809/1809/3883 1844/1844/3885
f 1809/1809/3886 1625/1625/3886 1844/1844/3886
f 1376/1376/3887 1397/1397/3887 1823/1823/3887
f 1823/1823/3888 1397/1397/3888 1399/1399/3888
f 1824/1824/3889 1624/1624/3889 1825/1825/3889
f 1385/1385/3890 1386/1386/3890 1811/1811/3890
f 1826/1826/3891 1386/1386/3891 1400/1400/3891
f 1400/1400/3892 1388/1388/3892 1851/1851/3892
f 1388/1388/3893 1387/1387/3893 1851/1851/3893
f 1389/1389/3894 1797/1797/3894 1827/1827/3894
f 1813/1813/3895 1798/1798/3895 1829/1829/3895
f 1831/1831/3896 1800/1800/3896 1815/1815/3896
f 1787/1787/3897 1833/1833/3897 1816/1816/3897
f 1817/1817/3898 1803/1803/3898 1832/1832/3898
f 1792/1792/2984 1804/1804/3899 1834/1834/2985
f 1804/1804/3900 1805/1805/3900 1835/1835/3900
f 1805/1805/3901 1806/1806/3901 1835/1835/3901
f 1806/1806/3902 1884/1884/3902 1836/1836/3902
f 1793/1793/3903 1861/1861/3903 1884/1884/3903
f 1402/1402/2989 1794/1794/3904 1837/1837/2989
f 1405/1405/3905 1819/1819/3905 1406/1406/3905
f 1820/1820/3906 216/216/3906 1841/1841/3906
f 229/229/3907 223/223/3908 1843/1843/3909
f 223/223/3908 1821/1821/3910 1843/1843/3909
f 1821/1821/3911 1822/1822/3911 1842/1842/3911
f 1822/1822/3912 2317/2317/3912 1846/1846/3912
f 2317/2317/3913 1844/1844/3913 1846/1846/3913
f 1845/1845/3914 1844/1844/3914 1866/1866/3914
f 1866/1866/3915 1844/1844/3915 1847/1847/3915
f 1847/1847/3916 1625/1625/3916 1626/1626/3916
f 1626/1626/3917 1823/1823/3917 1848/1848/3917
f 1848/1848/3918 1399/1399/3918 1824/1824/3918
f 1849/1849/3919 1811/1811/3919 1826/1826/3919
f 1387/1387/3920 1853/1853/3920 1852/1852/3920
f 1812/1812/3921 1813/1813/3921 1873/1873/3921
f 1813/1813/3922 1829/1829/3922 1873/1873/3922
f 1854/1854/3923 1830/1830/3923 1855/1855/3923
f 1855/1855/3924 1831/1831/3924 1815/1815/3924
f 1877/1877/3925 1816/1816/3925 1856/1856/3925
f 1856/1856/3926 1833/1833/3926 1857/1857/3926
f 1834/1834/3927 1835/1835/3927 1859/1859/3927
f 1835/1835/3928 1836/1836/3928 1885/1885/3928
f 1884/1884/3043 1861/1861/3929 1863/1863/3044
f 1818/1818/3930 225/225/3930 224/224/3930
f 1403/1403/3931 1404/1404/3931 1407/1407/3931
f 1846/1846/3932 1845/1845/3932 1866/1866/3932
f 1865/1865/3933 1847/1847/3933 1867/1867/3933
f 1867/1867/3934 1626/1626/3934 1868/1868/3934
f 1848/1848/3935 1824/1824/3935 1908/1908/3935
f 1908/1908/3936 1824/1824/3936 1869/1869/3936
f 1825/1825/3937 1810/1810/3937 1849/1849/3937
f 1853/1853/3938 1827/1827/3938 1870/1870/3938
f 1827/1827/3939 1812/1812/3030 1872/1872/3032
f 1815/1815/3940 1877/1877/3940 1876/1876/3940
f 1878/1878/3073 1877/1877/3941 1856/1856/3071
f 1880/1880/3942 1832/1832/3942 1881/1881/3942
f 1803/1803/3943 1858/1858/3943 1881/1881/3943
f 1835/1835/3944 1885/1885/3944 1883/1883/3944
f 1836/1836/3945 1884/1884/3945 1885/1885/3945
f 1628/1628/3946 1392/1392/3946 1886/1886/3946
f 1837/1837/3947 1838/1838/3947 1904/1904/3947
f 234/234/3948 227/227/3948 1917/1917/3948
f 1917/1917/3949 227/227/3949 1888/1888/3949
f 1888/1888/3950 1403/1403/3950 1889/1889/3950
f 1407/1407/3951 1406/1406/3951 1889/1889/3951
f 1840/1840/3952 1841/1841/3952 1891/1891/3952
f 1841/1841/3953 220/220/3953 1890/1890/3953
f 241/241/3954 235/235/3954 245/245/3954
f 1842/1842/3955 1822/1822/3955 247/247/3955
f 1822/1822/3956 1864/1864/3956 1893/1893/3956
f 1893/1893/3957 1864/1864/3958 270/270/3959
f 270/270/3959 1864/1864/3958 1894/1894/3960
f 1894/1894/3961 1866/1866/3961 1865/1865/3961
f 251/251/3962 1868/1868/3962 253/253/3962
f 1848/1848/3963 1908/1908/3963 253/253/3963
f 1825/1825/3964 1849/1849/3964 1869/1869/3964
f 1826/1826/3965 1850/1850/3965 1895/1895/3965
f 1895/1895/3966 1850/1850/3966 1896/1896/3966
f 1852/1852/3967 1870/1870/3967 1898/1898/3967
f 1873/1873/3968 1874/1874/3968 242/242/3968
f 1899/1899/3969 1855/1855/3969 1900/1900/3969
f 1856/1856/3970 1879/1879/3970 1880/1880/3970
f 1858/1858/3971 1859/1859/3971 1882/1882/3971
f 1859/1859/3972 1860/1860/3972 1902/1902/3972
f 1912/1912/3973 1885/1885/3973 1903/1903/3973
f 1818/1818/3974 233/233/3974 1905/1905/3974
f 1406/1406/3975 1840/1840/3975 1906/1906/3975
f 1890/1890/3976 232/232/3083 1907/1907/3085
f 245/245/3977 1892/1892/3977 249/249/3977
f 1893/1893/3978 270/270/3978 1244/1244/3978
f 272/272/3979 1865/1865/3979 250/250/3979
f 250/250/3980 1867/1867/3980 251/251/3980
f 254/254/3981 1908/1908/3981 1869/1869/3981
f 1849/1849/3982 1895/1895/3982 283/283/3982
f 1897/1897/3983 1898/1898/3983 286/286/3983
f 1870/1870/3984 1871/1871/3984 289/289/3984
f 242/242/3985 1874/1874/3985 243/243/3985
f 1245/1245/3986 1829/1829/3986 294/294/3986
f 1925/1925/3987 1899/1899/3987 1900/1900/3987
f 1876/1876/3988 1878/1878/3988 1901/1901/3988
f 1856/1856/3989 1880/1880/3989 1901/1901/3989
f 1881/1881/3990 1882/1882/3990 1940/1940/3990
f 1940/1940/3991 1882/1882/3991 1902/1902/3991
f 1885/1885/3992 1912/1912/3992 1910/1910/3992
f 1903/1903/3993 1862/1862/3993 1912/1912/3993
f 1862/1862/3994 1913/1913/3994 1911/1911/3994
f 1627/1627/3995 1837/1837/3995 1904/1904/3995
f 1917/1917/3996 1888/1888/3996 1919/1919/3996
f 1889/1889/3997 1906/1906/3997 1919/1919/3997
f 1906/1906/3998 1891/1891/3998 1921/1921/3998
f 1920/1920/3999 1891/1891/3999 1922/1922/3999
f 1890/1890/4000 1907/1907/4000 1922/1922/4000
f 1922/1922/4001 1907/1907/4001 1936/1936/4001
f 1936/1936/4002 1907/1907/4002 239/239/4002
f 274/274/4003 1894/1894/4003 272/272/4003
f 1869/1869/4004 1849/1849/4004 277/277/4004
f 284/284/4005 1895/1895/4005 286/286/4005
f 289/289/4006 1871/1871/4006 311/311/4006
f 1923/1923/4007 1899/1899/4007 1925/1925/4007
f 1926/1926/4008 1876/1876/4008 1939/1939/4008
f 1881/1881/4009 1940/1940/4009 296/296/4009
f 1902/1902/4010 1883/1883/4010 1928/1928/4010
f 1883/1883/4011 1910/1910/4011 1927/1927/4011
f 1910/1910/4012 1912/1912/4012 1927/1927/4012
f 1911/1911/4013 1914/1914/4013 2318/2318/4013
f 1904/1904/4014 1887/1887/4014 1931/1931/4014
f 238/238/4015 234/234/4015 1957/1957/4015
f 1957/1957/4016 234/234/4016 1918/1918/4016
f 1918/1918/4017 1917/1917/4017 1933/1933/4017
f 1919/1919/4018 1906/1906/4018 1934/1934/4018
f 1922/1922/4019 1936/1936/4019 1935/1935/4019
f 295/295/4020 294/294/4020 1937/1937/4020
f 1923/1923/4021 1925/1925/4021 1924/1924/4021
f 1900/1900/4022 1926/1926/4022 1924/1924/4022
f 1876/1876/4023 1901/1901/4023 1939/1939/4023
f 1901/1901/4024 1909/1909/4024 1938/1938/4024
f 1938/1938/4025 1909/1909/4025 1966/1966/4025
f 1966/1966/4026 1909/1909/4026 298/298/4026
f 1880/1880/4027 296/296/4027 298/298/4027
f 297/297/4028 296/296/4028 1941/1941/4028
f 1941/1941/4029 1940/1940/4029 1942/1942/4029
f 1902/1902/4030 1928/1928/4030 1942/1942/4030
f 1950/1950/4031 1927/1927/4031 1943/1943/4031
f 1912/1912/4032 1911/1911/4032 1943/1943/4032
f 1911/1911/4033 2318/2318/4033 1944/1944/4033
f 1944/1944/4034 2318/2318/4034 1951/1951/4034
f 1915/1915/4035 1930/1930/4035 1954/1954/4035
f 238/238/4036 1957/1957/3161 300/300/3163
f 1957/1957/4037 1918/1918/4037 1933/1933/4037
f 1921/1921/4038 1920/1920/3145 1945/1945/3145
f 1935/1935/4039 1936/1936/4039 1946/1946/4039
f 1923/1923/4040 1924/1924/4040 1947/1947/4040
f 1947/1947/4041 1926/1926/4041 1962/1962/4041
f 1926/1926/4042 1939/1939/4042 1962/1962/4042
f 1948/1948/4043 1938/1938/4043 1964/1964/4043
f 1938/1938/4044 1966/1966/4044 1964/1964/4044
f 297/297/4045 1941/1941/4045 298/298/4045
f 1941/1941/4046 1942/1942/4046 1949/1949/4046
f 1928/1928/4047 1927/1927/4047 1942/1942/4047
f 1950/1950/4048 1943/1943/4048 1969/1969/4048
f 1944/1944/4049 1951/1951/4049 1953/1953/4049
f 1954/1954/4050 1930/1930/4050 357/357/4050
f 1930/1930/3156 1931/1931/4051 1955/1955/3157
f 1932/1932/4052 1916/1916/4052 360/360/4052
f 1916/1916/4053 259/259/4053 1956/1956/4053
f 1957/1957/4054 1933/1933/4054 1958/1958/4054
f 1933/1933/4055 1934/1934/4055 1958/1958/4055
f 1934/1934/4056 1921/1921/4056 1959/1959/4056
f 1960/1960/4057 1921/1921/4057 1945/1945/4057
f 353/353/4058 293/293/4058 1961/1961/4058
f 1961/1961/4059 1923/1923/4059 1247/1247/4059
f 1247/1247/4060 1923/1923/4060 1980/1980/4060
f 1963/1963/4061 1939/1939/4061 1948/1948/4061
f 1964/1964/4062 1966/1966/4062 1965/1965/4062
f 1966/1966/4063 298/298/4063 1967/1967/4063
f 1968/1968/4064 1949/1949/4064 1984/1984/4064
f 1949/1949/4065 1942/1942/4065 1985/1985/4065
f 1985/1985/4066 1942/1942/4066 1969/1969/4066
f 1970/1970/4067 1943/1943/4067 1971/1971/4067
f 1971/1971/4068 1944/1944/4068 1953/1953/4068
f 356/356/4069 1954/1954/4069 357/357/4069
f 344/344/4070 1955/1955/4070 342/342/4070
f 1959/1959/4071 1960/1960/4071 1973/1973/4071
f 1974/1974/4072 1960/1960/4072 1976/1976/4072
f 1960/1960/4073 1945/1945/4073 1976/1976/4073
f 1945/1945/4074 1946/1946/4074 1975/1975/4074
f 1977/1977/4075 1946/1946/4075 1978/1978/4075
f 1923/1923/4076 1947/1947/4076 1980/1980/4076
f 1979/1979/4077 1962/1962/4077 1963/1963/4077
f 1981/1981/4078 1948/1948/4078 1965/1965/4078
f 1983/1983/4079 1949/1949/4079 1985/1985/4079
f 1971/1971/4080 1953/1953/4080 1987/1987/4080
f 360/360/4081 1956/1956/4081 402/402/4081
f 381/381/4082 1956/1956/4082 314/314/4082
f 300/300/4083 1972/1972/4083 345/345/4083
f 1972/1972/4084 1973/1973/4084 1988/1988/4084
f 1989/1989/4085 1973/1973/4085 1974/1974/4085
f 1978/1978/4086 324/324/4086 1990/1990/4086
f 1248/1248/4087 1961/1961/4087 1246/1246/4087
f 1979/1979/4088 1963/1963/4088 1981/1981/4088
f 2000/2000/4089 1965/1965/4089 1991/1991/4089
f 1967/1967/4090 1982/1982/4090 1991/1991/4090
f 1968/1968/4091 1984/1984/4091 1982/1982/4091
f 1985/1985/4092 1986/1986/4092 1983/1983/4092
f 1986/1986/4093 1969/1969/4093 1993/1993/4093
f 1993/1993/4094 1970/1970/4094 1994/1994/4094
f 1971/1971/4095 1987/1987/4095 1994/1994/4095
f 1989/1989/4096 1974/1974/4096 1996/1996/4096
f 1975/1975/4097 1977/1977/4097 1997/1997/4097
f 355/355/4098 354/354/3208 1248/1248/3207
f 1248/1248/4099 1247/1247/4099 1998/1998/4099
f 1998/1998/4100 1980/1980/4100 1999/1999/4100
f 1999/1999/3221 1979/1979/3220 2001/2001/4101
f 1979/1979/4102 1981/1981/4102 2001/2001/4102
f 1981/1981/4103 1965/1965/4103 2000/2000/4103
f 2014/2014/4104 1982/1982/4104 2002/2002/4104
f 1984/1984/4105 1992/1992/4105 2002/2002/4105
f 1992/1992/4106 1983/1983/4106 2002/2002/4106
f 1983/1983/4107 1986/1986/4107 2003/2003/4107
f 1986/1986/4108 1993/1993/4108 2004/2004/4108
f 1993/1993/4109 1994/1994/4109 2005/2005/4109
f 345/345/4110 1988/1988/4110 1249/1249/4110
f 2006/2006/4111 1988/1988/4111 2007/2007/4111
f 1974/1974/4112 1997/1997/4112 1996/1996/4112
f 2008/2008/3230 1997/1997/3229 2009/2009/4113
f 2009/2009/4114 1990/1990/4114 385/385/4114
f 2010/2010/4115 1248/1248/4115 1998/1998/4115
f 2011/2011/4116 2000/2000/4116 2012/2012/4116
f 1991/1991/4117 1982/1982/4117 2012/2012/4117
f 1982/1982/4118 2014/2014/4118 2013/2013/4118
f 2014/2014/4119 2002/2002/4119 2015/2015/4119
f 2002/2002/4120 2003/2003/4120 2017/2017/4120
f 2003/2003/4121 2004/2004/4121 2026/2026/4121
f 2026/2026/4122 2004/2004/4122 2018/2018/4122
f 2019/2019/4123 1993/1993/4123 2005/2005/4123
f 2008/2008/4124 2009/2009/4124 2032/2032/4124
f 417/417/4125 355/355/4125 2010/2010/4125
f 2010/2010/4126 1998/1998/4127 2040/2040/4128
f 2040/2040/4128 1998/1998/4127 2021/2021/4129
f 1999/1999/4130 2001/2001/4130 2021/2021/4130
f 2001/2001/4131 2011/2011/4131 2022/2022/4131
f 2011/2011/4132 2012/2012/4132 2023/2023/4132
f 2016/2016/4133 2017/2017/4133 2049/2049/4133
f 2049/2049/4134 2017/2017/4134 2025/2025/4134
f 2003/2003/4135 2026/2026/4135 2025/2025/4135
f 1249/1249/4136 2006/2006/4136 2029/2029/4136
f 2009/2009/4137 2020/2020/4137 2033/2033/4137
f 2020/2020/4138 384/384/4138 423/423/4138
f 417/417/4139 2010/2010/4139 429/429/4139
f 2040/2040/4140 2021/2021/4140 2042/2042/4140
f 2023/2023/4141 2013/2013/4141 2034/2034/4141
f 2015/2015/4142 2024/2024/4142 2036/2036/4142
f 2037/2037/4143 2016/2016/4143 2049/2049/4143
f 2026/2026/4144 2018/2018/4144 2027/2027/4144
f 2038/2038/4145 2019/2019/4145 2028/2028/4145
f 2039/2039/4146 2006/2006/4146 2030/2030/4146
f 2033/2033/4147 423/423/4147 2319/2319/4147
f 429/429/4148 2010/2010/4148 464/464/4148
f 2010/2010/4149 2040/2040/4149 464/464/4149
f 2041/2041/4150 2042/2042/4150 2043/2043/4150
f 2021/2021/4151 2022/2022/4151 2044/2044/4151
f 2023/2023/4152 2035/2035/4152 2044/2044/4152
f 2045/2045/4153 2034/2034/4153 2046/2046/4153
f 2047/2047/4154 2036/2036/4154 2048/2048/4154
f 2037/2037/4155 2049/2049/4155 2048/2048/4155
f 2049/2049/4156 2025/2025/4156 2050/2050/4156
f 2050/2050/4157 2025/2025/4157 2051/2051/4157
f 2051/2051/4158 2038/2038/4158 1251/1251/4158
f 383/383/4159 2029/2029/4159 467/467/4159
f 2052/2052/4160 2030/2030/4160 2053/2053/4160
f 2031/2031/4161 2032/2032/4161 2053/2053/4161
f 2032/2032/4162 2033/2033/4162 2053/2053/4162
f 2053/2053/4163 2033/2033/4163 2319/2319/4163
f 2319/2319/4164 423/423/4164 2054/2054/4164
f 423/423/4165 422/422/4165 2054/2054/4165
f 464/464/4166 2041/2041/4166 2055/2055/4166
f 2063/2063/4167 2044/2044/4167 2056/2056/4167
f 2035/2035/4168 2045/2045/4168 2056/2056/4168
f 2045/2045/4169 2046/2046/4169 2056/2056/4169
f 2064/2064/4170 2046/2046/4170 2047/2047/4170
f 2057/2057/4171 2048/2048/4171 2058/2058/4171
f 2058/2058/4172 2050/2050/4172 2066/2066/4172
f 2050/2050/4173 2051/2051/4173 2066/2066/4173
f 2029/2029/4174 2039/2039/4174 470/470/4174
f 2059/2059/4175 2039/2039/4175 2052/2052/4175
f 2052/2052/4176 2053/2053/4176 2068/2068/4176
f 2053/2053/4177 2319/2319/4177 2069/2069/4177
f 2319/2319/4178 2054/2054/4178 2069/2069/4178
f 2060/2060/4179 457/457/4179 480/480/4179
f 2055/2055/4180 2041/2041/4180 2061/2061/4180
f 2021/2021/4181 2044/2044/4181 2062/2062/4181
f 2079/2079/4182 2056/2056/4182 2064/2064/4182
f 2064/2064/4183 2047/2047/4183 2081/2081/4183
f 2081/2081/4184 2047/2047/4184 2084/2084/4184
f 2047/2047/4185 2057/2057/4185 2084/2084/4185
f 2067/2067/4186 2051/2051/4186 1250/1250/4186
f 471/471/4187 470/470/4187 2059/2059/4187
f 2053/2053/4188 2069/2069/4188 2068/2068/4188
f 2054/2054/4189 449/449/4189 2071/2071/4189
f 450/450/4190 475/475/4190 2072/2072/4190
f 475/475/4191 474/474/4191 2090/2090/4191
f 2061/2061/4192 2043/2043/4192 2076/2076/4192
f 2076/2076/4193 2043/2043/4193 2062/2062/4193
f 2063/2063/4194 2056/2056/4194 2077/2077/4194
f 2064/2064/4195 2081/2081/4195 2080/2080/4195
f 2081/2081/4196 2084/2084/4196 2082/2082/4196
f 2083/2083/3338 2057/2057/4197 2065/2065/3339
f 2085/2085/4198 2058/2058/4198 2066/2066/4198
f 2059/2059/4199 2068/2068/4199 522/522/4199
f 2068/2068/4200 2070/2070/4200 1254/1254/4200
f 2069/2069/4201 2054/2054/4201 2087/2087/4201
f 2054/2054/4202 2071/2071/4202 2087/2087/4202
f 2089/2089/4203 1253/1253/1511 472/472/441
f 2072/2072/4204 475/475/4204 2091/2091/4204
f 474/474/4205 476/476/4205 2090/2090/4205
f 490/490/4206 478/478/4206 2093/2093/4206
f 2094/2094/4207 480/480/4207 491/491/4207
f 507/507/4208 2075/2075/4208 2106/2106/4208
f 2062/2062/4209 2077/2077/4209 2095/2095/4209
f 2079/2079/4210 2080/2080/4210 2097/2097/4210
f 2098/2098/4211 2080/2080/4211 2099/2099/4211
f 2099/2099/4212 2082/2082/4212 2100/2100/4212
f 2100/2100/4213 2084/2084/4213 2101/2101/4213
f 2101/2101/4214 2083/2083/4214 2102/2102/4214
f 2065/2065/4215 2085/2085/4215 2102/2102/4215
f 2102/2102/4216 2085/2085/4216 2103/2103/4216
f 2066/2066/4217 2067/2067/4217 2103/2103/4217
f 2104/2104/4218 2067/2067/4218 2086/2086/4218
f 2115/2115/4219 2071/2071/4219 2088/2088/4219
f 472/472/4220 2072/2072/4220 2089/2089/4220
f 478/478/4221 2073/2073/4221 2093/2093/4221
f 2320/2320/4222 2094/2094/4222 502/502/4222
f 2075/2075/4223 2076/2076/4223 2106/2106/4223
f 2076/2076/4224 2062/2062/3347 2106/2106/3349
f 2077/2077/4225 2078/2078/4225 2095/2095/4225
f 2107/2107/4226 2078/2078/4226 2097/2097/4226
f 2099/2099/4227 2100/2100/4227 2109/2109/4227
f 2110/2110/4228 2100/2100/4228 2111/2111/4228
f 2112/2112/4229 2102/2102/4229 2130/2130/4229
f 2130/2130/4230 2102/2102/4230 2113/2113/4230
f 2113/2113/4231 2103/2103/4231 2114/2114/4231
f 2114/2114/4232 2104/2104/4232 1256/1256/4232
f 2087/2087/4233 2071/2071/4233 2321/2321/4233
f 2071/2071/4234 2115/2115/4234 2321/2321/4234
f 2088/2088/4235 2089/2089/4235 2116/2116/4235
f 2320/2320/4236 502/502/4236 2117/2117/4236
f 507/507/4237 2106/2106/4237 519/519/4237
f 2106/2106/4238 2096/2096/4238 2118/2118/4238
f 2095/2095/4239 2107/2107/4239 2127/2127/4239
f 2119/2119/4240 2109/2109/4240 2120/2120/4240
f 2121/2121/4241 2112/2112/4241 2130/2130/4241
f 1254/1254/4242 2087/2087/4242 2123/2123/4242
f 2087/2087/4243 2321/2321/4243 2123/2123/4243
f 2124/2124/4244 519/519/4244 2118/2118/4244
f 2118/2118/4245 2096/2096/4245 2126/2126/4245
f 2096/2096/4246 2095/2095/4246 2125/2125/4246
f 2107/2107/4247 2098/2098/4247 2128/2128/4247
f 2098/2098/4248 2108/2108/4248 1411/1411/4248
f 2108/2108/4249 2119/2119/4249 2135/2135/4249
f 2135/2135/4250 2119/2119/4250 2129/2129/4250
f 2119/2119/4251 2120/2120/4251 2129/2129/4251
f 1408/1408/4252 2111/2111/4252 1409/1409/4252
f 2121/2121/4253 2130/2130/4253 1629/1629/4253
f 1629/1629/4254 2113/2113/4254 2131/2131/4254
f 2131/2131/4255 2114/2114/4255 1255/1255/4255
f 2136/2136/4256 536/536/4256 546/546/4256
f 2141/2141/4257 2117/2117/4257 547/547/4257
f 2125/2125/4258 2127/2127/4258 2134/2134/4258
f 1411/1411/4259 2108/2108/4259 1412/1412/4259
f 1412/1412/4260 2135/2135/4260 1414/1414/4260
f 2129/2129/4261 2110/2110/4261 1414/1414/4261
f 2110/2110/4262 1408/1408/4262 1414/1414/4262
f 1416/1416/4263 1408/1408/4263 1410/1410/4263
f 1409/1409/4264 2121/2121/4264 1629/1629/4264
f 2131/2131/4265 1255/1255/4265 2132/2132/4265
f 575/575/547 2138/2138/547 578/578/547
f 2140/2140/547 2322/2322/4266 2153/2153/4267
f 2124/2124/4268 2126/2126/4268 2142/2142/4268
f 2126/2126/4269 2125/2125/4269 2134/2134/4269
f 2128/2128/4270 1411/1411/4270 1413/1413/4270
f 1630/1630/4271 1629/1629/4271 2143/2143/4271
f 2143/2143/4272 2131/2131/4272 2144/2144/4272
f 545/545/4273 2136/2136/4273 2145/2145/4273
f 592/592/4274 2323/2323/4274 2152/2152/4274
f 2152/2152/4275 2146/2146/4275 596/596/4275
f 2139/2139/3401 575/575/547 577/577/3402
f 564/564/4276 2124/2124/4276 569/569/4276
f 2124/2124/4277 2142/2142/4277 569/569/4277
f 2134/2134/4278 2133/2133/4278 2149/2149/4278
f 2133/2133/4279 2128/2128/4279 2150/2150/4279
f 2324/2324/4280 2323/2323/4280 592/592/4280
f 2142/2142/4281 2148/2148/4281 2156/2156/4281
f 1413/1413/4282 1419/1419/4282 2158/2158/4282
f 2159/2159/4283 1630/1630/4283 2151/2151/4283
f 614/614/4284 2145/2145/4284 2167/2167/4284
f 2168/2168/4285 2324/2324/4285 594/594/4285
f 2324/2324/4286 592/592/4286 594/594/4286
f 2156/2156/4287 2148/2148/4287 2162/2162/4287
f 2148/2148/4288 2149/2149/4288 2162/2162/4288
f 2149/2149/4289 2150/2150/4289 2161/2161/4289
f 2150/2150/4290 2157/2157/4290 2161/2161/4290
f 2158/2158/4291 1429/1429/4291 2164/2164/4291
f 1435/1435/4292 1424/1424/3421 2165/2165/3423
f 2165/2165/4293 1631/1631/4293 2159/2159/4293
f 2166/2166/4294 2151/2151/4294 2160/2160/4294
f 2167/2167/4295 2168/2168/4295 616/616/4295
f 618/618/4296 2168/2168/4296 594/594/4296
f 632/632/4297 2147/2147/4297 597/597/4297
f 583/583/4298 2156/2156/4298 609/609/4298
f 2156/2156/4299 2162/2162/4299 2170/2170/4299
f 2157/2157/4300 2163/2163/4300 2173/2173/4300
f 2163/2163/4301 2164/2164/4301 1437/1437/4301
f 2165/2165/4302 2159/2159/4302 2174/2174/4302
f 2174/2174/4303 2166/2166/4303 2175/2175/4303
f 2172/2172/4304 2161/2161/4304 2177/2177/4304
f 2161/2161/4305 2173/2173/4305 2176/2176/4305
f 2173/2173/4306 2163/2163/4306 2176/2176/4306
f 2163/2163/4307 1437/1437/4307 2178/2178/4307
f 1456/1456/3442 1435/1435/3441 2179/2179/4308
f 2165/2165/4309 2174/2174/4309 2179/2179/4309
f 2170/2170/4310 2171/2171/4310 2181/2181/4310
f 2186/2186/4311 2177/2177/4311 2182/2182/4311
f 2182/2182/4312 2176/2176/4312 1458/1458/4312
f 1458/1458/4313 2178/2178/4313 1450/1450/4313
f 2178/2178/4314 1436/1436/4314 1450/1450/4314
f 1439/1439/4315 1456/1456/4315 1449/1449/4315
f 2179/2179/4316 2174/2174/4316 649/649/4316
f 2171/2171/4317 2177/2177/4317 2184/2184/4317
f 2177/2177/4318 2186/2186/4318 2184/2184/4318
f 2182/2182/4319 1458/1458/4319 2185/2185/4319
f 1457/1457/4320 2179/2179/4320 651/651/4320
f 2179/2179/4321 649/649/4321 651/651/4321
f 2183/2183/4322 1261/1261/4322 645/645/4322
f 682/682/4323 2181/2181/4323 2187/2187/4323
f 2188/2188/4324 2186/2186/4324 2185/2185/4324
f 1632/1632/4325 1458/1458/4325 1459/1459/4325
f 2190/2190/4326 2184/2184/4326 2188/2188/4326
f 1457/1457/4327 651/651/4327 2191/2191/4327
f 2191/2191/4328 651/651/4328 675/675/4328
f 682/682/4329 2189/2189/4329 1262/1262/4329
f 2190/2190/4330 2188/2188/4330 2193/2193/4330
f 2193/2193/4331 2188/2188/4331 2194/2194/4331
f 2194/2194/4332 2185/2185/4332 1470/1470/4332
f 1477/1477/4333 2191/2191/4333 1478/1478/4333
f 1478/1478/4334 2191/2191/4334 1633/1633/4334
f 1633/1633/4335 2191/2191/4335 1635/1635/4335
f 2195/2195/4336 1262/1262/4336 2196/2196/4336
f 2196/2196/4337 2189/2189/4337 2192/2192/4337
f 2196/2196/4338 2192/2192/4338 2195/2195/4338
f 2197/2197/4339 2193/2193/4339 2198/2198/4339
f 2198/2198/4340 2194/2194/4340 2199/2199/4340
f 2199/2199/4341 1470/1470/4341 1486/1486/4341
f 681/681/4342 2195/2195/4342 710/710/4342
f 2201/2201/4343 2195/2195/4343 2197/2197/4343
f 2197/2197/4344 2198/2198/3484 2203/2203/3486
f 2198/2198/4345 2199/2199/4345 1486/1486/4345
f 749/749/547 707/707/547 2200/2200/547
f 723/723/4346 710/710/4346 2204/2204/4346
f 2197/2197/4347 2203/2203/4347 2201/2201/4347
f 2198/2198/4348 1486/1486/4348 2202/2202/4348
f 1495/1495/4349 1494/1494/4349 1263/1263/4349
f 2205/2205/4350 2202/2202/4350 1504/1504/4350
f 2206/2206/4351 2203/2203/4351 2209/2209/4351
f 1504/1504/4352 1505/1505/4352 2209/2209/4352
f 1264/1264/4353 2207/2207/4353 1265/1265/4353
f 2212/2212/4354 2208/2208/4354 2215/2215/4354
f 2215/2215/4355 2208/2208/4355 2206/2206/4355
f 1265/1265/4356 2210/2210/4356 2222/2222/4356
f 773/773/4357 755/755/4357 2214/2214/4357
f 2214/2214/4358 2212/2212/4358 2216/2216/4358
f 2215/2215/4359 2206/2206/4359 2224/2224/4359
f 2224/2224/4360 2206/2206/4360 2217/2217/4360
f 2217/2217/4361 2209/2209/4361 2218/2218/4361
f 2218/2218/4362 1505/1505/4362 1515/1515/4362
f 2221/2221/4363 1515/1515/4363 2219/2219/4363
f 2219/2219/4364 1516/1516/4364 1521/1521/4364
f 1265/1265/4365 2222/2222/4365 2220/2220/4365
f 770/770/547 759/759/547 2213/2213/547
f 2216/2216/4366 2215/2215/4366 2224/2224/4366
f 2219/2219/4367 1521/1521/4367 812/812/4367
f 1522/1522/4368 1523/1523/4368 817/817/4368
f 2220/2220/4369 2222/2222/4369 834/834/4369
f 2222/2222/4370 793/793/4370 2223/2223/4370
f 805/805/4371 2214/2214/4371 806/806/4371
f 806/806/4372 2214/2214/4372 1266/1266/4372
f 1267/1267/4373 2216/2216/4373 830/830/4373
f 830/830/4374 2224/2224/4374 2217/2217/4374
f 810/810/4375 2218/2218/4375 2221/2221/4375
f 808/808/4376 2221/2221/4376 811/811/4376
f 811/811/4377 2219/2219/4377 812/812/4377
f 2223/2223/4378 793/793/4378 795/795/4378
f 804/804/4379 773/773/4379 846/846/4379
f 830/830/4380 2217/2217/4380 831/831/4380
f 2221/2221/4381 808/808/4381 810/810/4381
f 815/815/4382 817/817/4382 816/816/4382
f 817/817/4383 2220/2220/4383 818/818/4383
f 834/834/4384 2223/2223/4384 819/819/4384
f 2223/2223/4385 795/795/4385 819/819/4385
f 961/961/4386 962/962/4386 2235/2235/4386
f 1526/1526/4387 962/962/4387 2225/2225/4387
f 921/921/4388 1271/1271/4388 2225/2225/4388
f 1271/1271/4389 963/963/4389 2226/2226/4389
f 1530/1530/4390 939/939/4390 965/965/4390
f 968/968/4391 967/967/4391 2230/2230/4391
f 967/967/4392 969/969/4392 2229/2229/4392
f 960/960/4393 961/961/4393 2227/2227/4393
f 961/961/4394 2235/2235/4394 2227/2227/4394
f 2235/2235/4395 962/962/4395 2236/2236/4395
f 962/962/4396 1526/1526/4396 2236/2236/4396
f 2225/2225/4397 2226/2226/4397 1524/1524/4397
f 1535/1535/4398 2226/2226/4398 1527/1527/4398
f 1527/1527/4399 964/964/4399 1637/1637/4399
f 939/939/3536 1530/1530/4400 1637/1637/3537
f 1531/1531/4401 965/965/4401 2237/2237/4401
f 965/965/4402 966/966/4402 2237/2237/4402
f 2237/2237/4403 966/966/4403 2228/2228/4403
f 2228/2228/4404 968/968/4404 2230/2230/4404
f 2229/2229/4405 969/969/4405 2232/2232/4405
f 988/988/1919 936/936/1918 2240/2240/4406
f 936/936/4407 978/978/4407 2240/2240/4407
f 978/978/4408 958/958/4408 2234/2234/4408
f 2235/2235/4409 2236/2236/4409 1639/1639/4409
f 2236/2236/4410 1526/1526/4410 1533/1533/4410
f 1525/1525/4411 1524/1524/4411 1535/1535/4411
f 1535/1535/4412 1527/1527/4412 1529/1529/4412
f 1528/1528/4413 1527/1527/4413 1542/1542/4413
f 1542/1542/4414 1527/1527/4414 1543/1543/4414
f 1638/1638/4415 2237/2237/4415 2228/2228/4415
f 2228/2228/4416 2230/2230/4416 2238/2238/4416
f 2230/2230/4417 2229/2229/4417 2238/2238/4417
f 988/988/4418 2240/2240/4418 2239/2239/4418
f 979/979/4419 2227/2227/4419 2241/2241/4419
f 2242/2242/4420 2228/2228/4420 2243/2243/4420
f 2244/2244/4421 2232/2232/4421 2245/2245/4421
f 1547/1547/4422 989/989/4422 1545/1545/4422
f 1545/1545/4423 989/989/4423 1557/1557/4423
f 1557/1557/4424 990/990/4424 995/995/4424
f 1565/1565/4425 997/997/4425 1272/1272/4425
f 982/982/4426 998/998/4426 2246/2246/4426
f 2247/2247/4427 994/994/4427 999/999/4427
f 2234/2234/4428 980/980/4428 2252/2252/4428
f 2241/2241/4429 1639/1639/4429 2259/2259/4429
f 2253/2253/4430 2238/2238/4430 2244/2244/4430
f 1565/1565/4431 1272/1272/4431 2267/2267/4431
f 2267/2267/4432 1272/1272/4432 2246/2246/4432
f 2247/2247/4433 999/999/4433 2248/2248/4433
f 2254/2254/547 1000/1000/547 2255/2255/547
f 2255/2255/547 1273/1273/547 2256/2256/547
f 2252/2252/4434 2241/2241/4434 2258/2258/4434
f 1555/1555/4435 1554/1554/4435 2260/2260/4435
f 2260/2260/4436 2243/2243/4436 2274/2274/4436
f 2274/2274/4437 2243/2243/4437 2253/2253/4437
f 2253/2253/4438 2244/2244/4438 2261/2261/4438
f 2262/2262/4439 2247/2247/4439 2264/2264/4439
f 2247/2247/4440 2248/2248/4440 2264/2264/4440
f 2263/2263/4441 2248/2248/4441 2254/2254/4441
f 2255/2255/547 2256/2256/547 2265/2265/547
f 2233/2233/4442 2250/2250/4442 2272/2272/4442
f 2251/2251/4443 2252/2252/4443 2266/2266/4443
f 1639/1639/4444 1550/1550/4444 1568/1568/4444
f 2274/2274/4445 2253/2253/4445 1004/1004/4445
f 1566/1566/4446 1565/1565/4446 2283/2283/4446
f 1565/1565/4447 2267/2267/4447 2284/2284/4447
f 2284/2284/4448 2267/2267/4448 2268/2268/4448
f 2268/2268/4449 2246/2246/4449 2269/2269/4449
f 2262/2262/4450 2264/2264/4450 2263/2263/4450
f 2272/2272/4451 2250/2250/4451 2266/2266/4451
f 2258/2258/4452 2257/2257/4452 2279/2279/4452
f 1576/1576/4453 1555/1555/4453 2273/2273/4453
f 2260/2260/4454 2274/2274/4454 2291/2291/4454
f 2283/2283/4455 1565/1565/4455 2284/2284/4455
f 2275/2275/4456 2262/2262/4456 2276/2276/4456
f 2263/2263/4457 2270/2270/4457 2276/2276/4457
f 2270/2270/547 2254/2254/547 2277/2277/547
f 2266/2266/4458 2258/2258/4458 2280/2280/4458
f 2279/2279/4459 2257/2257/4459 2282/2282/4459
f 2273/2273/4460 2260/2260/4460 2291/2291/4460
f 2291/2291/4461 2274/2274/4461 1003/1003/4461
f 1566/1566/4462 2283/2283/4462 2285/2285/4462
f 2285/2285/4463 2284/2284/4463 2286/2286/4463
f 2269/2269/4464 2275/2275/4464 2286/2286/4464
f 2287/2287/4465 2275/2275/4465 2276/2276/4465
f 2277/2277/547 2278/2278/547 2288/2288/547
f 2289/2289/4466 2271/2271/4466 2290/2290/4466
f 2290/2290/4467 2272/2272/4467 2280/2280/4467
f 1007/1007/4468 2279/2279/4468 2282/2282/4468
f 1640/1640/4469 1576/1576/4469 2273/2273/4469
f 1566/1566/4470 2285/2285/4470 1644/1644/4470
f 2285/2285/4471 2286/2286/4471 2294/2294/4471
f 2294/2294/4472 2286/2286/3607 2295/2295/3609
f 2287/2287/4473 2276/2276/4473 2296/2296/4473
f 2296/2296/547 2270/2270/547 2297/2297/547
f 2289/2289/4474 2290/2290/4474 2298/2298/4474
f 2290/2290/4475 2280/2280/4475 2299/2299/4475
f 1275/1275/4476 2280/2280/4476 1007/1007/4476
f 2282/2282/4477 2281/2281/4477 1008/1008/4477
f 2273/2273/4478 2292/2292/4478 2300/2300/4478
f 2301/2301/4479 1003/1003/4479 1006/1006/4479
f 2294/2294/4480 2295/2295/4480 2302/2302/4480
f 2295/2295/4481 2287/2287/4481 2302/2302/4481
f 2304/2304/547 2297/2297/547 2305/2305/547
f 2299/2299/4482 2280/2280/4482 2306/2306/4482
f 1600/1600/4483 1640/1640/4483 2308/2308/4483
f 1640/1640/4484 2300/2300/4484 2308/2308/4484
f 2300/2300/4485 2292/2292/4485 2307/2307/4485
f 2292/2292/3624 2301/2301/4486 2309/2309/3625
f 2301/2301/4487 1006/1006/4487 2310/2310/4487
f 2293/2293/4488 2302/2302/3631 2313/2313/3633
f 2303/2303/547 2296/2296/547 2304/2304/547
f 1274/1274/4489 1594/1594/4489 1606/1606/4489
f 1606/1606/4490 1605/1605/4490 1607/1607/4490
f 1598/1598/4491 1588/1588/4491 1608/1608/4491
f 1641/1641/4492 1599/1599/4492 1642/1642/4492
f 1600/1600/4493 2308/2308/4493 1642/1642/4493
f 2310/2310/4494 1006/1006/4494 1014/1014/4494
f 2293/2293/4495 2313/2313/4495 2315/2315/4495
f 2312/2312/3632 2302/2302/3631 2314/2314/4496
f 1013/1013/4497 1012/1012/4497 1274/1274/4497
f 1034/1034/4498 1606/1606/4499 1607/1607/4500
f 2308/2308/4501 2307/2307/4501 1042/1042/4501
f 2310/2310/4502 1014/1014/938 1016/1016/940
f 2313/2313/4503 2312/2312/4503 1056/1056/4503
f 1027/1027/4504 2311/2311/4504 1017/1017/4504
f 1013/1013/4505 1274/1274/4505 1032/1032/4505
f 1032/1032/4506 1606/1606/4499 1034/1034/4498
f 1034/1034/4507 1607/1607/4507 1066/1066/4507
f 1038/1038/1937 1277/1277/1936 1278/1278/4508
f 2308/2308/4509 1042/1042/4509 1039/1039/4509
f 1643/1643/4510 1610/1610/4510 1052/1052/4510
f 1610/1610/4511 2315/2315/4511 1021/1021/4511
f 2315/2315/4512 2313/2313/4512 1022/1022/4512
f 2313/2313/4513 1056/1056/4513 1022/1022/4513
f 1056/1056/4514 2312/2312/4514 1059/1059/4514
f 1042/1042/4515 2307/2307/4516 1044/1044/4517
f 2307/2307/4516 1016/1016/4518 1044/1044/4517
f 1610/1610/4519 1021/1021/4519 1054/1054/4519
f 1059/1059/4520 2314/2314/4520 1026/1026/4520
f 2314/2314/4521 1024/1024/4521 1026/1026/4521
f 2073/2073/4522 2074/2074/4522 2325/2325/4522
f 2072/2072/4523 2326/2326/4523 2089/2089/4523
f 2091/2091/4524 2090/2090/4524 2327/2327/4524
f 2073/2073/4525 2328/2328/4525 2093/2093/4525
f 2325/2325/4526 2074/2074/4526 2329/2329/4526
f 2060/2060/4527 2094/2094/4527 2330/2330/4527
f 2089/2089/4528 2331/2331/4528 2116/2116/4528
f 2089/2089/4529 2326/2326/4529 2331/2331/4529
f 2092/2092/4530 2093/2093/4530 2332/2332/4530
f 2331/2331/4531 2333/2333/4531 2116/2116/4531
f 2334/2334/4532 2322/2322/4532 2326/2326/4532
f 2334/2334/4533 2335/2335/4533 2336/2336/4533
f 2327/2327/4534 2332/2332/4534 2336/2336/4534
f 2328/2328/4535 2337/2337/4535 2093/2093/4535
f 2328/2328/4536 2338/2338/4536 2339/2339/4536
f 2338/2338/4537 2329/2329/4537 2340/2340/4537
f 2329/2329/4538 2060/2060/4538 2341/2341/4538
f 2060/2060/4539 2330/2330/4539 2341/2341/4539
f 2321/2321/4540 2342/2342/4540 2323/2323/4540
f 2116/2116/4541 2146/2146/4541 2342/2342/4541
f 2331/2331/4542 2138/2138/4542 2333/2333/4542
f 2331/2331/4543 2326/2326/4543 2138/2138/4543
f 2326/2326/4544 2140/2140/4544 2138/2138/4544
f 2332/2332/4545 2154/2154/4545 2336/2336/4545
f 2093/2093/4546 2343/2343/4547 2155/2155/4548
f 2340/2340/4549 2344/2344/4549 2339/2339/4549
f 2341/2341/4550 2330/2330/4550 2345/2345/4550
f 2346/2346/4551 2117/2117/4551 2141/2141/4551
f 2123/2123/4552 2347/2347/4552 2122/2122/4552
f 2123/2123/4553 2323/2323/4553 2347/2347/4553
f 2146/2146/3400 2333/2333/4554 2139/2139/3401
f 2322/2322/4266 2336/2336/547 2153/2153/4267
f 2341/2341/4555 2349/2349/4555 2348/2348/4555
f 2330/2330/4556 2346/2346/4556 2350/2350/4556
f 2136/2136/4557 2137/2137/4557 2145/2145/4557
f 2122/2122/4558 2324/2324/4558 2137/2137/4558
f 2122/2122/4559 2347/2347/4559 2324/2324/4559
f 2347/2347/4560 2323/2323/4560 2324/2324/4560
f 2348/2348/4561 2349/2349/4561 2352/2352/4561
f 2345/2345/4562 2350/2350/4562 2349/2349/4562
f 2145/2145/4563 2137/2137/4563 2167/2167/4563
f 2137/2137/4564 2324/2324/4565 2168/2168/4566
f 2351/2351/4567 2352/2352/4567 2353/2353/4567
f 2350/2350/4568 2141/2141/4568 2354/2354/4568
f 2141/2141/4569 2147/2147/4569 2354/2354/4569
f 2353/2353/4570 2354/2354/4570 2355/2355/4570
f 2354/2354/4571 2356/2356/4571 2355/2355/4571
f 2326/2326/4572 2072/2072/4572 2334/2334/4572
f 2334/2334/4573 2072/2072/4573 2091/2091/4573
f 2335/2335/4574 2091/2091/4574 2327/2327/4574
f 2090/2090/4575 2092/2092/4575 2327/2327/4575
f 2328/2328/4576 2073/2073/4576 2338/2338/4576
f 2338/2338/4577 2073/2073/4577 2325/2325/4577
f 2329/2329/4578 2074/2074/4578 2060/2060/4578
f 2330/2330/4579 2094/2094/4579 2320/2320/4579
f 2091/2091/4580 2335/2335/4580 2334/2334/4580
f 2327/2327/4581 2092/2092/4581 2332/2332/4581
f 2338/2338/4582 2325/2325/4582 2329/2329/4582
f 2330/2330/4583 2320/2320/4583 2346/2346/4583
f 2346/2346/4584 2320/2320/4584 2117/2117/4584
f 2322/2322/4585 2334/2334/4585 2336/2336/4585
f 2335/2335/4586 2327/2327/4586 2336/2336/4586
f 2337/2337/4587 2328/2328/4587 2339/2339/4587
f 2339/2339/4588 2338/2338/4588 2340/2340/4588
f 2340/2340/4589 2329/2329/4589 2341/2341/4589
f 2123/2123/4590 2321/2321/4590 2323/2323/4590
f 2321/2321/4591 2115/2115/4591 2342/2342/4591
f 2115/2115/4592 2116/2116/4592 2342/2342/4592
f 2146/2146/4593 2116/2116/4593 2333/2333/4593
f 2140/2140/4594 2326/2326/4594 2322/2322/4594
f 2154/2154/4595 2332/2332/4595 2155/2155/4595
f 2332/2332/4596 2093/2093/4596 2155/2155/4596
f 2343/2343/4547 2093/2093/4546 2337/2337/4597
f 2344/2344/4598 2340/2340/4598 2348/2348/4598
f 2348/2348/4599 2340/2340/4599 2341/2341/4599
f 2323/2323/4600 2342/2342/4600 2152/2152/4600
f 2342/2342/4601 2146/2146/4601 2152/2152/4601
f 2333/2333/4602 2138/2138/4602 2139/2139/4602
f 2336/2336/547 2154/2154/547 2153/2153/547
f 2341/2341/4603 2345/2345/4603 2349/2349/4603
f 2345/2345/4604 2330/2330/4604 2350/2350/4604
f 2346/2346/4605 2141/2141/4605 2350/2350/4605
f 2351/2351/4606 2348/2348/4606 2352/2352/4606
f 2167/2167/4607 2137/2137/4564 2168/2168/4566
f 2352/2352/4608 2349/2349/4608 2350/2350/4608
f 2353/2353/4609 2352/2352/4609 2354/2354/4609
f 2352/2352/4610 2350/2350/4610 2354/2354/4610
f 2354/2354/4611 2147/2147/4611 2169/2169/4611
f 2356/2356/4612 2354/2354/4612 2169/2169/4612
f 2356/2356/4613 2169/2169/4613 2183/2183/4613
l 1225 2357
